INFO:     Started server process [335699]
INFO:     Waiting for application startup.
2025-09-29 17:38:12,658 - backend.CompositionRoot - INFO - → ENTER backend.CompositionRoot.CompositionRoot.initialize
2025-09-29 17:38:12,658 - backend.CompositionRoot - INFO - ← EXIT backend.CompositionRoot.CompositionRoot.initialize (⏱️ 0.000s)
2025-09-29 17:38:12,658 - backend.CompositionRoot - INFO - 🚀 Initializing QUALIA.CODE CompositionRoot...
2025-09-29 17:38:13,007 - backend.CompositionRoot - INFO - ✅ Created shared EGL OpenGL context
2025-09-29 17:38:13,020 - backend.services.SecurityService - INFO - SecurityService initialized with auth_enabled=False
2025-09-29 17:38:13,132 - backend.engine.qualia_particle_engine - INFO - → ENTER backend.engine.qualia_particle_engine.QualiaParticleEngine._initialize_shader
2025-09-29 17:38:13,132 - backend.engine.qualia_particle_engine - INFO - 🔧 Compiling and linking GLSL shaders...
2025-09-29 17:38:13,133 - backend.engine.qualia_particle_engine - INFO - 🔍 Shader introspection complete: 1 uniforms, format: f
2025-09-29 17:38:13,136 - backend.engine.qualia_particle_engine - INFO - ✅ Shaders compiled and linked successfully.
2025-09-29 17:38:13,136 - backend.engine.qualia_particle_engine - INFO - 🔍 Detected uniforms in shader program: []
2025-09-29 17:38:13,136 - backend.engine.qualia_particle_engine - INFO - ← EXIT backend.engine.qualia_particle_engine.QualiaParticleEngine._initialize_shader (⏱️ 0.005s)
2025-09-29 17:38:13,136 - backend.engine.qualia_particle_engine - INFO - QualiaParticleEngine initialized (max_particles=10000)
2025-09-29 17:38:13,136 - backend.engine.qualia_particle_engine - INFO - → ENTER backend.engine.qualia_particle_engine.QualiaParticleEngine.start
2025-09-29 17:38:13,137 - backend.engine.qualia_particle_engine - INFO - → ENTER backend.engine.qualia_particle_engine.QualiaParticleEngine._start_autonomous_simulation
2025-09-29 17:38:13,137 - backend.engine.qualia_particle_engine - INFO - 🎯 Started autonomous simulation loop at 60.0fps
2025-09-29 17:38:13,137 - backend.engine.qualia_particle_engine - INFO - ← EXIT backend.engine.qualia_particle_engine.QualiaParticleEngine._start_autonomous_simulation (⏱️ 0.000s)
2025-09-29 17:38:13,137 - backend.engine.qualia_particle_engine - INFO - 🎆 QualiaParticleEngine started with autonomous simulation loop and subscribed to QualiaState events
2025-09-29 17:38:13,137 - backend.engine.qualia_particle_engine - INFO - ← EXIT backend.engine.qualia_particle_engine.QualiaParticleEngine.start (⏱️ 0.000s)
2025-09-29 17:38:13,162 - backend.services.RenderingService - INFO - RenderingService graphics resources initialized
2025-09-29 17:38:13,168 - backend.CompositionRoot - INFO - ✅ CompositionRoot initialization complete
2025-09-29 17:38:13,168 - backend.api.routes - INFO - ✅ QUALIA.CODE services initialized successfully on startup
2025-09-29 17:38:13,168 - backend.engine.qualia_particle_engine - WARNING - Cannot compute: buffers not initialized or shader missing
INFO:     Application startup complete.
INFO:     Uvicorn running on http://127.0.0.1:8000 (Press CTRL+C to quit)
2025-09-29 17:38:13,185 - backend.engine.qualia_particle_engine - WARNING - Cannot compute: buffers not initialized or shader missing
2025-09-29 17:38:13,201 - backend.engine.qualia_particle_engine - WARNING - Cannot compute: buffers not initialized or shader missing
2025-09-29 17:38:13,218 - backend.engine.qualia_particle_engine - WARNING - Cannot compute: buffers not initialized or shader missing
2025-09-29 17:38:13,234 - backend.engine.qualia_particle_engine - WARNING - Cannot compute: buffers not initialized or shader missing
2025-09-29 17:38:13,250 - backend.engine.qualia_particle_engine - WARNING - Cannot compute: buffers not initialized or shader missing
2025-09-29 17:38:13,267 - backend.engine.qualia_particle_engine - WARNING - Cannot compute: buffers not initialized or shader missing
2025-09-29 17:38:13,283 - backend.engine.qualia_particle_engine - WARNING - Cannot compute: buffers not initialized or shader missing
2025-09-29 17:38:13,300 - backend.engine.qualia_particle_engine - WARNING - Cannot compute: buffers not initialized or shader missing
2025-09-29 17:38:13,316 - backend.engine.qualia_particle_engine - WARNING - Cannot compute: buffers not initialized or shader missing
2025-09-29 17:38:13,333 - backend.engine.qualia_particle_engine - WARNING - Cannot compute: buffers not initialized or shader missing
2025-09-29 17:38:13,350 - backend.engine.qualia_particle_engine - WARNING - Cannot compute: buffers not initialized or shader missing
2025-09-29 17:38:13,366 - backend.engine.qualia_particle_engine - WARNING - Cannot compute: buffers not initialized or shader missing
2025-09-29 17:38:13,383 - backend.engine.qualia_particle_engine - WARNING - Cannot compute: buffers not initialized or shader missing
2025-09-29 17:38:13,399 - backend.engine.qualia_particle_engine - WARNING - Cannot compute: buffers not initialized or shader missing
2025-09-29 17:38:13,415 - backend.engine.qualia_particle_engine - WARNING - Cannot compute: buffers not initialized or shader missing
2025-09-29 17:38:13,432 - backend.engine.qualia_particle_engine - WARNING - Cannot compute: buffers not initialized or shader missing
2025-09-29 17:38:13,448 - backend.engine.qualia_particle_engine - WARNING - Cannot compute: buffers not initialized or shader missing
2025-09-29 17:38:13,465 - backend.engine.qualia_particle_engine - WARNING - Cannot compute: buffers not initialized or shader missing
2025-09-29 17:38:13,481 - backend.engine.qualia_particle_engine - WARNING - Cannot compute: buffers not initialized or shader missing
2025-09-29 17:38:13,498 - backend.engine.qualia_particle_engine - WARNING - Cannot compute: buffers not initialized or shader missing
2025-09-29 17:38:13,514 - backend.engine.qualia_particle_engine - WARNING - Cannot compute: buffers not initialized or shader missing
2025-09-29 17:38:13,530 - backend.engine.qualia_particle_engine - WARNING - Cannot compute: buffers not initialized or shader missing
2025-09-29 17:38:13,547 - backend.engine.qualia_particle_engine - WARNING - Cannot compute: buffers not initialized or shader missing
2025-09-29 17:38:13,563 - backend.engine.qualia_particle_engine - WARNING - Cannot compute: buffers not initialized or shader missing
2025-09-29 17:38:13,580 - backend.engine.qualia_particle_engine - WARNING - Cannot compute: buffers not initialized or shader missing
2025-09-29 17:38:13,596 - backend.engine.qualia_particle_engine - WARNING - Cannot compute: buffers not initialized or shader missing
2025-09-29 17:38:13,613 - backend.engine.qualia_particle_engine - WARNING - Cannot compute: buffers not initialized or shader missing
2025-09-29 17:38:13,629 - backend.engine.qualia_particle_engine - WARNING - Cannot compute: buffers not initialized or shader missing
2025-09-29 17:38:13,646 - backend.engine.qualia_particle_engine - WARNING - Cannot compute: buffers not initialized or shader missing
2025-09-29 17:38:13,662 - backend.engine.qualia_particle_engine - WARNING - Cannot compute: buffers not initialized or shader missing
2025-09-29 17:38:13,679 - backend.engine.qualia_particle_engine - WARNING - Cannot compute: buffers not initialized or shader missing
2025-09-29 17:38:13,695 - backend.engine.qualia_particle_engine - WARNING - Cannot compute: buffers not initialized or shader missing
2025-09-29 17:38:13,711 - backend.engine.qualia_particle_engine - WARNING - Cannot compute: buffers not initialized or shader missing
2025-09-29 17:38:13,728 - backend.engine.qualia_particle_engine - WARNING - Cannot compute: buffers not initialized or shader missing
2025-09-29 17:38:13,744 - backend.engine.qualia_particle_engine - WARNING - Cannot compute: buffers not initialized or shader missing
2025-09-29 17:38:13,760 - backend.engine.qualia_particle_engine - WARNING - Cannot compute: buffers not initialized or shader missing
2025-09-29 17:38:13,777 - backend.engine.qualia_particle_engine - WARNING - Cannot compute: buffers not initialized or shader missing
2025-09-29 17:38:13,794 - backend.engine.qualia_particle_engine - WARNING - Cannot compute: buffers not initialized or shader missing
🎵 Starting Qualia Tempo Visual Engine (QUALIA.CODE v1.0)...
🔥 Backend ready to receive rhythm data from frontend
🌟 Visual effects generated via EventBus architecture

Backend running on: http://127.0.0.1:8000
API Documentation: http://127.0.0.1:8000/docs
Architecture: IoC + EventBus + Dependency Injection

INFO:     127.0.0.1:54842 - "GET /health HTTP/1.1" 200 OK
2025-09-29 17:38:13,810 - backend.engine.qualia_particle_engine - WARNING - Cannot compute: buffers not initialized or shader missing
2025-09-29 17:38:13,826 - backend.engine.qualia_particle_engine - WARNING - Cannot compute: buffers not initialized or shader missing
2025-09-29 17:38:13,843 - backend.engine.qualia_particle_engine - WARNING - Cannot compute: buffers not initialized or shader missing
2025-09-29 17:38:13,859 - backend.engine.qualia_particle_engine - WARNING - Cannot compute: buffers not initialized or shader missing
2025-09-29 17:38:13,876 - backend.engine.qualia_particle_engine - WARNING - Cannot compute: buffers not initialized or shader missing
2025-09-29 17:38:13,892 - backend.engine.qualia_particle_engine - WARNING - Cannot compute: buffers not initialized or shader missing
2025-09-29 17:38:13,909 - backend.engine.qualia_particle_engine - WARNING - Cannot compute: buffers not initialized or shader missing
2025-09-29 17:38:13,925 - backend.engine.qualia_particle_engine - WARNING - Cannot compute: buffers not initialized or shader missing
2025-09-29 17:38:13,942 - backend.engine.qualia_particle_engine - WARNING - Cannot compute: buffers not initialized or shader missing
2025-09-29 17:38:13,958 - backend.engine.qualia_particle_engine - WARNING - Cannot compute: buffers not initialized or shader missing
2025-09-29 17:38:13,974 - backend.engine.qualia_particle_engine - WARNING - Cannot compute: buffers not initialized or shader missing
2025-09-29 17:38:13,992 - backend.engine.qualia_particle_engine - WARNING - Cannot compute: buffers not initialized or shader missing
2025-09-29 17:38:14,008 - backend.engine.qualia_particle_engine - WARNING - Cannot compute: buffers not initialized or shader missing
2025-09-29 17:38:14,024 - backend.engine.qualia_particle_engine - WARNING - Cannot compute: buffers not initialized or shader missing
2025-09-29 17:38:14,041 - backend.engine.qualia_particle_engine - WARNING - Cannot compute: buffers not initialized or shader missing
2025-09-29 17:38:14,057 - backend.engine.qualia_particle_engine - WARNING - Cannot compute: buffers not initialized or shader missing
2025-09-29 17:38:14,074 - backend.engine.qualia_particle_engine - WARNING - Cannot compute: buffers not initialized or shader missing
2025-09-29 17:38:14,090 - backend.engine.qualia_particle_engine - WARNING - Cannot compute: buffers not initialized or shader missing
2025-09-29 17:38:14,106 - backend.engine.qualia_particle_engine - WARNING - Cannot compute: buffers not initialized or shader missing
2025-09-29 17:38:14,123 - backend.engine.qualia_particle_engine - WARNING - Cannot compute: buffers not initialized or shader missing
2025-09-29 17:38:14,139 - backend.engine.qualia_particle_engine - WARNING - Cannot compute: buffers not initialized or shader missing
2025-09-29 17:38:14,155 - backend.engine.qualia_particle_engine - WARNING - Cannot compute: buffers not initialized or shader missing
2025-09-29 17:38:14,172 - backend.engine.qualia_particle_engine - WARNING - Cannot compute: buffers not initialized or shader missing
2025-09-29 17:38:14,188 - backend.engine.qualia_particle_engine - WARNING - Cannot compute: buffers not initialized or shader missing
2025-09-29 17:38:14,205 - backend.engine.qualia_particle_engine - WARNING - Cannot compute: buffers not initialized or shader missing
2025-09-29 17:38:14,221 - backend.engine.qualia_particle_engine - WARNING - Cannot compute: buffers not initialized or shader missing
2025-09-29 17:38:14,237 - backend.engine.qualia_particle_engine - WARNING - Cannot compute: buffers not initialized or shader missing
2025-09-29 17:38:14,254 - backend.engine.qualia_particle_engine - WARNING - Cannot compute: buffers not initialized or shader missing
2025-09-29 17:38:14,270 - backend.engine.qualia_particle_engine - WARNING - Cannot compute: buffers not initialized or shader missing
2025-09-29 17:38:14,286 - backend.engine.qualia_particle_engine - WARNING - Cannot compute: buffers not initialized or shader missing
2025-09-29 17:38:14,303 - backend.engine.qualia_particle_engine - WARNING - Cannot compute: buffers not initialized or shader missing
2025-09-29 17:38:14,319 - backend.engine.qualia_particle_engine - WARNING - Cannot compute: buffers not initialized or shader missing
2025-09-29 17:38:14,336 - backend.engine.qualia_particle_engine - WARNING - Cannot compute: buffers not initialized or shader missing
2025-09-29 17:38:14,352 - backend.engine.qualia_particle_engine - WARNING - Cannot compute: buffers not initialized or shader missing
2025-09-29 17:38:14,368 - backend.engine.qualia_particle_engine - WARNING - Cannot compute: buffers not initialized or shader missing
2025-09-29 17:38:14,384 - backend.engine.qualia_particle_engine - WARNING - Cannot compute: buffers not initialized or shader missing
2025-09-29 17:38:14,400 - backend.engine.qualia_particle_engine - WARNING - Cannot compute: buffers not initialized or shader missing
2025-09-29 17:38:14,417 - backend.engine.qualia_particle_engine - WARNING - Cannot compute: buffers not initialized or shader missing
2025-09-29 17:38:14,433 - backend.engine.qualia_particle_engine - WARNING - Cannot compute: buffers not initialized or shader missing
2025-09-29 17:38:14,449 - backend.engine.qualia_particle_engine - WARNING - Cannot compute: buffers not initialized or shader missing
2025-09-29 17:38:14,466 - backend.engine.qualia_particle_engine - WARNING - Cannot compute: buffers not initialized or shader missing
2025-09-29 17:38:14,482 - backend.engine.qualia_particle_engine - WARNING - Cannot compute: buffers not initialized or shader missing
2025-09-29 17:38:14,499 - backend.engine.qualia_particle_engine - WARNING - Cannot compute: buffers not initialized or shader missing
2025-09-29 17:38:14,515 - backend.engine.qualia_particle_engine - WARNING - Cannot compute: buffers not initialized or shader missing
2025-09-29 17:38:14,532 - backend.engine.qualia_particle_engine - WARNING - Cannot compute: buffers not initialized or shader missing
2025-09-29 17:38:14,548 - backend.engine.qualia_particle_engine - WARNING - Cannot compute: buffers not initialized or shader missing
2025-09-29 17:38:14,564 - backend.engine.qualia_particle_engine - WARNING - Cannot compute: buffers not initialized or shader missing
2025-09-29 17:38:14,581 - backend.engine.qualia_particle_engine - WARNING - Cannot compute: buffers not initialized or shader missing
2025-09-29 17:38:14,597 - backend.engine.qualia_particle_engine - WARNING - Cannot compute: buffers not initialized or shader missing
2025-09-29 17:38:14,613 - backend.engine.qualia_particle_engine - WARNING - Cannot compute: buffers not initialized or shader missing
2025-09-29 17:38:14,629 - backend.engine.qualia_particle_engine - WARNING - Cannot compute: buffers not initialized or shader missing
2025-09-29 17:38:14,645 - backend.engine.qualia_particle_engine - WARNING - Cannot compute: buffers not initialized or shader missing
2025-09-29 17:38:14,662 - backend.engine.qualia_particle_engine - WARNING - Cannot compute: buffers not initialized or shader missing
2025-09-29 17:38:14,679 - backend.engine.qualia_particle_engine - WARNING - Cannot compute: buffers not initialized or shader missing
2025-09-29 17:38:14,696 - backend.engine.qualia_particle_engine - WARNING - Cannot compute: buffers not initialized or shader missing
2025-09-29 17:38:14,712 - backend.engine.qualia_particle_engine - WARNING - Cannot compute: buffers not initialized or shader missing
2025-09-29 17:38:14,728 - backend.engine.qualia_particle_engine - WARNING - Cannot compute: buffers not initialized or shader missing
2025-09-29 17:38:14,745 - backend.engine.qualia_particle_engine - WARNING - Cannot compute: buffers not initialized or shader missing
2025-09-29 17:38:14,761 - backend.engine.qualia_particle_engine - WARNING - Cannot compute: buffers not initialized or shader missing
2025-09-29 17:38:14,777 - backend.engine.qualia_particle_engine - WARNING - Cannot compute: buffers not initialized or shader missing
2025-09-29 17:38:14,793 - backend.engine.qualia_particle_engine - WARNING - Cannot compute: buffers not initialized or shader missing
2025-09-29 17:38:14,810 - backend.engine.qualia_particle_engine - WARNING - Cannot compute: buffers not initialized or shader missing
2025-09-29 17:38:14,826 - backend.engine.qualia_particle_engine - WARNING - Cannot compute: buffers not initialized or shader missing
2025-09-29 17:38:14,842 - backend.engine.qualia_particle_engine - WARNING - Cannot compute: buffers not initialized or shader missing
2025-09-29 17:38:14,859 - backend.engine.qualia_particle_engine - WARNING - Cannot compute: buffers not initialized or shader missing
2025-09-29 17:38:14,875 - backend.engine.qualia_particle_engine - WARNING - Cannot compute: buffers not initialized or shader missing
2025-09-29 17:38:14,892 - backend.engine.qualia_particle_engine - WARNING - Cannot compute: buffers not initialized or shader missing
2025-09-29 17:38:14,908 - backend.engine.qualia_particle_engine - WARNING - Cannot compute: buffers not initialized or shader missing
2025-09-29 17:38:14,924 - backend.engine.qualia_particle_engine - WARNING - Cannot compute: buffers not initialized or shader missing
2025-09-29 17:38:14,941 - backend.engine.qualia_particle_engine - WARNING - Cannot compute: buffers not initialized or shader missing
2025-09-29 17:38:14,957 - backend.engine.qualia_particle_engine - WARNING - Cannot compute: buffers not initialized or shader missing
2025-09-29 17:38:14,973 - backend.engine.qualia_particle_engine - WARNING - Cannot compute: buffers not initialized or shader missing
2025-09-29 17:38:14,989 - backend.engine.qualia_particle_engine - WARNING - Cannot compute: buffers not initialized or shader missing
2025-09-29 17:38:15,006 - backend.engine.qualia_particle_engine - WARNING - Cannot compute: buffers not initialized or shader missing
2025-09-29 17:38:15,022 - backend.engine.qualia_particle_engine - WARNING - Cannot compute: buffers not initialized or shader missing
2025-09-29 17:38:15,038 - backend.engine.qualia_particle_engine - WARNING - Cannot compute: buffers not initialized or shader missing
2025-09-29 17:38:15,055 - backend.engine.qualia_particle_engine - WARNING - Cannot compute: buffers not initialized or shader missing
2025-09-29 17:38:15,071 - backend.engine.qualia_particle_engine - WARNING - Cannot compute: buffers not initialized or shader missing
2025-09-29 17:38:15,088 - backend.engine.qualia_particle_engine - WARNING - Cannot compute: buffers not initialized or shader missing
2025-09-29 17:38:15,104 - backend.engine.qualia_particle_engine - WARNING - Cannot compute: buffers not initialized or shader missing
2025-09-29 17:38:15,120 - backend.engine.qualia_particle_engine - WARNING - Cannot compute: buffers not initialized or shader missing
2025-09-29 17:38:15,137 - backend.engine.qualia_particle_engine - WARNING - Cannot compute: buffers not initialized or shader missing
2025-09-29 17:38:15,153 - backend.engine.qualia_particle_engine - WARNING - Cannot compute: buffers not initialized or shader missing
2025-09-29 17:38:15,170 - backend.engine.qualia_particle_engine - WARNING - Cannot compute: buffers not initialized or shader missing
2025-09-29 17:38:15,186 - backend.engine.qualia_particle_engine - WARNING - Cannot compute: buffers not initialized or shader missing
2025-09-29 17:38:15,203 - backend.engine.qualia_particle_engine - WARNING - Cannot compute: buffers not initialized or shader missing
2025-09-29 17:38:15,219 - backend.engine.qualia_particle_engine - WARNING - Cannot compute: buffers not initialized or shader missing
2025-09-29 17:38:15,236 - backend.engine.qualia_particle_engine - WARNING - Cannot compute: buffers not initialized or shader missing
2025-09-29 17:38:15,252 - backend.engine.qualia_particle_engine - WARNING - Cannot compute: buffers not initialized or shader missing
2025-09-29 17:38:15,268 - backend.engine.qualia_particle_engine - WARNING - Cannot compute: buffers not initialized or shader missing
2025-09-29 17:38:15,285 - backend.engine.qualia_particle_engine - WARNING - Cannot compute: buffers not initialized or shader missing
2025-09-29 17:38:15,301 - backend.engine.qualia_particle_engine - WARNING - Cannot compute: buffers not initialized or shader missing
2025-09-29 17:38:15,318 - backend.engine.qualia_particle_engine - WARNING - Cannot compute: buffers not initialized or shader missing
2025-09-29 17:38:15,334 - backend.engine.qualia_particle_engine - WARNING - Cannot compute: buffers not initialized or shader missing
2025-09-29 17:38:15,351 - backend.engine.qualia_particle_engine - WARNING - Cannot compute: buffers not initialized or shader missing
2025-09-29 17:38:15,367 - backend.engine.qualia_particle_engine - WARNING - Cannot compute: buffers not initialized or shader missing
2025-09-29 17:38:15,384 - backend.engine.qualia_particle_engine - WARNING - Cannot compute: buffers not initialized or shader missing
2025-09-29 17:38:15,400 - backend.engine.qualia_particle_engine - WARNING - Cannot compute: buffers not initialized or shader missing
2025-09-29 17:38:15,417 - backend.engine.qualia_particle_engine - WARNING - Cannot compute: buffers not initialized or shader missing
2025-09-29 17:38:15,433 - backend.engine.qualia_particle_engine - WARNING - Cannot compute: buffers not initialized or shader missing
2025-09-29 17:38:15,449 - backend.engine.qualia_particle_engine - WARNING - Cannot compute: buffers not initialized or shader missing
2025-09-29 17:38:15,466 - backend.engine.qualia_particle_engine - WARNING - Cannot compute: buffers not initialized or shader missing
2025-09-29 17:38:15,482 - backend.engine.qualia_particle_engine - WARNING - Cannot compute: buffers not initialized or shader missing
2025-09-29 17:38:15,499 - backend.engine.qualia_particle_engine - WARNING - Cannot compute: buffers not initialized or shader missing
2025-09-29 17:38:15,515 - backend.engine.qualia_particle_engine - WARNING - Cannot compute: buffers not initialized or shader missing
2025-09-29 17:38:15,532 - backend.engine.qualia_particle_engine - WARNING - Cannot compute: buffers not initialized or shader missing
2025-09-29 17:38:15,548 - backend.engine.qualia_particle_engine - WARNING - Cannot compute: buffers not initialized or shader missing
2025-09-29 17:38:15,565 - backend.engine.qualia_particle_engine - WARNING - Cannot compute: buffers not initialized or shader missing
2025-09-29 17:38:15,581 - backend.engine.qualia_particle_engine - WARNING - Cannot compute: buffers not initialized or shader missing
2025-09-29 17:38:15,598 - backend.engine.qualia_particle_engine - WARNING - Cannot compute: buffers not initialized or shader missing
2025-09-29 17:38:15,614 - backend.engine.qualia_particle_engine - WARNING - Cannot compute: buffers not initialized or shader missing
2025-09-29 17:38:15,631 - backend.engine.qualia_particle_engine - WARNING - Cannot compute: buffers not initialized or shader missing
2025-09-29 17:38:15,647 - backend.engine.qualia_particle_engine - WARNING - Cannot compute: buffers not initialized or shader missing
2025-09-29 17:38:15,663 - backend.engine.qualia_particle_engine - WARNING - Cannot compute: buffers not initialized or shader missing
2025-09-29 17:38:15,680 - backend.engine.qualia_particle_engine - WARNING - Cannot compute: buffers not initialized or shader missing
2025-09-29 17:38:15,696 - backend.engine.qualia_particle_engine - WARNING - Cannot compute: buffers not initialized or shader missing
2025-09-29 17:38:15,713 - backend.engine.qualia_particle_engine - WARNING - Cannot compute: buffers not initialized or shader missing
2025-09-29 17:38:15,729 - backend.engine.qualia_particle_engine - WARNING - Cannot compute: buffers not initialized or shader missing
2025-09-29 17:38:15,746 - backend.engine.qualia_particle_engine - WARNING - Cannot compute: buffers not initialized or shader missing
2025-09-29 17:38:15,762 - backend.engine.qualia_particle_engine - WARNING - Cannot compute: buffers not initialized or shader missing
2025-09-29 17:38:15,779 - backend.engine.qualia_particle_engine - WARNING - Cannot compute: buffers not initialized or shader missing
2025-09-29 17:38:15,795 - backend.engine.qualia_particle_engine - WARNING - Cannot compute: buffers not initialized or shader missing
2025-09-29 17:38:15,811 - backend.engine.qualia_particle_engine - WARNING - Cannot compute: buffers not initialized or shader missing
2025-09-29 17:38:15,828 - backend.engine.qualia_particle_engine - WARNING - Cannot compute: buffers not initialized or shader missing
2025-09-29 17:38:15,844 - backend.engine.qualia_particle_engine - WARNING - Cannot compute: buffers not initialized or shader missing
2025-09-29 17:38:15,861 - backend.engine.qualia_particle_engine - WARNING - Cannot compute: buffers not initialized or shader missing
2025-09-29 17:38:15,877 - backend.engine.qualia_particle_engine - WARNING - Cannot compute: buffers not initialized or shader missing
2025-09-29 17:38:15,894 - backend.engine.qualia_particle_engine - WARNING - Cannot compute: buffers not initialized or shader missing
2025-09-29 17:38:15,910 - backend.engine.qualia_particle_engine - WARNING - Cannot compute: buffers not initialized or shader missing
2025-09-29 17:38:15,927 - backend.engine.qualia_particle_engine - WARNING - Cannot compute: buffers not initialized or shader missing
2025-09-29 17:38:15,943 - backend.engine.qualia_particle_engine - WARNING - Cannot compute: buffers not initialized or shader missing
2025-09-29 17:38:15,959 - backend.engine.qualia_particle_engine - WARNING - Cannot compute: buffers not initialized or shader missing
2025-09-29 17:38:15,976 - backend.engine.qualia_particle_engine - WARNING - Cannot compute: buffers not initialized or shader missing
2025-09-29 17:38:15,992 - backend.engine.qualia_particle_engine - WARNING - Cannot compute: buffers not initialized or shader missing
2025-09-29 17:38:16,009 - backend.engine.qualia_particle_engine - WARNING - Cannot compute: buffers not initialized or shader missing
2025-09-29 17:38:16,025 - backend.engine.qualia_particle_engine - WARNING - Cannot compute: buffers not initialized or shader missing
2025-09-29 17:38:16,042 - backend.engine.qualia_particle_engine - WARNING - Cannot compute: buffers not initialized or shader missing
2025-09-29 17:38:16,058 - backend.engine.qualia_particle_engine - WARNING - Cannot compute: buffers not initialized or shader missing
2025-09-29 17:38:16,075 - backend.engine.qualia_particle_engine - WARNING - Cannot compute: buffers not initialized or shader missing
2025-09-29 17:38:16,091 - backend.engine.qualia_particle_engine - WARNING - Cannot compute: buffers not initialized or shader missing
2025-09-29 17:38:16,107 - backend.engine.qualia_particle_engine - WARNING - Cannot compute: buffers not initialized or shader missing
2025-09-29 17:38:16,124 - backend.engine.qualia_particle_engine - WARNING - Cannot compute: buffers not initialized or shader missing
2025-09-29 17:38:16,140 - backend.engine.qualia_particle_engine - WARNING - Cannot compute: buffers not initialized or shader missing
2025-09-29 17:38:16,156 - backend.engine.qualia_particle_engine - WARNING - Cannot compute: buffers not initialized or shader missing
2025-09-29 17:38:16,173 - backend.engine.qualia_particle_engine - WARNING - Cannot compute: buffers not initialized or shader missing
2025-09-29 17:38:16,189 - backend.engine.qualia_particle_engine - WARNING - Cannot compute: buffers not initialized or shader missing
2025-09-29 17:38:16,206 - backend.engine.qualia_particle_engine - WARNING - Cannot compute: buffers not initialized or shader missing
2025-09-29 17:38:16,222 - backend.engine.qualia_particle_engine - WARNING - Cannot compute: buffers not initialized or shader missing
2025-09-29 17:38:16,239 - backend.engine.qualia_particle_engine - WARNING - Cannot compute: buffers not initialized or shader missing
2025-09-29 17:38:16,255 - backend.engine.qualia_particle_engine - WARNING - Cannot compute: buffers not initialized or shader missing
2025-09-29 17:38:16,272 - backend.engine.qualia_particle_engine - WARNING - Cannot compute: buffers not initialized or shader missing
2025-09-29 17:38:16,288 - backend.engine.qualia_particle_engine - WARNING - Cannot compute: buffers not initialized or shader missing
2025-09-29 17:38:16,304 - backend.engine.qualia_particle_engine - WARNING - Cannot compute: buffers not initialized or shader missing
2025-09-29 17:38:16,321 - backend.engine.qualia_particle_engine - WARNING - Cannot compute: buffers not initialized or shader missing
2025-09-29 17:38:16,337 - backend.engine.qualia_particle_engine - WARNING - Cannot compute: buffers not initialized or shader missing
2025-09-29 17:38:16,353 - backend.engine.qualia_particle_engine - WARNING - Cannot compute: buffers not initialized or shader missing
2025-09-29 17:38:16,369 - backend.engine.qualia_particle_engine - WARNING - Cannot compute: buffers not initialized or shader missing
2025-09-29 17:38:16,385 - backend.engine.qualia_particle_engine - WARNING - Cannot compute: buffers not initialized or shader missing
2025-09-29 17:38:16,401 - backend.engine.qualia_particle_engine - WARNING - Cannot compute: buffers not initialized or shader missing
2025-09-29 17:38:16,418 - backend.engine.qualia_particle_engine - WARNING - Cannot compute: buffers not initialized or shader missing
2025-09-29 17:38:16,434 - backend.engine.qualia_particle_engine - WARNING - Cannot compute: buffers not initialized or shader missing
2025-09-29 17:38:16,452 - backend.engine.qualia_particle_engine - WARNING - Cannot compute: buffers not initialized or shader missing
2025-09-29 17:38:16,468 - backend.engine.qualia_particle_engine - WARNING - Cannot compute: buffers not initialized or shader missing
2025-09-29 17:38:16,484 - backend.engine.qualia_particle_engine - WARNING - Cannot compute: buffers not initialized or shader missing
2025-09-29 17:38:16,500 - backend.engine.qualia_particle_engine - WARNING - Cannot compute: buffers not initialized or shader missing
2025-09-29 17:38:16,517 - backend.engine.qualia_particle_engine - WARNING - Cannot compute: buffers not initialized or shader missing
2025-09-29 17:38:16,533 - backend.engine.qualia_particle_engine - WARNING - Cannot compute: buffers not initialized or shader missing
2025-09-29 17:38:16,550 - backend.engine.qualia_particle_engine - WARNING - Cannot compute: buffers not initialized or shader missing
2025-09-29 17:38:16,566 - backend.engine.qualia_particle_engine - WARNING - Cannot compute: buffers not initialized or shader missing
2025-09-29 17:38:16,583 - backend.engine.qualia_particle_engine - WARNING - Cannot compute: buffers not initialized or shader missing
2025-09-29 17:38:16,599 - backend.engine.qualia_particle_engine - WARNING - Cannot compute: buffers not initialized or shader missing
2025-09-29 17:38:16,615 - backend.engine.qualia_particle_engine - WARNING - Cannot compute: buffers not initialized or shader missing
2025-09-29 17:38:16,632 - backend.engine.qualia_particle_engine - WARNING - Cannot compute: buffers not initialized or shader missing
2025-09-29 17:38:16,648 - backend.engine.qualia_particle_engine - WARNING - Cannot compute: buffers not initialized or shader missing
2025-09-29 17:38:16,665 - backend.engine.qualia_particle_engine - WARNING - Cannot compute: buffers not initialized or shader missing
2025-09-29 17:38:16,681 - backend.engine.qualia_particle_engine - WARNING - Cannot compute: buffers not initialized or shader missing
2025-09-29 17:38:16,698 - backend.engine.qualia_particle_engine - WARNING - Cannot compute: buffers not initialized or shader missing
2025-09-29 17:38:16,714 - backend.engine.qualia_particle_engine - WARNING - Cannot compute: buffers not initialized or shader missing
2025-09-29 17:38:16,731 - backend.engine.qualia_particle_engine - WARNING - Cannot compute: buffers not initialized or shader missing
2025-09-29 17:38:16,747 - backend.engine.qualia_particle_engine - WARNING - Cannot compute: buffers not initialized or shader missing
2025-09-29 17:38:16,764 - backend.engine.qualia_particle_engine - WARNING - Cannot compute: buffers not initialized or shader missing
2025-09-29 17:38:16,780 - backend.engine.qualia_particle_engine - WARNING - Cannot compute: buffers not initialized or shader missing
2025-09-29 17:38:16,797 - backend.engine.qualia_particle_engine - WARNING - Cannot compute: buffers not initialized or shader missing
2025-09-29 17:38:16,813 - backend.engine.qualia_particle_engine - WARNING - Cannot compute: buffers not initialized or shader missing
2025-09-29 17:38:16,830 - backend.engine.qualia_particle_engine - WARNING - Cannot compute: buffers not initialized or shader missing
2025-09-29 17:38:16,846 - backend.engine.qualia_particle_engine - WARNING - Cannot compute: buffers not initialized or shader missing
2025-09-29 17:38:16,862 - backend.engine.qualia_particle_engine - WARNING - Cannot compute: buffers not initialized or shader missing
2025-09-29 17:38:16,879 - backend.engine.qualia_particle_engine - WARNING - Cannot compute: buffers not initialized or shader missing
2025-09-29 17:38:16,895 - backend.engine.qualia_particle_engine - WARNING - Cannot compute: buffers not initialized or shader missing
2025-09-29 17:38:16,912 - backend.engine.qualia_particle_engine - WARNING - Cannot compute: buffers not initialized or shader missing
2025-09-29 17:38:16,928 - backend.engine.qualia_particle_engine - WARNING - Cannot compute: buffers not initialized or shader missing
2025-09-29 17:38:16,945 - backend.engine.qualia_particle_engine - WARNING - Cannot compute: buffers not initialized or shader missing
2025-09-29 17:38:16,961 - backend.engine.qualia_particle_engine - WARNING - Cannot compute: buffers not initialized or shader missing
2025-09-29 17:38:16,978 - backend.engine.qualia_particle_engine - WARNING - Cannot compute: buffers not initialized or shader missing
2025-09-29 17:38:16,994 - backend.engine.qualia_particle_engine - WARNING - Cannot compute: buffers not initialized or shader missing
2025-09-29 17:38:17,010 - backend.engine.qualia_particle_engine - WARNING - Cannot compute: buffers not initialized or shader missing
2025-09-29 17:38:17,027 - backend.engine.qualia_particle_engine - WARNING - Cannot compute: buffers not initialized or shader missing
2025-09-29 17:38:17,043 - backend.engine.qualia_particle_engine - WARNING - Cannot compute: buffers not initialized or shader missing
2025-09-29 17:38:17,060 - backend.engine.qualia_particle_engine - WARNING - Cannot compute: buffers not initialized or shader missing
2025-09-29 17:38:17,076 - backend.engine.qualia_particle_engine - WARNING - Cannot compute: buffers not initialized or shader missing
2025-09-29 17:38:17,093 - backend.engine.qualia_particle_engine - WARNING - Cannot compute: buffers not initialized or shader missing
2025-09-29 17:38:17,109 - backend.engine.qualia_particle_engine - WARNING - Cannot compute: buffers not initialized or shader missing
2025-09-29 17:38:17,126 - backend.engine.qualia_particle_engine - WARNING - Cannot compute: buffers not initialized or shader missing
2025-09-29 17:38:17,142 - backend.engine.qualia_particle_engine - WARNING - Cannot compute: buffers not initialized or shader missing
2025-09-29 17:38:17,159 - backend.engine.qualia_particle_engine - WARNING - Cannot compute: buffers not initialized or shader missing
2025-09-29 17:38:17,175 - backend.engine.qualia_particle_engine - WARNING - Cannot compute: buffers not initialized or shader missing
2025-09-29 17:38:17,192 - backend.engine.qualia_particle_engine - WARNING - Cannot compute: buffers not initialized or shader missing
2025-09-29 17:38:17,208 - backend.engine.qualia_particle_engine - WARNING - Cannot compute: buffers not initialized or shader missing
2025-09-29 17:38:17,224 - backend.engine.qualia_particle_engine - WARNING - Cannot compute: buffers not initialized or shader missing
2025-09-29 17:38:17,241 - backend.engine.qualia_particle_engine - WARNING - Cannot compute: buffers not initialized or shader missing
2025-09-29 17:38:17,257 - backend.engine.qualia_particle_engine - WARNING - Cannot compute: buffers not initialized or shader missing
2025-09-29 17:38:17,274 - backend.engine.qualia_particle_engine - WARNING - Cannot compute: buffers not initialized or shader missing
2025-09-29 17:38:17,290 - backend.engine.qualia_particle_engine - WARNING - Cannot compute: buffers not initialized or shader missing
2025-09-29 17:38:17,307 - backend.engine.qualia_particle_engine - WARNING - Cannot compute: buffers not initialized or shader missing
2025-09-29 17:38:17,323 - backend.engine.qualia_particle_engine - WARNING - Cannot compute: buffers not initialized or shader missing
2025-09-29 17:38:17,340 - backend.engine.qualia_particle_engine - WARNING - Cannot compute: buffers not initialized or shader missing
2025-09-29 17:38:17,356 - backend.engine.qualia_particle_engine - WARNING - Cannot compute: buffers not initialized or shader missing
2025-09-29 17:38:17,373 - backend.engine.qualia_particle_engine - WARNING - Cannot compute: buffers not initialized or shader missing
2025-09-29 17:38:17,389 - backend.engine.qualia_particle_engine - WARNING - Cannot compute: buffers not initialized or shader missing
2025-09-29 17:38:17,405 - backend.engine.qualia_particle_engine - WARNING - Cannot compute: buffers not initialized or shader missing
2025-09-29 17:38:17,422 - backend.engine.qualia_particle_engine - WARNING - Cannot compute: buffers not initialized or shader missing
2025-09-29 17:38:17,438 - backend.engine.qualia_particle_engine - WARNING - Cannot compute: buffers not initialized or shader missing
2025-09-29 17:38:17,455 - backend.engine.qualia_particle_engine - WARNING - Cannot compute: buffers not initialized or shader missing
2025-09-29 17:38:17,471 - backend.engine.qualia_particle_engine - WARNING - Cannot compute: buffers not initialized or shader missing
2025-09-29 17:38:17,488 - backend.engine.qualia_particle_engine - WARNING - Cannot compute: buffers not initialized or shader missing
2025-09-29 17:38:17,504 - backend.engine.qualia_particle_engine - WARNING - Cannot compute: buffers not initialized or shader missing
2025-09-29 17:38:17,522 - backend.engine.qualia_particle_engine - WARNING - Cannot compute: buffers not initialized or shader missing
2025-09-29 17:38:17,538 - backend.engine.qualia_particle_engine - WARNING - Cannot compute: buffers not initialized or shader missing
2025-09-29 17:38:17,555 - backend.engine.qualia_particle_engine - WARNING - Cannot compute: buffers not initialized or shader missing
2025-09-29 17:38:17,571 - backend.engine.qualia_particle_engine - WARNING - Cannot compute: buffers not initialized or shader missing
2025-09-29 17:38:17,588 - backend.engine.qualia_particle_engine - WARNING - Cannot compute: buffers not initialized or shader missing
2025-09-29 17:38:17,604 - backend.engine.qualia_particle_engine - WARNING - Cannot compute: buffers not initialized or shader missing
2025-09-29 17:38:17,620 - backend.engine.qualia_particle_engine - WARNING - Cannot compute: buffers not initialized or shader missing
2025-09-29 17:38:17,637 - backend.engine.qualia_particle_engine - WARNING - Cannot compute: buffers not initialized or shader missing
2025-09-29 17:38:17,653 - backend.engine.qualia_particle_engine - WARNING - Cannot compute: buffers not initialized or shader missing
2025-09-29 17:38:17,670 - backend.engine.qualia_particle_engine - WARNING - Cannot compute: buffers not initialized or shader missing
2025-09-29 17:38:17,686 - backend.engine.qualia_particle_engine - WARNING - Cannot compute: buffers not initialized or shader missing
2025-09-29 17:38:17,703 - backend.engine.qualia_particle_engine - WARNING - Cannot compute: buffers not initialized or shader missing
2025-09-29 17:38:17,719 - backend.engine.qualia_particle_engine - WARNING - Cannot compute: buffers not initialized or shader missing
2025-09-29 17:38:17,736 - backend.engine.qualia_particle_engine - WARNING - Cannot compute: buffers not initialized or shader missing
2025-09-29 17:38:17,752 - backend.engine.qualia_particle_engine - WARNING - Cannot compute: buffers not initialized or shader missing
2025-09-29 17:38:17,769 - backend.engine.qualia_particle_engine - WARNING - Cannot compute: buffers not initialized or shader missing
2025-09-29 17:38:17,785 - backend.engine.qualia_particle_engine - WARNING - Cannot compute: buffers not initialized or shader missing
2025-09-29 17:38:17,802 - backend.engine.qualia_particle_engine - WARNING - Cannot compute: buffers not initialized or shader missing
2025-09-29 17:38:17,818 - backend.engine.qualia_particle_engine - WARNING - Cannot compute: buffers not initialized or shader missing
2025-09-29 17:38:17,834 - backend.engine.qualia_particle_engine - WARNING - Cannot compute: buffers not initialized or shader missing
2025-09-29 17:38:17,851 - backend.engine.qualia_particle_engine - WARNING - Cannot compute: buffers not initialized or shader missing
2025-09-29 17:38:17,867 - backend.engine.qualia_particle_engine - WARNING - Cannot compute: buffers not initialized or shader missing
2025-09-29 17:38:17,884 - backend.engine.qualia_particle_engine - WARNING - Cannot compute: buffers not initialized or shader missing
2025-09-29 17:38:17,900 - backend.engine.qualia_particle_engine - WARNING - Cannot compute: buffers not initialized or shader missing
2025-09-29 17:38:17,917 - backend.engine.qualia_particle_engine - WARNING - Cannot compute: buffers not initialized or shader missing
2025-09-29 17:38:17,933 - backend.engine.qualia_particle_engine - WARNING - Cannot compute: buffers not initialized or shader missing
2025-09-29 17:38:17,950 - backend.engine.qualia_particle_engine - WARNING - Cannot compute: buffers not initialized or shader missing
2025-09-29 17:38:17,966 - backend.engine.qualia_particle_engine - WARNING - Cannot compute: buffers not initialized or shader missing
2025-09-29 17:38:17,983 - backend.engine.qualia_particle_engine - WARNING - Cannot compute: buffers not initialized or shader missing
2025-09-29 17:38:17,999 - backend.engine.qualia_particle_engine - WARNING - Cannot compute: buffers not initialized or shader missing
2025-09-29 17:38:18,016 - backend.engine.qualia_particle_engine - WARNING - Cannot compute: buffers not initialized or shader missing
2025-09-29 17:38:18,032 - backend.engine.qualia_particle_engine - WARNING - Cannot compute: buffers not initialized or shader missing
2025-09-29 17:38:18,049 - backend.engine.qualia_particle_engine - WARNING - Cannot compute: buffers not initialized or shader missing
2025-09-29 17:38:18,065 - backend.engine.qualia_particle_engine - WARNING - Cannot compute: buffers not initialized or shader missing
2025-09-29 17:38:18,082 - backend.engine.qualia_particle_engine - WARNING - Cannot compute: buffers not initialized or shader missing
2025-09-29 17:38:18,098 - backend.engine.qualia_particle_engine - WARNING - Cannot compute: buffers not initialized or shader missing
2025-09-29 17:38:18,115 - backend.engine.qualia_particle_engine - WARNING - Cannot compute: buffers not initialized or shader missing
2025-09-29 17:38:18,131 - backend.engine.qualia_particle_engine - WARNING - Cannot compute: buffers not initialized or shader missing
2025-09-29 17:38:18,147 - backend.engine.qualia_particle_engine - WARNING - Cannot compute: buffers not initialized or shader missing
2025-09-29 17:38:18,164 - backend.engine.qualia_particle_engine - WARNING - Cannot compute: buffers not initialized or shader missing
2025-09-29 17:38:18,180 - backend.engine.qualia_particle_engine - WARNING - Cannot compute: buffers not initialized or shader missing
2025-09-29 17:38:18,197 - backend.engine.qualia_particle_engine - WARNING - Cannot compute: buffers not initialized or shader missing
2025-09-29 17:38:18,213 - backend.engine.qualia_particle_engine - WARNING - Cannot compute: buffers not initialized or shader missing
2025-09-29 17:38:18,230 - backend.engine.qualia_particle_engine - WARNING - Cannot compute: buffers not initialized or shader missing
2025-09-29 17:38:18,246 - backend.engine.qualia_particle_engine - WARNING - Cannot compute: buffers not initialized or shader missing
2025-09-29 17:38:18,263 - backend.engine.qualia_particle_engine - WARNING - Cannot compute: buffers not initialized or shader missing
2025-09-29 17:38:18,279 - backend.engine.qualia_particle_engine - WARNING - Cannot compute: buffers not initialized or shader missing
2025-09-29 17:38:18,296 - backend.engine.qualia_particle_engine - WARNING - Cannot compute: buffers not initialized or shader missing
2025-09-29 17:38:18,312 - backend.engine.qualia_particle_engine - WARNING - Cannot compute: buffers not initialized or shader missing
2025-09-29 17:38:18,329 - backend.engine.qualia_particle_engine - WARNING - Cannot compute: buffers not initialized or shader missing
2025-09-29 17:38:18,345 - backend.engine.qualia_particle_engine - WARNING - Cannot compute: buffers not initialized or shader missing
2025-09-29 17:38:18,361 - backend.engine.qualia_particle_engine - WARNING - Cannot compute: buffers not initialized or shader missing
2025-09-29 17:38:18,377 - backend.engine.qualia_particle_engine - WARNING - Cannot compute: buffers not initialized or shader missing
2025-09-29 17:38:18,393 - backend.engine.qualia_particle_engine - WARNING - Cannot compute: buffers not initialized or shader missing
2025-09-29 17:38:18,410 - backend.engine.qualia_particle_engine - WARNING - Cannot compute: buffers not initialized or shader missing
2025-09-29 17:38:18,426 - backend.engine.qualia_particle_engine - WARNING - Cannot compute: buffers not initialized or shader missing
2025-09-29 17:38:18,443 - backend.engine.qualia_particle_engine - WARNING - Cannot compute: buffers not initialized or shader missing
2025-09-29 17:38:18,459 - backend.engine.qualia_particle_engine - WARNING - Cannot compute: buffers not initialized or shader missing
2025-09-29 17:38:18,476 - backend.engine.qualia_particle_engine - WARNING - Cannot compute: buffers not initialized or shader missing
2025-09-29 17:38:18,492 - backend.engine.qualia_particle_engine - WARNING - Cannot compute: buffers not initialized or shader missing
2025-09-29 17:38:18,509 - backend.engine.qualia_particle_engine - WARNING - Cannot compute: buffers not initialized or shader missing
2025-09-29 17:38:18,525 - backend.engine.qualia_particle_engine - WARNING - Cannot compute: buffers not initialized or shader missing
2025-09-29 17:38:18,542 - backend.engine.qualia_particle_engine - WARNING - Cannot compute: buffers not initialized or shader missing
2025-09-29 17:38:18,558 - backend.engine.qualia_particle_engine - WARNING - Cannot compute: buffers not initialized or shader missing
2025-09-29 17:38:18,574 - backend.engine.qualia_particle_engine - WARNING - Cannot compute: buffers not initialized or shader missing
2025-09-29 17:38:18,591 - backend.engine.qualia_particle_engine - WARNING - Cannot compute: buffers not initialized or shader missing
2025-09-29 17:38:18,607 - backend.engine.qualia_particle_engine - WARNING - Cannot compute: buffers not initialized or shader missing
2025-09-29 17:38:18,623 - backend.engine.qualia_particle_engine - WARNING - Cannot compute: buffers not initialized or shader missing
2025-09-29 17:38:18,639 - backend.engine.qualia_particle_engine - WARNING - Cannot compute: buffers not initialized or shader missing
2025-09-29 17:38:18,656 - backend.engine.qualia_particle_engine - WARNING - Cannot compute: buffers not initialized or shader missing
2025-09-29 17:38:18,672 - backend.engine.qualia_particle_engine - WARNING - Cannot compute: buffers not initialized or shader missing
2025-09-29 17:38:18,689 - backend.engine.qualia_particle_engine - WARNING - Cannot compute: buffers not initialized or shader missing
2025-09-29 17:38:18,705 - backend.engine.qualia_particle_engine - WARNING - Cannot compute: buffers not initialized or shader missing
2025-09-29 17:38:18,722 - backend.engine.qualia_particle_engine - WARNING - Cannot compute: buffers not initialized or shader missing
2025-09-29 17:38:18,738 - backend.engine.qualia_particle_engine - WARNING - Cannot compute: buffers not initialized or shader missing
2025-09-29 17:38:18,754 - backend.engine.qualia_particle_engine - WARNING - Cannot compute: buffers not initialized or shader missing
2025-09-29 17:38:18,771 - backend.engine.qualia_particle_engine - WARNING - Cannot compute: buffers not initialized or shader missing
2025-09-29 17:38:18,788 - backend.engine.qualia_particle_engine - WARNING - Cannot compute: buffers not initialized or shader missing
2025-09-29 17:38:18,804 - backend.engine.qualia_particle_engine - WARNING - Cannot compute: buffers not initialized or shader missing
2025-09-29 17:38:18,820 - backend.engine.qualia_particle_engine - WARNING - Cannot compute: buffers not initialized or shader missing
2025-09-29 17:38:18,837 - backend.engine.qualia_particle_engine - WARNING - Cannot compute: buffers not initialized or shader missing
2025-09-29 17:38:18,853 - backend.engine.qualia_particle_engine - WARNING - Cannot compute: buffers not initialized or shader missing
2025-09-29 17:38:18,870 - backend.engine.qualia_particle_engine - WARNING - Cannot compute: buffers not initialized or shader missing
2025-09-29 17:38:18,886 - backend.engine.qualia_particle_engine - WARNING - Cannot compute: buffers not initialized or shader missing
2025-09-29 17:38:18,902 - backend.engine.qualia_particle_engine - WARNING - Cannot compute: buffers not initialized or shader missing
2025-09-29 17:38:18,918 - backend.engine.qualia_particle_engine - WARNING - Cannot compute: buffers not initialized or shader missing
2025-09-29 17:38:18,935 - backend.engine.qualia_particle_engine - WARNING - Cannot compute: buffers not initialized or shader missing
2025-09-29 17:38:18,951 - backend.engine.qualia_particle_engine - WARNING - Cannot compute: buffers not initialized or shader missing
2025-09-29 17:38:18,968 - backend.engine.qualia_particle_engine - WARNING - Cannot compute: buffers not initialized or shader missing
2025-09-29 17:38:18,984 - backend.engine.qualia_particle_engine - WARNING - Cannot compute: buffers not initialized or shader missing
2025-09-29 17:38:19,001 - backend.engine.qualia_particle_engine - WARNING - Cannot compute: buffers not initialized or shader missing
2025-09-29 17:38:19,017 - backend.engine.qualia_particle_engine - WARNING - Cannot compute: buffers not initialized or shader missing
2025-09-29 17:38:19,033 - backend.engine.qualia_particle_engine - WARNING - Cannot compute: buffers not initialized or shader missing
2025-09-29 17:38:19,050 - backend.engine.qualia_particle_engine - WARNING - Cannot compute: buffers not initialized or shader missing
2025-09-29 17:38:19,066 - backend.engine.qualia_particle_engine - WARNING - Cannot compute: buffers not initialized or shader missing
2025-09-29 17:38:19,082 - backend.engine.qualia_particle_engine - WARNING - Cannot compute: buffers not initialized or shader missing
2025-09-29 17:38:19,098 - backend.engine.qualia_particle_engine - WARNING - Cannot compute: buffers not initialized or shader missing
2025-09-29 17:38:19,115 - backend.engine.qualia_particle_engine - WARNING - Cannot compute: buffers not initialized or shader missing
2025-09-29 17:38:19,131 - backend.engine.qualia_particle_engine - WARNING - Cannot compute: buffers not initialized or shader missing
2025-09-29 17:38:19,147 - backend.engine.qualia_particle_engine - WARNING - Cannot compute: buffers not initialized or shader missing
2025-09-29 17:38:19,163 - backend.engine.qualia_particle_engine - WARNING - Cannot compute: buffers not initialized or shader missing
2025-09-29 17:38:19,179 - backend.engine.qualia_particle_engine - WARNING - Cannot compute: buffers not initialized or shader missing
2025-09-29 17:38:19,195 - backend.engine.qualia_particle_engine - WARNING - Cannot compute: buffers not initialized or shader missing
2025-09-29 17:38:19,212 - backend.engine.qualia_particle_engine - WARNING - Cannot compute: buffers not initialized or shader missing
2025-09-29 17:38:19,228 - backend.engine.qualia_particle_engine - WARNING - Cannot compute: buffers not initialized or shader missing
2025-09-29 17:38:19,245 - backend.engine.qualia_particle_engine - WARNING - Cannot compute: buffers not initialized or shader missing
2025-09-29 17:38:19,261 - backend.engine.qualia_particle_engine - WARNING - Cannot compute: buffers not initialized or shader missing
2025-09-29 17:38:19,278 - backend.engine.qualia_particle_engine - WARNING - Cannot compute: buffers not initialized or shader missing
2025-09-29 17:38:19,294 - backend.engine.qualia_particle_engine - WARNING - Cannot compute: buffers not initialized or shader missing
2025-09-29 17:38:19,311 - backend.engine.qualia_particle_engine - WARNING - Cannot compute: buffers not initialized or shader missing
2025-09-29 17:38:19,327 - backend.engine.qualia_particle_engine - WARNING - Cannot compute: buffers not initialized or shader missing
2025-09-29 17:38:19,344 - backend.engine.qualia_particle_engine - WARNING - Cannot compute: buffers not initialized or shader missing
2025-09-29 17:38:19,360 - backend.engine.qualia_particle_engine - WARNING - Cannot compute: buffers not initialized or shader missing
2025-09-29 17:38:19,377 - backend.engine.qualia_particle_engine - WARNING - Cannot compute: buffers not initialized or shader missing
2025-09-29 17:38:19,393 - backend.engine.qualia_particle_engine - WARNING - Cannot compute: buffers not initialized or shader missing
2025-09-29 17:38:19,409 - backend.engine.qualia_particle_engine - WARNING - Cannot compute: buffers not initialized or shader missing
2025-09-29 17:38:19,426 - backend.engine.qualia_particle_engine - WARNING - Cannot compute: buffers not initialized or shader missing
2025-09-29 17:38:19,442 - backend.engine.qualia_particle_engine - WARNING - Cannot compute: buffers not initialized or shader missing
2025-09-29 17:38:19,459 - backend.engine.qualia_particle_engine - WARNING - Cannot compute: buffers not initialized or shader missing
2025-09-29 17:38:19,475 - backend.engine.qualia_particle_engine - WARNING - Cannot compute: buffers not initialized or shader missing
2025-09-29 17:38:19,492 - backend.engine.qualia_particle_engine - WARNING - Cannot compute: buffers not initialized or shader missing
2025-09-29 17:38:19,508 - backend.engine.qualia_particle_engine - WARNING - Cannot compute: buffers not initialized or shader missing
2025-09-29 17:38:19,524 - backend.engine.qualia_particle_engine - WARNING - Cannot compute: buffers not initialized or shader missing
2025-09-29 17:38:19,541 - backend.engine.qualia_particle_engine - WARNING - Cannot compute: buffers not initialized or shader missing
2025-09-29 17:38:19,557 - backend.engine.qualia_particle_engine - WARNING - Cannot compute: buffers not initialized or shader missing
2025-09-29 17:38:19,574 - backend.engine.qualia_particle_engine - WARNING - Cannot compute: buffers not initialized or shader missing
2025-09-29 17:38:19,590 - backend.engine.qualia_particle_engine - WARNING - Cannot compute: buffers not initialized or shader missing
2025-09-29 17:38:19,607 - backend.engine.qualia_particle_engine - WARNING - Cannot compute: buffers not initialized or shader missing
2025-09-29 17:38:19,623 - backend.engine.qualia_particle_engine - WARNING - Cannot compute: buffers not initialized or shader missing
2025-09-29 17:38:19,640 - backend.engine.qualia_particle_engine - WARNING - Cannot compute: buffers not initialized or shader missing
2025-09-29 17:38:19,656 - backend.engine.qualia_particle_engine - WARNING - Cannot compute: buffers not initialized or shader missing
2025-09-29 17:38:19,672 - backend.engine.qualia_particle_engine - WARNING - Cannot compute: buffers not initialized or shader missing
2025-09-29 17:38:19,689 - backend.engine.qualia_particle_engine - WARNING - Cannot compute: buffers not initialized or shader missing
2025-09-29 17:38:19,706 - backend.engine.qualia_particle_engine - WARNING - Cannot compute: buffers not initialized or shader missing
2025-09-29 17:38:19,722 - backend.engine.qualia_particle_engine - WARNING - Cannot compute: buffers not initialized or shader missing
2025-09-29 17:38:19,739 - backend.engine.qualia_particle_engine - WARNING - Cannot compute: buffers not initialized or shader missing
2025-09-29 17:38:19,755 - backend.engine.qualia_particle_engine - WARNING - Cannot compute: buffers not initialized or shader missing
2025-09-29 17:38:19,771 - backend.engine.qualia_particle_engine - WARNING - Cannot compute: buffers not initialized or shader missing
2025-09-29 17:38:19,788 - backend.engine.qualia_particle_engine - WARNING - Cannot compute: buffers not initialized or shader missing
2025-09-29 17:38:19,804 - backend.engine.qualia_particle_engine - WARNING - Cannot compute: buffers not initialized or shader missing
2025-09-29 17:38:19,821 - backend.engine.qualia_particle_engine - WARNING - Cannot compute: buffers not initialized or shader missing
2025-09-29 17:38:19,837 - backend.engine.qualia_particle_engine - WARNING - Cannot compute: buffers not initialized or shader missing
2025-09-29 17:38:19,854 - backend.engine.qualia_particle_engine - WARNING - Cannot compute: buffers not initialized or shader missing
2025-09-29 17:38:19,870 - backend.engine.qualia_particle_engine - WARNING - Cannot compute: buffers not initialized or shader missing
2025-09-29 17:38:19,887 - backend.engine.qualia_particle_engine - WARNING - Cannot compute: buffers not initialized or shader missing
2025-09-29 17:38:19,903 - backend.engine.qualia_particle_engine - WARNING - Cannot compute: buffers not initialized or shader missing
2025-09-29 17:38:19,920 - backend.engine.qualia_particle_engine - WARNING - Cannot compute: buffers not initialized or shader missing
2025-09-29 17:38:19,936 - backend.engine.qualia_particle_engine - WARNING - Cannot compute: buffers not initialized or shader missing
2025-09-29 17:38:19,953 - backend.engine.qualia_particle_engine - WARNING - Cannot compute: buffers not initialized or shader missing
2025-09-29 17:38:19,969 - backend.engine.qualia_particle_engine - WARNING - Cannot compute: buffers not initialized or shader missing
2025-09-29 17:38:19,985 - backend.engine.qualia_particle_engine - WARNING - Cannot compute: buffers not initialized or shader missing
2025-09-29 17:38:20,001 - backend.engine.qualia_particle_engine - WARNING - Cannot compute: buffers not initialized or shader missing
2025-09-29 17:38:20,018 - backend.engine.qualia_particle_engine - WARNING - Cannot compute: buffers not initialized or shader missing
2025-09-29 17:38:20,034 - backend.engine.qualia_particle_engine - WARNING - Cannot compute: buffers not initialized or shader missing
2025-09-29 17:38:20,050 - backend.engine.qualia_particle_engine - WARNING - Cannot compute: buffers not initialized or shader missing
2025-09-29 17:38:20,067 - backend.engine.qualia_particle_engine - WARNING - Cannot compute: buffers not initialized or shader missing
2025-09-29 17:38:20,083 - backend.engine.qualia_particle_engine - WARNING - Cannot compute: buffers not initialized or shader missing
2025-09-29 17:38:20,100 - backend.engine.qualia_particle_engine - WARNING - Cannot compute: buffers not initialized or shader missing
2025-09-29 17:38:20,116 - backend.engine.qualia_particle_engine - WARNING - Cannot compute: buffers not initialized or shader missing
2025-09-29 17:38:20,133 - backend.engine.qualia_particle_engine - WARNING - Cannot compute: buffers not initialized or shader missing
2025-09-29 17:38:20,149 - backend.engine.qualia_particle_engine - WARNING - Cannot compute: buffers not initialized or shader missing
2025-09-29 17:38:20,165 - backend.engine.qualia_particle_engine - WARNING - Cannot compute: buffers not initialized or shader missing
2025-09-29 17:38:20,181 - backend.engine.qualia_particle_engine - WARNING - Cannot compute: buffers not initialized or shader missing
2025-09-29 17:38:20,197 - backend.engine.qualia_particle_engine - WARNING - Cannot compute: buffers not initialized or shader missing
2025-09-29 17:38:20,214 - backend.engine.qualia_particle_engine - WARNING - Cannot compute: buffers not initialized or shader missing
2025-09-29 17:38:20,230 - backend.engine.qualia_particle_engine - WARNING - Cannot compute: buffers not initialized or shader missing
2025-09-29 17:38:20,246 - backend.engine.qualia_particle_engine - WARNING - Cannot compute: buffers not initialized or shader missing
2025-09-29 17:38:20,263 - backend.engine.qualia_particle_engine - WARNING - Cannot compute: buffers not initialized or shader missing
2025-09-29 17:38:20,279 - backend.engine.qualia_particle_engine - WARNING - Cannot compute: buffers not initialized or shader missing
2025-09-29 17:38:20,296 - backend.engine.qualia_particle_engine - WARNING - Cannot compute: buffers not initialized or shader missing
2025-09-29 17:38:20,312 - backend.engine.qualia_particle_engine - WARNING - Cannot compute: buffers not initialized or shader missing
2025-09-29 17:38:20,329 - backend.engine.qualia_particle_engine - WARNING - Cannot compute: buffers not initialized or shader missing
2025-09-29 17:38:20,345 - backend.engine.qualia_particle_engine - WARNING - Cannot compute: buffers not initialized or shader missing
2025-09-29 17:38:20,362 - backend.engine.qualia_particle_engine - WARNING - Cannot compute: buffers not initialized or shader missing
2025-09-29 17:38:20,378 - backend.engine.qualia_particle_engine - WARNING - Cannot compute: buffers not initialized or shader missing
2025-09-29 17:38:20,395 - backend.engine.qualia_particle_engine - WARNING - Cannot compute: buffers not initialized or shader missing
2025-09-29 17:38:20,411 - backend.engine.qualia_particle_engine - WARNING - Cannot compute: buffers not initialized or shader missing
2025-09-29 17:38:20,428 - backend.engine.qualia_particle_engine - WARNING - Cannot compute: buffers not initialized or shader missing
2025-09-29 17:38:20,444 - backend.engine.qualia_particle_engine - WARNING - Cannot compute: buffers not initialized or shader missing
2025-09-29 17:38:20,460 - backend.engine.qualia_particle_engine - WARNING - Cannot compute: buffers not initialized or shader missing
2025-09-29 17:38:20,477 - backend.engine.qualia_particle_engine - WARNING - Cannot compute: buffers not initialized or shader missing
2025-09-29 17:38:20,493 - backend.engine.qualia_particle_engine - WARNING - Cannot compute: buffers not initialized or shader missing
2025-09-29 17:38:20,509 - backend.engine.qualia_particle_engine - WARNING - Cannot compute: buffers not initialized or shader missing
2025-09-29 17:38:20,526 - backend.engine.qualia_particle_engine - WARNING - Cannot compute: buffers not initialized or shader missing
2025-09-29 17:38:20,543 - backend.engine.qualia_particle_engine - WARNING - Cannot compute: buffers not initialized or shader missing
2025-09-29 17:38:20,560 - backend.engine.qualia_particle_engine - WARNING - Cannot compute: buffers not initialized or shader missing
2025-09-29 17:38:20,577 - backend.engine.qualia_particle_engine - WARNING - Cannot compute: buffers not initialized or shader missing
2025-09-29 17:38:20,593 - backend.engine.qualia_particle_engine - WARNING - Cannot compute: buffers not initialized or shader missing
2025-09-29 17:38:20,610 - backend.engine.qualia_particle_engine - WARNING - Cannot compute: buffers not initialized or shader missing
2025-09-29 17:38:20,626 - backend.engine.qualia_particle_engine - WARNING - Cannot compute: buffers not initialized or shader missing
2025-09-29 17:38:20,643 - backend.engine.qualia_particle_engine - WARNING - Cannot compute: buffers not initialized or shader missing
2025-09-29 17:38:20,659 - backend.engine.qualia_particle_engine - WARNING - Cannot compute: buffers not initialized or shader missing
2025-09-29 17:38:20,676 - backend.engine.qualia_particle_engine - WARNING - Cannot compute: buffers not initialized or shader missing
2025-09-29 17:38:20,692 - backend.engine.qualia_particle_engine - WARNING - Cannot compute: buffers not initialized or shader missing
2025-09-29 17:38:20,708 - backend.engine.qualia_particle_engine - WARNING - Cannot compute: buffers not initialized or shader missing
2025-09-29 17:38:20,724 - backend.engine.qualia_particle_engine - WARNING - Cannot compute: buffers not initialized or shader missing
2025-09-29 17:38:20,741 - backend.engine.qualia_particle_engine - WARNING - Cannot compute: buffers not initialized or shader missing
2025-09-29 17:38:20,757 - backend.engine.qualia_particle_engine - WARNING - Cannot compute: buffers not initialized or shader missing
2025-09-29 17:38:20,773 - backend.engine.qualia_particle_engine - WARNING - Cannot compute: buffers not initialized or shader missing
2025-09-29 17:38:20,790 - backend.engine.qualia_particle_engine - WARNING - Cannot compute: buffers not initialized or shader missing
2025-09-29 17:38:20,806 - backend.engine.qualia_particle_engine - WARNING - Cannot compute: buffers not initialized or shader missing
2025-09-29 17:38:20,823 - backend.engine.qualia_particle_engine - WARNING - Cannot compute: buffers not initialized or shader missing
2025-09-29 17:38:20,839 - backend.engine.qualia_particle_engine - WARNING - Cannot compute: buffers not initialized or shader missing
2025-09-29 17:38:20,856 - backend.engine.qualia_particle_engine - WARNING - Cannot compute: buffers not initialized or shader missing
2025-09-29 17:38:20,872 - backend.engine.qualia_particle_engine - WARNING - Cannot compute: buffers not initialized or shader missing
2025-09-29 17:38:20,889 - backend.engine.qualia_particle_engine - WARNING - Cannot compute: buffers not initialized or shader missing
2025-09-29 17:38:20,906 - backend.engine.qualia_particle_engine - WARNING - Cannot compute: buffers not initialized or shader missing
2025-09-29 17:38:20,922 - backend.engine.qualia_particle_engine - WARNING - Cannot compute: buffers not initialized or shader missing
2025-09-29 17:38:20,939 - backend.engine.qualia_particle_engine - WARNING - Cannot compute: buffers not initialized or shader missing
2025-09-29 17:38:20,955 - backend.engine.qualia_particle_engine - WARNING - Cannot compute: buffers not initialized or shader missing
2025-09-29 17:38:20,971 - backend.engine.qualia_particle_engine - WARNING - Cannot compute: buffers not initialized or shader missing
2025-09-29 17:38:20,988 - backend.engine.qualia_particle_engine - WARNING - Cannot compute: buffers not initialized or shader missing
2025-09-29 17:38:21,005 - backend.engine.qualia_particle_engine - WARNING - Cannot compute: buffers not initialized or shader missing
2025-09-29 17:38:21,021 - backend.engine.qualia_particle_engine - WARNING - Cannot compute: buffers not initialized or shader missing
2025-09-29 17:38:21,037 - backend.engine.qualia_particle_engine - WARNING - Cannot compute: buffers not initialized or shader missing
2025-09-29 17:38:21,053 - backend.engine.qualia_particle_engine - WARNING - Cannot compute: buffers not initialized or shader missing
2025-09-29 17:38:21,069 - backend.engine.qualia_particle_engine - WARNING - Cannot compute: buffers not initialized or shader missing
2025-09-29 17:38:21,086 - backend.engine.qualia_particle_engine - WARNING - Cannot compute: buffers not initialized or shader missing
2025-09-29 17:38:21,102 - backend.engine.qualia_particle_engine - WARNING - Cannot compute: buffers not initialized or shader missing
2025-09-29 17:38:21,118 - backend.engine.qualia_particle_engine - WARNING - Cannot compute: buffers not initialized or shader missing
2025-09-29 17:38:21,135 - backend.engine.qualia_particle_engine - WARNING - Cannot compute: buffers not initialized or shader missing
2025-09-29 17:38:21,152 - backend.engine.qualia_particle_engine - WARNING - Cannot compute: buffers not initialized or shader missing
2025-09-29 17:38:21,169 - backend.engine.qualia_particle_engine - WARNING - Cannot compute: buffers not initialized or shader missing
2025-09-29 17:38:21,187 - backend.engine.qualia_particle_engine - WARNING - Cannot compute: buffers not initialized or shader missing
2025-09-29 17:38:21,204 - backend.engine.qualia_particle_engine - WARNING - Cannot compute: buffers not initialized or shader missing
2025-09-29 17:38:21,221 - backend.engine.qualia_particle_engine - WARNING - Cannot compute: buffers not initialized or shader missing
2025-09-29 17:38:21,238 - backend.engine.qualia_particle_engine - WARNING - Cannot compute: buffers not initialized or shader missing
2025-09-29 17:38:21,256 - backend.engine.qualia_particle_engine - WARNING - Cannot compute: buffers not initialized or shader missing
2025-09-29 17:38:21,273 - backend.engine.qualia_particle_engine - WARNING - Cannot compute: buffers not initialized or shader missing
2025-09-29 17:38:21,289 - backend.engine.qualia_particle_engine - WARNING - Cannot compute: buffers not initialized or shader missing
2025-09-29 17:38:21,306 - backend.engine.qualia_particle_engine - WARNING - Cannot compute: buffers not initialized or shader missing
2025-09-29 17:38:21,322 - backend.engine.qualia_particle_engine - WARNING - Cannot compute: buffers not initialized or shader missing
2025-09-29 17:38:21,339 - backend.engine.qualia_particle_engine - WARNING - Cannot compute: buffers not initialized or shader missing
2025-09-29 17:38:21,355 - backend.engine.qualia_particle_engine - WARNING - Cannot compute: buffers not initialized or shader missing
2025-09-29 17:38:21,371 - backend.engine.qualia_particle_engine - WARNING - Cannot compute: buffers not initialized or shader missing
2025-09-29 17:38:21,388 - backend.engine.qualia_particle_engine - WARNING - Cannot compute: buffers not initialized or shader missing
2025-09-29 17:38:21,404 - backend.engine.qualia_particle_engine - WARNING - Cannot compute: buffers not initialized or shader missing
2025-09-29 17:38:21,421 - backend.engine.qualia_particle_engine - WARNING - Cannot compute: buffers not initialized or shader missing
2025-09-29 17:38:21,437 - backend.engine.qualia_particle_engine - WARNING - Cannot compute: buffers not initialized or shader missing
2025-09-29 17:38:21,453 - backend.engine.qualia_particle_engine - WARNING - Cannot compute: buffers not initialized or shader missing
2025-09-29 17:38:21,470 - backend.engine.qualia_particle_engine - WARNING - Cannot compute: buffers not initialized or shader missing
2025-09-29 17:38:21,486 - backend.engine.qualia_particle_engine - WARNING - Cannot compute: buffers not initialized or shader missing
2025-09-29 17:38:21,503 - backend.engine.qualia_particle_engine - WARNING - Cannot compute: buffers not initialized or shader missing
2025-09-29 17:38:21,519 - backend.engine.qualia_particle_engine - WARNING - Cannot compute: buffers not initialized or shader missing
2025-09-29 17:38:21,535 - backend.engine.qualia_particle_engine - WARNING - Cannot compute: buffers not initialized or shader missing
2025-09-29 17:38:21,552 - backend.engine.qualia_particle_engine - WARNING - Cannot compute: buffers not initialized or shader missing
2025-09-29 17:38:21,567 - backend.api.routes - INFO - 🔌 WebSocket connection attempt to /ws/video_stream
2025-09-29 17:38:21,568 - backend.services.SecurityService - INFO - → ENTER backend.services.SecurityService.SecurityService.verify_connection
2025-09-29 17:38:21,568 - backend.services.SecurityService - INFO - ← EXIT backend.services.SecurityService.SecurityService.verify_connection (⏱️ 0.000s)
2025-09-29 17:38:21,568 - backend.services.SecurityService - INFO - Authentication disabled - allowing connection
2025-09-29 17:38:21,568 - backend.api.routes - INFO - ✅ Authentication successful for video stream: {'user': 'anonymous', 'auth_disabled': True}
INFO:     ('127.0.0.1', 48770) - "WebSocket /ws/video_stream" [accepted]
2025-09-29 17:38:21,568 - backend.api.routes - INFO - ✅ Video stream client connected
2025-09-29 17:38:21,568 - backend.services.StreamingWebService - INFO - → ENTER backend.services.StreamingWebService.StreamingWebService.handle_websocket_connection
2025-09-29 17:38:21,569 - backend.services.StreamingWebService - INFO - ← EXIT backend.services.StreamingWebService.StreamingWebService.handle_websocket_connection (⏱️ 0.000s)
2025-09-29 17:38:21,569 - backend.services.StreamingWebService - INFO - 🔗 Client added to streaming. Total connections: 1
2025-09-29 17:38:21,569 - backend.services.StreamingWebService - INFO - → ENTER backend.services.StreamingWebService.StreamingWebService._start_streaming
2025-09-29 17:38:21,569 - backend.services.StreamingWebService - INFO - ← EXIT backend.services.StreamingWebService.StreamingWebService._start_streaming (⏱️ 0.000s)
2025-09-29 17:38:21,569 - backend.services.StreamingWebService - INFO - → ENTER backend.services.StreamingWebService.StreamingWebService._stop_streaming
2025-09-29 17:38:21,569 - backend.services.StreamingWebService - INFO - ← EXIT backend.services.StreamingWebService.StreamingWebService._stop_streaming (⏱️ 0.000s)
2025-09-29 17:38:21,569 - backend.services.StreamingWebService - INFO - Streaming is already stopped.
2025-09-29 17:38:21,569 - backend.services.StreamingWebService - INFO - 🚀 Started new video streaming task: 134355804127296
INFO:     connection open
2025-09-29 17:38:21,570 - backend.services.RenderingService - INFO - → ENTER backend.services.RenderingService.RenderingService.is_healthy
2025-09-29 17:38:21,570 - backend.services.RenderingService - INFO - ← EXIT backend.services.RenderingService.RenderingService.is_healthy (⏱️ 0.000s)
2025-09-29 17:38:21,570 - backend.services.RenderingService - WARNING - No particle buffer available for rendering
2025-09-29 17:38:21,571 - backend.services.StreamingWebService - WARNING - render_frame returned None without an exception. This indicates a potential logic flaw.
2025-09-29 17:38:21,571 - backend.engine.qualia_particle_engine - WARNING - Cannot compute: buffers not initialized or shader missing
2025-09-29 17:38:21,589 - backend.engine.qualia_particle_engine - WARNING - Cannot compute: buffers not initialized or shader missing
2025-09-29 17:38:21,603 - backend.services.RenderingService - WARNING - No particle buffer available for rendering
2025-09-29 17:38:21,603 - backend.services.StreamingWebService - WARNING - render_frame returned None without an exception. This indicates a potential logic flaw.
2025-09-29 17:38:21,605 - backend.engine.qualia_particle_engine - WARNING - Cannot compute: buffers not initialized or shader missing
2025-09-29 17:38:21,622 - backend.engine.qualia_particle_engine - WARNING - Cannot compute: buffers not initialized or shader missing
2025-09-29 17:38:21,636 - backend.services.RenderingService - WARNING - No particle buffer available for rendering
2025-09-29 17:38:21,636 - backend.services.StreamingWebService - WARNING - render_frame returned None without an exception. This indicates a potential logic flaw.
2025-09-29 17:38:21,638 - backend.engine.qualia_particle_engine - WARNING - Cannot compute: buffers not initialized or shader missing
2025-09-29 17:38:21,656 - backend.engine.qualia_particle_engine - WARNING - Cannot compute: buffers not initialized or shader missing
2025-09-29 17:38:21,669 - backend.services.RenderingService - WARNING - No particle buffer available for rendering
2025-09-29 17:38:21,669 - backend.services.StreamingWebService - WARNING - render_frame returned None without an exception. This indicates a potential logic flaw.
2025-09-29 17:38:21,674 - backend.engine.qualia_particle_engine - WARNING - Cannot compute: buffers not initialized or shader missing
2025-09-29 17:38:21,690 - backend.engine.qualia_particle_engine - WARNING - Cannot compute: buffers not initialized or shader missing
2025-09-29 17:38:21,703 - backend.services.RenderingService - WARNING - No particle buffer available for rendering
2025-09-29 17:38:21,703 - backend.services.StreamingWebService - WARNING - render_frame returned None without an exception. This indicates a potential logic flaw.
2025-09-29 17:38:21,706 - backend.engine.qualia_particle_engine - WARNING - Cannot compute: buffers not initialized or shader missing
2025-09-29 17:38:21,722 - backend.engine.qualia_particle_engine - WARNING - Cannot compute: buffers not initialized or shader missing
2025-09-29 17:38:21,736 - backend.services.RenderingService - WARNING - No particle buffer available for rendering
2025-09-29 17:38:21,736 - backend.services.StreamingWebService - WARNING - render_frame returned None without an exception. This indicates a potential logic flaw.
2025-09-29 17:38:21,739 - backend.engine.qualia_particle_engine - WARNING - Cannot compute: buffers not initialized or shader missing
2025-09-29 17:38:21,756 - backend.engine.qualia_particle_engine - WARNING - Cannot compute: buffers not initialized or shader missing
2025-09-29 17:38:21,769 - backend.services.RenderingService - WARNING - No particle buffer available for rendering
2025-09-29 17:38:21,769 - backend.services.StreamingWebService - WARNING - render_frame returned None without an exception. This indicates a potential logic flaw.
2025-09-29 17:38:21,774 - backend.engine.qualia_particle_engine - WARNING - Cannot compute: buffers not initialized or shader missing
2025-09-29 17:38:21,791 - backend.engine.qualia_particle_engine - WARNING - Cannot compute: buffers not initialized or shader missing
2025-09-29 17:38:21,802 - backend.services.RenderingService - WARNING - No particle buffer available for rendering
2025-09-29 17:38:21,802 - backend.services.StreamingWebService - WARNING - render_frame returned None without an exception. This indicates a potential logic flaw.
2025-09-29 17:38:21,808 - backend.engine.qualia_particle_engine - WARNING - Cannot compute: buffers not initialized or shader missing
2025-09-29 17:38:21,826 - backend.engine.qualia_particle_engine - WARNING - Cannot compute: buffers not initialized or shader missing
2025-09-29 17:38:21,835 - backend.services.RenderingService - WARNING - No particle buffer available for rendering
2025-09-29 17:38:21,835 - backend.services.StreamingWebService - WARNING - render_frame returned None without an exception. This indicates a potential logic flaw.
2025-09-29 17:38:21,843 - backend.engine.qualia_particle_engine - WARNING - Cannot compute: buffers not initialized or shader missing
2025-09-29 17:38:21,860 - backend.engine.qualia_particle_engine - WARNING - Cannot compute: buffers not initialized or shader missing
2025-09-29 17:38:21,868 - backend.services.RenderingService - WARNING - No particle buffer available for rendering
2025-09-29 17:38:21,869 - backend.services.StreamingWebService - WARNING - render_frame returned None without an exception. This indicates a potential logic flaw.
2025-09-29 17:38:21,877 - backend.engine.qualia_particle_engine - WARNING - Cannot compute: buffers not initialized or shader missing
2025-09-29 17:38:21,894 - backend.engine.qualia_particle_engine - WARNING - Cannot compute: buffers not initialized or shader missing
2025-09-29 17:38:21,901 - backend.services.RenderingService - WARNING - No particle buffer available for rendering
2025-09-29 17:38:21,901 - backend.services.StreamingWebService - WARNING - render_frame returned None without an exception. This indicates a potential logic flaw.
2025-09-29 17:38:21,911 - backend.engine.qualia_particle_engine - WARNING - Cannot compute: buffers not initialized or shader missing
2025-09-29 17:38:21,929 - backend.engine.qualia_particle_engine - WARNING - Cannot compute: buffers not initialized or shader missing
2025-09-29 17:38:21,934 - backend.services.RenderingService - WARNING - No particle buffer available for rendering
2025-09-29 17:38:21,934 - backend.services.StreamingWebService - WARNING - render_frame returned None without an exception. This indicates a potential logic flaw.
2025-09-29 17:38:21,946 - backend.engine.qualia_particle_engine - WARNING - Cannot compute: buffers not initialized or shader missing
2025-09-29 17:38:21,963 - backend.engine.qualia_particle_engine - WARNING - Cannot compute: buffers not initialized or shader missing
2025-09-29 17:38:21,967 - backend.services.RenderingService - WARNING - No particle buffer available for rendering
2025-09-29 17:38:21,967 - backend.services.StreamingWebService - WARNING - render_frame returned None without an exception. This indicates a potential logic flaw.
2025-09-29 17:38:21,981 - backend.engine.qualia_particle_engine - WARNING - Cannot compute: buffers not initialized or shader missing
2025-09-29 17:38:21,998 - backend.engine.qualia_particle_engine - WARNING - Cannot compute: buffers not initialized or shader missing
2025-09-29 17:38:22,001 - backend.services.RenderingService - WARNING - No particle buffer available for rendering
2025-09-29 17:38:22,001 - backend.services.StreamingWebService - WARNING - render_frame returned None without an exception. This indicates a potential logic flaw.
2025-09-29 17:38:22,015 - backend.engine.qualia_particle_engine - WARNING - Cannot compute: buffers not initialized or shader missing
2025-09-29 17:38:22,032 - backend.engine.qualia_particle_engine - WARNING - Cannot compute: buffers not initialized or shader missing
2025-09-29 17:38:22,033 - backend.services.RenderingService - WARNING - No particle buffer available for rendering
2025-09-29 17:38:22,034 - backend.services.StreamingWebService - WARNING - render_frame returned None without an exception. This indicates a potential logic flaw.
2025-09-29 17:38:22,049 - backend.engine.qualia_particle_engine - WARNING - Cannot compute: buffers not initialized or shader missing
2025-09-29 17:38:22,066 - backend.services.RenderingService - WARNING - No particle buffer available for rendering
2025-09-29 17:38:22,066 - backend.services.StreamingWebService - WARNING - render_frame returned None without an exception. This indicates a potential logic flaw.
2025-09-29 17:38:22,066 - backend.engine.qualia_particle_engine - WARNING - Cannot compute: buffers not initialized or shader missing
2025-09-29 17:38:22,083 - backend.engine.qualia_particle_engine - WARNING - Cannot compute: buffers not initialized or shader missing
2025-09-29 17:38:22,100 - backend.services.RenderingService - WARNING - No particle buffer available for rendering
2025-09-29 17:38:22,100 - backend.services.StreamingWebService - WARNING - render_frame returned None without an exception. This indicates a potential logic flaw.
2025-09-29 17:38:22,100 - backend.engine.qualia_particle_engine - WARNING - Cannot compute: buffers not initialized or shader missing
2025-09-29 17:38:22,117 - backend.engine.qualia_particle_engine - WARNING - Cannot compute: buffers not initialized or shader missing
2025-09-29 17:38:22,133 - backend.services.RenderingService - WARNING - No particle buffer available for rendering
2025-09-29 17:38:22,133 - backend.services.StreamingWebService - WARNING - render_frame returned None without an exception. This indicates a potential logic flaw.
2025-09-29 17:38:22,134 - backend.engine.qualia_particle_engine - WARNING - Cannot compute: buffers not initialized or shader missing
2025-09-29 17:38:22,152 - backend.engine.qualia_particle_engine - WARNING - Cannot compute: buffers not initialized or shader missing
2025-09-29 17:38:22,166 - backend.services.RenderingService - WARNING - No particle buffer available for rendering
2025-09-29 17:38:22,166 - backend.services.StreamingWebService - WARNING - render_frame returned None without an exception. This indicates a potential logic flaw.
2025-09-29 17:38:22,169 - backend.engine.qualia_particle_engine - WARNING - Cannot compute: buffers not initialized or shader missing
2025-09-29 17:38:22,187 - backend.engine.qualia_particle_engine - WARNING - Cannot compute: buffers not initialized or shader missing
2025-09-29 17:38:22,199 - backend.services.RenderingService - WARNING - No particle buffer available for rendering
2025-09-29 17:38:22,199 - backend.services.StreamingWebService - WARNING - render_frame returned None without an exception. This indicates a potential logic flaw.
2025-09-29 17:38:22,204 - backend.engine.qualia_particle_engine - WARNING - Cannot compute: buffers not initialized or shader missing
2025-09-29 17:38:22,221 - backend.engine.qualia_particle_engine - WARNING - Cannot compute: buffers not initialized or shader missing
2025-09-29 17:38:22,233 - backend.services.RenderingService - WARNING - No particle buffer available for rendering
2025-09-29 17:38:22,233 - backend.services.StreamingWebService - WARNING - render_frame returned None without an exception. This indicates a potential logic flaw.
2025-09-29 17:38:22,238 - backend.engine.qualia_particle_engine - WARNING - Cannot compute: buffers not initialized or shader missing
2025-09-29 17:38:22,255 - backend.engine.qualia_particle_engine - WARNING - Cannot compute: buffers not initialized or shader missing
2025-09-29 17:38:22,266 - backend.services.RenderingService - WARNING - No particle buffer available for rendering
2025-09-29 17:38:22,266 - backend.services.StreamingWebService - WARNING - render_frame returned None without an exception. This indicates a potential logic flaw.
2025-09-29 17:38:22,273 - backend.engine.qualia_particle_engine - WARNING - Cannot compute: buffers not initialized or shader missing
2025-09-29 17:38:22,290 - backend.engine.qualia_particle_engine - WARNING - Cannot compute: buffers not initialized or shader missing
2025-09-29 17:38:22,299 - backend.services.RenderingService - WARNING - No particle buffer available for rendering
2025-09-29 17:38:22,299 - backend.services.StreamingWebService - WARNING - render_frame returned None without an exception. This indicates a potential logic flaw.
2025-09-29 17:38:22,307 - backend.engine.qualia_particle_engine - WARNING - Cannot compute: buffers not initialized or shader missing
2025-09-29 17:38:22,325 - backend.engine.qualia_particle_engine - WARNING - Cannot compute: buffers not initialized or shader missing
2025-09-29 17:38:22,332 - backend.services.RenderingService - WARNING - No particle buffer available for rendering
2025-09-29 17:38:22,332 - backend.services.StreamingWebService - WARNING - render_frame returned None without an exception. This indicates a potential logic flaw.
2025-09-29 17:38:22,341 - backend.engine.qualia_particle_engine - WARNING - Cannot compute: buffers not initialized or shader missing
2025-09-29 17:38:22,359 - backend.engine.qualia_particle_engine - WARNING - Cannot compute: buffers not initialized or shader missing
2025-09-29 17:38:22,365 - backend.services.RenderingService - WARNING - No particle buffer available for rendering
2025-09-29 17:38:22,365 - backend.services.StreamingWebService - WARNING - render_frame returned None without an exception. This indicates a potential logic flaw.
2025-09-29 17:38:22,376 - backend.engine.qualia_particle_engine - WARNING - Cannot compute: buffers not initialized or shader missing
2025-09-29 17:38:22,393 - backend.engine.qualia_particle_engine - WARNING - Cannot compute: buffers not initialized or shader missing
2025-09-29 17:38:22,398 - backend.services.RenderingService - WARNING - No particle buffer available for rendering
2025-09-29 17:38:22,398 - backend.services.StreamingWebService - WARNING - render_frame returned None without an exception. This indicates a potential logic flaw.
2025-09-29 17:38:22,411 - backend.engine.qualia_particle_engine - WARNING - Cannot compute: buffers not initialized or shader missing
2025-09-29 17:38:22,428 - backend.engine.qualia_particle_engine - WARNING - Cannot compute: buffers not initialized or shader missing
2025-09-29 17:38:22,431 - backend.services.RenderingService - WARNING - No particle buffer available for rendering
2025-09-29 17:38:22,432 - backend.services.StreamingWebService - WARNING - render_frame returned None without an exception. This indicates a potential logic flaw.
2025-09-29 17:38:22,445 - backend.engine.qualia_particle_engine - WARNING - Cannot compute: buffers not initialized or shader missing
2025-09-29 17:38:22,462 - backend.engine.qualia_particle_engine - WARNING - Cannot compute: buffers not initialized or shader missing
2025-09-29 17:38:22,464 - backend.services.RenderingService - WARNING - No particle buffer available for rendering
2025-09-29 17:38:22,464 - backend.services.StreamingWebService - WARNING - render_frame returned None without an exception. This indicates a potential logic flaw.
2025-09-29 17:38:22,480 - backend.engine.qualia_particle_engine - WARNING - Cannot compute: buffers not initialized or shader missing
2025-09-29 17:38:22,497 - backend.services.RenderingService - WARNING - No particle buffer available for rendering
2025-09-29 17:38:22,497 - backend.services.StreamingWebService - WARNING - render_frame returned None without an exception. This indicates a potential logic flaw.
2025-09-29 17:38:22,497 - backend.engine.qualia_particle_engine - WARNING - Cannot compute: buffers not initialized or shader missing
2025-09-29 17:38:22,514 - backend.engine.qualia_particle_engine - WARNING - Cannot compute: buffers not initialized or shader missing
2025-09-29 17:38:22,530 - backend.services.RenderingService - WARNING - No particle buffer available for rendering
2025-09-29 17:38:22,530 - backend.services.StreamingWebService - WARNING - render_frame returned None without an exception. This indicates a potential logic flaw.
2025-09-29 17:38:22,531 - backend.engine.qualia_particle_engine - WARNING - Cannot compute: buffers not initialized or shader missing
2025-09-29 17:38:22,548 - backend.engine.qualia_particle_engine - WARNING - Cannot compute: buffers not initialized or shader missing
2025-09-29 17:38:22,563 - backend.services.RenderingService - WARNING - No particle buffer available for rendering
2025-09-29 17:38:22,563 - backend.services.StreamingWebService - WARNING - render_frame returned None without an exception. This indicates a potential logic flaw.
2025-09-29 17:38:22,566 - backend.engine.qualia_particle_engine - WARNING - Cannot compute: buffers not initialized or shader missing
2025-09-29 17:38:22,583 - backend.engine.qualia_particle_engine - WARNING - Cannot compute: buffers not initialized or shader missing
2025-09-29 17:38:22,597 - backend.services.RenderingService - WARNING - No particle buffer available for rendering
2025-09-29 17:38:22,597 - backend.services.StreamingWebService - WARNING - render_frame returned None without an exception. This indicates a potential logic flaw.
2025-09-29 17:38:22,600 - backend.engine.qualia_particle_engine - WARNING - Cannot compute: buffers not initialized or shader missing
2025-09-29 17:38:22,617 - backend.engine.qualia_particle_engine - WARNING - Cannot compute: buffers not initialized or shader missing
2025-09-29 17:38:22,630 - backend.services.RenderingService - WARNING - No particle buffer available for rendering
2025-09-29 17:38:22,631 - backend.services.StreamingWebService - WARNING - render_frame returned None without an exception. This indicates a potential logic flaw.
2025-09-29 17:38:22,633 - backend.engine.qualia_particle_engine - WARNING - Cannot compute: buffers not initialized or shader missing
2025-09-29 17:38:22,650 - backend.engine.qualia_particle_engine - WARNING - Cannot compute: buffers not initialized or shader missing
2025-09-29 17:38:22,663 - backend.services.RenderingService - WARNING - No particle buffer available for rendering
2025-09-29 17:38:22,663 - backend.services.StreamingWebService - WARNING - render_frame returned None without an exception. This indicates a potential logic flaw.
2025-09-29 17:38:22,668 - backend.engine.qualia_particle_engine - WARNING - Cannot compute: buffers not initialized or shader missing
2025-09-29 17:38:22,685 - backend.engine.qualia_particle_engine - WARNING - Cannot compute: buffers not initialized or shader missing
2025-09-29 17:38:22,696 - backend.services.RenderingService - WARNING - No particle buffer available for rendering
2025-09-29 17:38:22,696 - backend.services.StreamingWebService - WARNING - render_frame returned None without an exception. This indicates a potential logic flaw.
2025-09-29 17:38:22,703 - backend.engine.qualia_particle_engine - WARNING - Cannot compute: buffers not initialized or shader missing
2025-09-29 17:38:22,719 - backend.engine.qualia_particle_engine - WARNING - Cannot compute: buffers not initialized or shader missing
2025-09-29 17:38:22,729 - backend.services.RenderingService - WARNING - No particle buffer available for rendering
2025-09-29 17:38:22,729 - backend.services.StreamingWebService - WARNING - render_frame returned None without an exception. This indicates a potential logic flaw.
2025-09-29 17:38:22,736 - backend.engine.qualia_particle_engine - WARNING - Cannot compute: buffers not initialized or shader missing
2025-09-29 17:38:22,753 - backend.engine.qualia_particle_engine - WARNING - Cannot compute: buffers not initialized or shader missing
2025-09-29 17:38:22,762 - backend.services.RenderingService - WARNING - No particle buffer available for rendering
2025-09-29 17:38:22,762 - backend.services.StreamingWebService - WARNING - render_frame returned None without an exception. This indicates a potential logic flaw.
2025-09-29 17:38:22,770 - backend.engine.qualia_particle_engine - WARNING - Cannot compute: buffers not initialized or shader missing
2025-09-29 17:38:22,788 - backend.engine.qualia_particle_engine - WARNING - Cannot compute: buffers not initialized or shader missing
2025-09-29 17:38:22,795 - backend.services.RenderingService - WARNING - No particle buffer available for rendering
2025-09-29 17:38:22,795 - backend.services.StreamingWebService - WARNING - render_frame returned None without an exception. This indicates a potential logic flaw.
2025-09-29 17:38:22,805 - backend.engine.qualia_particle_engine - WARNING - Cannot compute: buffers not initialized or shader missing
2025-09-29 17:38:22,822 - backend.engine.qualia_particle_engine - WARNING - Cannot compute: buffers not initialized or shader missing
2025-09-29 17:38:22,828 - backend.services.RenderingService - WARNING - No particle buffer available for rendering
2025-09-29 17:38:22,828 - backend.services.StreamingWebService - WARNING - render_frame returned None without an exception. This indicates a potential logic flaw.
2025-09-29 17:38:22,839 - backend.engine.qualia_particle_engine - WARNING - Cannot compute: buffers not initialized or shader missing
2025-09-29 17:38:22,856 - backend.engine.qualia_particle_engine - WARNING - Cannot compute: buffers not initialized or shader missing
2025-09-29 17:38:22,862 - backend.services.RenderingService - WARNING - No particle buffer available for rendering
2025-09-29 17:38:22,862 - backend.services.StreamingWebService - WARNING - render_frame returned None without an exception. This indicates a potential logic flaw.
2025-09-29 17:38:22,873 - backend.engine.qualia_particle_engine - WARNING - Cannot compute: buffers not initialized or shader missing
2025-09-29 17:38:22,890 - backend.engine.qualia_particle_engine - WARNING - Cannot compute: buffers not initialized or shader missing
2025-09-29 17:38:22,894 - backend.services.RenderingService - WARNING - No particle buffer available for rendering
2025-09-29 17:38:22,894 - backend.services.StreamingWebService - WARNING - render_frame returned None without an exception. This indicates a potential logic flaw.
2025-09-29 17:38:22,908 - backend.engine.qualia_particle_engine - WARNING - Cannot compute: buffers not initialized or shader missing
2025-09-29 17:38:22,925 - backend.engine.qualia_particle_engine - WARNING - Cannot compute: buffers not initialized or shader missing
2025-09-29 17:38:22,927 - backend.services.RenderingService - WARNING - No particle buffer available for rendering
2025-09-29 17:38:22,927 - backend.services.StreamingWebService - WARNING - render_frame returned None without an exception. This indicates a potential logic flaw.
2025-09-29 17:38:22,942 - backend.engine.qualia_particle_engine - WARNING - Cannot compute: buffers not initialized or shader missing
2025-09-29 17:38:22,960 - backend.engine.qualia_particle_engine - WARNING - Cannot compute: buffers not initialized or shader missing
2025-09-29 17:38:22,960 - backend.services.RenderingService - WARNING - No particle buffer available for rendering
2025-09-29 17:38:22,960 - backend.services.StreamingWebService - WARNING - render_frame returned None without an exception. This indicates a potential logic flaw.
2025-09-29 17:38:22,977 - backend.engine.qualia_particle_engine - WARNING - Cannot compute: buffers not initialized or shader missing
2025-09-29 17:38:22,993 - backend.services.RenderingService - WARNING - No particle buffer available for rendering
2025-09-29 17:38:22,993 - backend.services.StreamingWebService - WARNING - render_frame returned None without an exception. This indicates a potential logic flaw.
2025-09-29 17:38:22,994 - backend.engine.qualia_particle_engine - WARNING - Cannot compute: buffers not initialized or shader missing
2025-09-29 17:38:23,012 - backend.engine.qualia_particle_engine - WARNING - Cannot compute: buffers not initialized or shader missing
2025-09-29 17:38:23,026 - backend.services.RenderingService - WARNING - No particle buffer available for rendering
2025-09-29 17:38:23,026 - backend.services.StreamingWebService - WARNING - render_frame returned None without an exception. This indicates a potential logic flaw.
2025-09-29 17:38:23,029 - backend.engine.qualia_particle_engine - WARNING - Cannot compute: buffers not initialized or shader missing
2025-09-29 17:38:23,046 - backend.engine.qualia_particle_engine - WARNING - Cannot compute: buffers not initialized or shader missing
2025-09-29 17:38:23,059 - backend.services.RenderingService - WARNING - No particle buffer available for rendering
2025-09-29 17:38:23,059 - backend.services.StreamingWebService - WARNING - render_frame returned None without an exception. This indicates a potential logic flaw.
2025-09-29 17:38:23,064 - backend.engine.qualia_particle_engine - WARNING - Cannot compute: buffers not initialized or shader missing
2025-09-29 17:38:23,081 - backend.engine.qualia_particle_engine - WARNING - Cannot compute: buffers not initialized or shader missing
2025-09-29 17:38:23,092 - backend.services.RenderingService - WARNING - No particle buffer available for rendering
2025-09-29 17:38:23,092 - backend.services.StreamingWebService - WARNING - render_frame returned None without an exception. This indicates a potential logic flaw.
2025-09-29 17:38:23,099 - backend.engine.qualia_particle_engine - WARNING - Cannot compute: buffers not initialized or shader missing
2025-09-29 17:38:23,116 - backend.engine.qualia_particle_engine - WARNING - Cannot compute: buffers not initialized or shader missing
2025-09-29 17:38:23,125 - backend.services.RenderingService - WARNING - No particle buffer available for rendering
2025-09-29 17:38:23,126 - backend.services.StreamingWebService - WARNING - render_frame returned None without an exception. This indicates a potential logic flaw.
2025-09-29 17:38:23,133 - backend.engine.qualia_particle_engine - WARNING - Cannot compute: buffers not initialized or shader missing
2025-09-29 17:38:23,150 - backend.engine.qualia_particle_engine - WARNING - Cannot compute: buffers not initialized or shader missing
2025-09-29 17:38:23,158 - backend.services.RenderingService - WARNING - No particle buffer available for rendering
2025-09-29 17:38:23,158 - backend.services.StreamingWebService - WARNING - render_frame returned None without an exception. This indicates a potential logic flaw.
2025-09-29 17:38:23,168 - backend.engine.qualia_particle_engine - WARNING - Cannot compute: buffers not initialized or shader missing
2025-09-29 17:38:23,185 - backend.engine.qualia_particle_engine - WARNING - Cannot compute: buffers not initialized or shader missing
2025-09-29 17:38:23,191 - backend.services.RenderingService - WARNING - No particle buffer available for rendering
2025-09-29 17:38:23,191 - backend.services.StreamingWebService - WARNING - render_frame returned None without an exception. This indicates a potential logic flaw.
2025-09-29 17:38:23,202 - backend.engine.qualia_particle_engine - WARNING - Cannot compute: buffers not initialized or shader missing
2025-09-29 17:38:23,220 - backend.engine.qualia_particle_engine - WARNING - Cannot compute: buffers not initialized or shader missing
2025-09-29 17:38:23,224 - backend.services.RenderingService - WARNING - No particle buffer available for rendering
2025-09-29 17:38:23,224 - backend.services.StreamingWebService - WARNING - render_frame returned None without an exception. This indicates a potential logic flaw.
2025-09-29 17:38:23,237 - backend.engine.qualia_particle_engine - WARNING - Cannot compute: buffers not initialized or shader missing
2025-09-29 17:38:23,254 - backend.engine.qualia_particle_engine - WARNING - Cannot compute: buffers not initialized or shader missing
2025-09-29 17:38:23,258 - backend.services.RenderingService - WARNING - No particle buffer available for rendering
2025-09-29 17:38:23,258 - backend.services.StreamingWebService - WARNING - render_frame returned None without an exception. This indicates a potential logic flaw.
2025-09-29 17:38:23,271 - backend.engine.qualia_particle_engine - WARNING - Cannot compute: buffers not initialized or shader missing
2025-09-29 17:38:23,288 - backend.engine.qualia_particle_engine - WARNING - Cannot compute: buffers not initialized or shader missing
2025-09-29 17:38:23,290 - backend.services.RenderingService - WARNING - No particle buffer available for rendering
2025-09-29 17:38:23,290 - backend.services.StreamingWebService - WARNING - render_frame returned None without an exception. This indicates a potential logic flaw.
2025-09-29 17:38:23,306 - backend.engine.qualia_particle_engine - WARNING - Cannot compute: buffers not initialized or shader missing
2025-09-29 17:38:23,323 - backend.services.RenderingService - WARNING - No particle buffer available for rendering
2025-09-29 17:38:23,323 - backend.services.StreamingWebService - WARNING - render_frame returned None without an exception. This indicates a potential logic flaw.
2025-09-29 17:38:23,323 - backend.engine.qualia_particle_engine - WARNING - Cannot compute: buffers not initialized or shader missing
2025-09-29 17:38:23,340 - backend.engine.qualia_particle_engine - WARNING - Cannot compute: buffers not initialized or shader missing
2025-09-29 17:38:23,356 - backend.services.RenderingService - WARNING - No particle buffer available for rendering
2025-09-29 17:38:23,356 - backend.services.StreamingWebService - WARNING - render_frame returned None without an exception. This indicates a potential logic flaw.
2025-09-29 17:38:23,357 - backend.engine.qualia_particle_engine - WARNING - Cannot compute: buffers not initialized or shader missing
2025-09-29 17:38:23,373 - backend.engine.qualia_particle_engine - WARNING - Cannot compute: buffers not initialized or shader missing
2025-09-29 17:38:23,389 - backend.services.RenderingService - WARNING - No particle buffer available for rendering
2025-09-29 17:38:23,389 - backend.services.StreamingWebService - WARNING - render_frame returned None without an exception. This indicates a potential logic flaw.
2025-09-29 17:38:23,390 - backend.engine.qualia_particle_engine - WARNING - Cannot compute: buffers not initialized or shader missing
2025-09-29 17:38:23,407 - backend.engine.qualia_particle_engine - WARNING - Cannot compute: buffers not initialized or shader missing
2025-09-29 17:38:23,423 - backend.services.RenderingService - WARNING - No particle buffer available for rendering
2025-09-29 17:38:23,423 - backend.services.StreamingWebService - WARNING - render_frame returned None without an exception. This indicates a potential logic flaw.
2025-09-29 17:38:23,424 - backend.engine.qualia_particle_engine - WARNING - Cannot compute: buffers not initialized or shader missing
2025-09-29 17:38:23,441 - backend.engine.qualia_particle_engine - WARNING - Cannot compute: buffers not initialized or shader missing
2025-09-29 17:38:23,456 - backend.services.RenderingService - WARNING - No particle buffer available for rendering
2025-09-29 17:38:23,456 - backend.services.StreamingWebService - WARNING - render_frame returned None without an exception. This indicates a potential logic flaw.
2025-09-29 17:38:23,459 - backend.engine.qualia_particle_engine - WARNING - Cannot compute: buffers not initialized or shader missing
2025-09-29 17:38:23,476 - backend.engine.qualia_particle_engine - WARNING - Cannot compute: buffers not initialized or shader missing
2025-09-29 17:38:23,489 - backend.services.RenderingService - WARNING - No particle buffer available for rendering
2025-09-29 17:38:23,489 - backend.services.StreamingWebService - WARNING - render_frame returned None without an exception. This indicates a potential logic flaw.
2025-09-29 17:38:23,493 - backend.engine.qualia_particle_engine - WARNING - Cannot compute: buffers not initialized or shader missing
2025-09-29 17:38:23,511 - backend.engine.qualia_particle_engine - WARNING - Cannot compute: buffers not initialized or shader missing
2025-09-29 17:38:23,522 - backend.services.RenderingService - WARNING - No particle buffer available for rendering
2025-09-29 17:38:23,522 - backend.services.StreamingWebService - WARNING - render_frame returned None without an exception. This indicates a potential logic flaw.
2025-09-29 17:38:23,528 - backend.engine.qualia_particle_engine - WARNING - Cannot compute: buffers not initialized or shader missing
2025-09-29 17:38:23,545 - backend.engine.qualia_particle_engine - WARNING - Cannot compute: buffers not initialized or shader missing
2025-09-29 17:38:23,555 - backend.services.RenderingService - WARNING - No particle buffer available for rendering
2025-09-29 17:38:23,555 - backend.services.StreamingWebService - WARNING - render_frame returned None without an exception. This indicates a potential logic flaw.
2025-09-29 17:38:23,562 - backend.engine.qualia_particle_engine - WARNING - Cannot compute: buffers not initialized or shader missing
2025-09-29 17:38:23,579 - backend.engine.qualia_particle_engine - WARNING - Cannot compute: buffers not initialized or shader missing
2025-09-29 17:38:23,588 - backend.services.RenderingService - WARNING - No particle buffer available for rendering
2025-09-29 17:38:23,588 - backend.services.StreamingWebService - WARNING - render_frame returned None without an exception. This indicates a potential logic flaw.
2025-09-29 17:38:23,597 - backend.engine.qualia_particle_engine - WARNING - Cannot compute: buffers not initialized or shader missing
2025-09-29 17:38:23,614 - backend.engine.qualia_particle_engine - WARNING - Cannot compute: buffers not initialized or shader missing
2025-09-29 17:38:23,621 - backend.services.RenderingService - WARNING - No particle buffer available for rendering
2025-09-29 17:38:23,622 - backend.services.StreamingWebService - WARNING - render_frame returned None without an exception. This indicates a potential logic flaw.
2025-09-29 17:38:23,631 - backend.engine.qualia_particle_engine - WARNING - Cannot compute: buffers not initialized or shader missing
2025-09-29 17:38:23,648 - backend.engine.qualia_particle_engine - WARNING - Cannot compute: buffers not initialized or shader missing
2025-09-29 17:38:23,654 - backend.services.RenderingService - WARNING - No particle buffer available for rendering
2025-09-29 17:38:23,654 - backend.services.StreamingWebService - WARNING - render_frame returned None without an exception. This indicates a potential logic flaw.
2025-09-29 17:38:23,665 - backend.engine.qualia_particle_engine - WARNING - Cannot compute: buffers not initialized or shader missing
2025-09-29 17:38:23,682 - backend.engine.qualia_particle_engine - WARNING - Cannot compute: buffers not initialized or shader missing
2025-09-29 17:38:23,687 - backend.services.RenderingService - WARNING - No particle buffer available for rendering
2025-09-29 17:38:23,687 - backend.services.StreamingWebService - WARNING - render_frame returned None without an exception. This indicates a potential logic flaw.
2025-09-29 17:38:23,700 - backend.engine.qualia_particle_engine - WARNING - Cannot compute: buffers not initialized or shader missing
2025-09-29 17:38:23,716 - backend.engine.qualia_particle_engine - WARNING - Cannot compute: buffers not initialized or shader missing
2025-09-29 17:38:23,720 - backend.services.RenderingService - WARNING - No particle buffer available for rendering
2025-09-29 17:38:23,720 - backend.services.StreamingWebService - WARNING - render_frame returned None without an exception. This indicates a potential logic flaw.
2025-09-29 17:38:23,733 - backend.engine.qualia_particle_engine - WARNING - Cannot compute: buffers not initialized or shader missing
2025-09-29 17:38:23,749 - backend.engine.qualia_particle_engine - WARNING - Cannot compute: buffers not initialized or shader missing
2025-09-29 17:38:23,753 - backend.services.RenderingService - WARNING - No particle buffer available for rendering
2025-09-29 17:38:23,753 - backend.services.StreamingWebService - WARNING - render_frame returned None without an exception. This indicates a potential logic flaw.
2025-09-29 17:38:23,766 - backend.engine.qualia_particle_engine - WARNING - Cannot compute: buffers not initialized or shader missing
2025-09-29 17:38:23,784 - backend.engine.qualia_particle_engine - WARNING - Cannot compute: buffers not initialized or shader missing
2025-09-29 17:38:23,786 - backend.services.RenderingService - WARNING - No particle buffer available for rendering
2025-09-29 17:38:23,786 - backend.services.StreamingWebService - WARNING - render_frame returned None without an exception. This indicates a potential logic flaw.
2025-09-29 17:38:23,801 - backend.engine.qualia_particle_engine - WARNING - Cannot compute: buffers not initialized or shader missing
2025-09-29 17:38:23,819 - backend.engine.qualia_particle_engine - WARNING - Cannot compute: buffers not initialized or shader missing
2025-09-29 17:38:23,819 - backend.services.RenderingService - WARNING - No particle buffer available for rendering
2025-09-29 17:38:23,819 - backend.services.StreamingWebService - WARNING - render_frame returned None without an exception. This indicates a potential logic flaw.
2025-09-29 17:38:23,835 - backend.engine.qualia_particle_engine - WARNING - Cannot compute: buffers not initialized or shader missing
2025-09-29 17:38:23,851 - backend.engine.qualia_particle_engine - WARNING - Cannot compute: buffers not initialized or shader missing
2025-09-29 17:38:23,852 - backend.services.RenderingService - WARNING - No particle buffer available for rendering
2025-09-29 17:38:23,852 - backend.services.StreamingWebService - WARNING - render_frame returned None without an exception. This indicates a potential logic flaw.
2025-09-29 17:38:23,868 - backend.engine.qualia_particle_engine - WARNING - Cannot compute: buffers not initialized or shader missing
2025-09-29 17:38:23,885 - backend.services.RenderingService - WARNING - No particle buffer available for rendering
2025-09-29 17:38:23,885 - backend.services.StreamingWebService - WARNING - render_frame returned None without an exception. This indicates a potential logic flaw.
2025-09-29 17:38:23,886 - backend.engine.qualia_particle_engine - WARNING - Cannot compute: buffers not initialized or shader missing
2025-09-29 17:38:23,903 - backend.engine.qualia_particle_engine - WARNING - Cannot compute: buffers not initialized or shader missing
2025-09-29 17:38:23,918 - backend.services.RenderingService - WARNING - No particle buffer available for rendering
2025-09-29 17:38:23,918 - backend.services.StreamingWebService - WARNING - render_frame returned None without an exception. This indicates a potential logic flaw.
2025-09-29 17:38:23,920 - backend.engine.qualia_particle_engine - WARNING - Cannot compute: buffers not initialized or shader missing
2025-09-29 17:38:23,938 - backend.engine.qualia_particle_engine - WARNING - Cannot compute: buffers not initialized or shader missing
2025-09-29 17:38:23,951 - backend.services.RenderingService - WARNING - No particle buffer available for rendering
2025-09-29 17:38:23,951 - backend.services.StreamingWebService - WARNING - render_frame returned None without an exception. This indicates a potential logic flaw.
2025-09-29 17:38:23,954 - backend.engine.qualia_particle_engine - WARNING - Cannot compute: buffers not initialized or shader missing
2025-09-29 17:38:23,971 - backend.engine.qualia_particle_engine - WARNING - Cannot compute: buffers not initialized or shader missing
2025-09-29 17:38:23,984 - backend.services.RenderingService - WARNING - No particle buffer available for rendering
2025-09-29 17:38:23,984 - backend.services.StreamingWebService - WARNING - render_frame returned None without an exception. This indicates a potential logic flaw.
2025-09-29 17:38:23,989 - backend.engine.qualia_particle_engine - WARNING - Cannot compute: buffers not initialized or shader missing
2025-09-29 17:38:24,006 - backend.engine.qualia_particle_engine - WARNING - Cannot compute: buffers not initialized or shader missing
2025-09-29 17:38:24,017 - backend.services.RenderingService - WARNING - No particle buffer available for rendering
2025-09-29 17:38:24,017 - backend.services.StreamingWebService - WARNING - render_frame returned None without an exception. This indicates a potential logic flaw.
2025-09-29 17:38:24,023 - backend.engine.qualia_particle_engine - WARNING - Cannot compute: buffers not initialized or shader missing
2025-09-29 17:38:24,040 - backend.engine.qualia_particle_engine - WARNING - Cannot compute: buffers not initialized or shader missing
2025-09-29 17:38:24,050 - backend.services.RenderingService - WARNING - No particle buffer available for rendering
2025-09-29 17:38:24,050 - backend.services.StreamingWebService - WARNING - render_frame returned None without an exception. This indicates a potential logic flaw.
2025-09-29 17:38:24,056 - backend.engine.qualia_particle_engine - WARNING - Cannot compute: buffers not initialized or shader missing
2025-09-29 17:38:24,074 - backend.engine.qualia_particle_engine - WARNING - Cannot compute: buffers not initialized or shader missing
2025-09-29 17:38:24,083 - backend.services.RenderingService - WARNING - No particle buffer available for rendering
2025-09-29 17:38:24,083 - backend.services.StreamingWebService - WARNING - render_frame returned None without an exception. This indicates a potential logic flaw.
2025-09-29 17:38:24,090 - backend.engine.qualia_particle_engine - WARNING - Cannot compute: buffers not initialized or shader missing
2025-09-29 17:38:24,107 - backend.engine.qualia_particle_engine - WARNING - Cannot compute: buffers not initialized or shader missing
2025-09-29 17:38:24,116 - backend.services.RenderingService - WARNING - No particle buffer available for rendering
2025-09-29 17:38:24,116 - backend.services.StreamingWebService - WARNING - render_frame returned None without an exception. This indicates a potential logic flaw.
2025-09-29 17:38:24,125 - backend.engine.qualia_particle_engine - WARNING - Cannot compute: buffers not initialized or shader missing
2025-09-29 17:38:24,142 - backend.engine.qualia_particle_engine - WARNING - Cannot compute: buffers not initialized or shader missing
2025-09-29 17:38:24,150 - backend.services.RenderingService - WARNING - No particle buffer available for rendering
2025-09-29 17:38:24,150 - backend.services.StreamingWebService - WARNING - render_frame returned None without an exception. This indicates a potential logic flaw.
2025-09-29 17:38:24,159 - backend.engine.qualia_particle_engine - WARNING - Cannot compute: buffers not initialized or shader missing
2025-09-29 17:38:24,176 - backend.engine.qualia_particle_engine - WARNING - Cannot compute: buffers not initialized or shader missing
2025-09-29 17:38:24,182 - backend.services.RenderingService - WARNING - No particle buffer available for rendering
2025-09-29 17:38:24,183 - backend.services.StreamingWebService - WARNING - render_frame returned None without an exception. This indicates a potential logic flaw.
2025-09-29 17:38:24,193 - backend.engine.qualia_particle_engine - WARNING - Cannot compute: buffers not initialized or shader missing
2025-09-29 17:38:24,210 - backend.engine.qualia_particle_engine - WARNING - Cannot compute: buffers not initialized or shader missing
2025-09-29 17:38:24,215 - backend.services.RenderingService - WARNING - No particle buffer available for rendering
2025-09-29 17:38:24,215 - backend.services.StreamingWebService - WARNING - render_frame returned None without an exception. This indicates a potential logic flaw.
2025-09-29 17:38:24,227 - backend.engine.qualia_particle_engine - WARNING - Cannot compute: buffers not initialized or shader missing
2025-09-29 17:38:24,245 - backend.engine.qualia_particle_engine - WARNING - Cannot compute: buffers not initialized or shader missing
2025-09-29 17:38:24,248 - backend.services.RenderingService - WARNING - No particle buffer available for rendering
2025-09-29 17:38:24,248 - backend.services.StreamingWebService - WARNING - render_frame returned None without an exception. This indicates a potential logic flaw.
2025-09-29 17:38:24,261 - backend.engine.qualia_particle_engine - WARNING - Cannot compute: buffers not initialized or shader missing
2025-09-29 17:38:24,279 - backend.engine.qualia_particle_engine - WARNING - Cannot compute: buffers not initialized or shader missing
2025-09-29 17:38:24,281 - backend.services.RenderingService - WARNING - No particle buffer available for rendering
2025-09-29 17:38:24,281 - backend.services.StreamingWebService - WARNING - render_frame returned None without an exception. This indicates a potential logic flaw.
2025-09-29 17:38:24,296 - backend.engine.qualia_particle_engine - WARNING - Cannot compute: buffers not initialized or shader missing
2025-09-29 17:38:24,314 - backend.engine.qualia_particle_engine - WARNING - Cannot compute: buffers not initialized or shader missing
2025-09-29 17:38:24,314 - backend.services.RenderingService - WARNING - No particle buffer available for rendering
2025-09-29 17:38:24,314 - backend.services.StreamingWebService - WARNING - render_frame returned None without an exception. This indicates a potential logic flaw.
2025-09-29 17:38:24,330 - backend.engine.qualia_particle_engine - WARNING - Cannot compute: buffers not initialized or shader missing
2025-09-29 17:38:24,346 - backend.engine.qualia_particle_engine - WARNING - Cannot compute: buffers not initialized or shader missing
2025-09-29 17:38:24,348 - backend.services.RenderingService - WARNING - No particle buffer available for rendering
2025-09-29 17:38:24,348 - backend.services.StreamingWebService - WARNING - render_frame returned None without an exception. This indicates a potential logic flaw.
2025-09-29 17:38:24,362 - backend.engine.qualia_particle_engine - WARNING - Cannot compute: buffers not initialized or shader missing
2025-09-29 17:38:24,378 - backend.engine.qualia_particle_engine - WARNING - Cannot compute: buffers not initialized or shader missing
2025-09-29 17:38:24,381 - backend.services.RenderingService - WARNING - No particle buffer available for rendering
2025-09-29 17:38:24,381 - backend.services.StreamingWebService - WARNING - render_frame returned None without an exception. This indicates a potential logic flaw.
2025-09-29 17:38:24,395 - backend.engine.qualia_particle_engine - WARNING - Cannot compute: buffers not initialized or shader missing
2025-09-29 17:38:24,411 - backend.engine.qualia_particle_engine - WARNING - Cannot compute: buffers not initialized or shader missing
2025-09-29 17:38:24,413 - backend.services.RenderingService - WARNING - No particle buffer available for rendering
2025-09-29 17:38:24,413 - backend.services.StreamingWebService - WARNING - render_frame returned None without an exception. This indicates a potential logic flaw.
2025-09-29 17:38:24,429 - backend.engine.qualia_particle_engine - WARNING - Cannot compute: buffers not initialized or shader missing
2025-09-29 17:38:24,446 - backend.services.RenderingService - WARNING - No particle buffer available for rendering
2025-09-29 17:38:24,446 - backend.services.StreamingWebService - WARNING - render_frame returned None without an exception. This indicates a potential logic flaw.
2025-09-29 17:38:24,446 - backend.engine.qualia_particle_engine - WARNING - Cannot compute: buffers not initialized or shader missing
2025-09-29 17:38:24,463 - backend.engine.qualia_particle_engine - WARNING - Cannot compute: buffers not initialized or shader missing
2025-09-29 17:38:24,480 - backend.services.RenderingService - WARNING - No particle buffer available for rendering
2025-09-29 17:38:24,480 - backend.services.StreamingWebService - WARNING - render_frame returned None without an exception. This indicates a potential logic flaw.
2025-09-29 17:38:24,480 - backend.engine.qualia_particle_engine - WARNING - Cannot compute: buffers not initialized or shader missing
2025-09-29 17:38:24,497 - backend.engine.qualia_particle_engine - WARNING - Cannot compute: buffers not initialized or shader missing
2025-09-29 17:38:24,513 - backend.services.RenderingService - WARNING - No particle buffer available for rendering
2025-09-29 17:38:24,514 - backend.services.StreamingWebService - WARNING - render_frame returned None without an exception. This indicates a potential logic flaw.
2025-09-29 17:38:24,514 - backend.engine.qualia_particle_engine - WARNING - Cannot compute: buffers not initialized or shader missing
2025-09-29 17:38:24,531 - backend.engine.qualia_particle_engine - WARNING - Cannot compute: buffers not initialized or shader missing
2025-09-29 17:38:24,547 - backend.services.RenderingService - WARNING - No particle buffer available for rendering
2025-09-29 17:38:24,547 - backend.services.StreamingWebService - WARNING - render_frame returned None without an exception. This indicates a potential logic flaw.
2025-09-29 17:38:24,547 - backend.engine.qualia_particle_engine - WARNING - Cannot compute: buffers not initialized or shader missing
2025-09-29 17:38:24,564 - backend.engine.qualia_particle_engine - WARNING - Cannot compute: buffers not initialized or shader missing
2025-09-29 17:38:24,580 - backend.services.RenderingService - WARNING - No particle buffer available for rendering
2025-09-29 17:38:24,580 - backend.services.StreamingWebService - WARNING - render_frame returned None without an exception. This indicates a potential logic flaw.
2025-09-29 17:38:24,580 - backend.engine.qualia_particle_engine - WARNING - Cannot compute: buffers not initialized or shader missing
2025-09-29 17:38:24,597 - backend.engine.qualia_particle_engine - WARNING - Cannot compute: buffers not initialized or shader missing
2025-09-29 17:38:24,612 - backend.services.RenderingService - WARNING - No particle buffer available for rendering
2025-09-29 17:38:24,612 - backend.services.StreamingWebService - WARNING - render_frame returned None without an exception. This indicates a potential logic flaw.
2025-09-29 17:38:24,615 - backend.engine.qualia_particle_engine - WARNING - Cannot compute: buffers not initialized or shader missing
2025-09-29 17:38:24,632 - backend.engine.qualia_particle_engine - WARNING - Cannot compute: buffers not initialized or shader missing
2025-09-29 17:38:24,645 - backend.services.RenderingService - WARNING - No particle buffer available for rendering
2025-09-29 17:38:24,645 - backend.services.StreamingWebService - WARNING - render_frame returned None without an exception. This indicates a potential logic flaw.
2025-09-29 17:38:24,649 - backend.engine.qualia_particle_engine - WARNING - Cannot compute: buffers not initialized or shader missing
2025-09-29 17:38:24,667 - backend.engine.qualia_particle_engine - WARNING - Cannot compute: buffers not initialized or shader missing
2025-09-29 17:38:24,678 - backend.services.RenderingService - WARNING - No particle buffer available for rendering
2025-09-29 17:38:24,678 - backend.services.StreamingWebService - WARNING - render_frame returned None without an exception. This indicates a potential logic flaw.
2025-09-29 17:38:24,683 - backend.engine.qualia_particle_engine - WARNING - Cannot compute: buffers not initialized or shader missing
2025-09-29 17:38:24,700 - backend.engine.qualia_particle_engine - WARNING - Cannot compute: buffers not initialized or shader missing
2025-09-29 17:38:24,711 - backend.services.RenderingService - WARNING - No particle buffer available for rendering
2025-09-29 17:38:24,711 - backend.services.StreamingWebService - WARNING - render_frame returned None without an exception. This indicates a potential logic flaw.
2025-09-29 17:38:24,718 - backend.engine.qualia_particle_engine - WARNING - Cannot compute: buffers not initialized or shader missing
2025-09-29 17:38:24,735 - backend.engine.qualia_particle_engine - WARNING - Cannot compute: buffers not initialized or shader missing
2025-09-29 17:38:24,745 - backend.services.RenderingService - WARNING - No particle buffer available for rendering
2025-09-29 17:38:24,745 - backend.services.StreamingWebService - WARNING - render_frame returned None without an exception. This indicates a potential logic flaw.
2025-09-29 17:38:24,751 - backend.engine.qualia_particle_engine - WARNING - Cannot compute: buffers not initialized or shader missing
2025-09-29 17:38:24,768 - backend.engine.qualia_particle_engine - WARNING - Cannot compute: buffers not initialized or shader missing
2025-09-29 17:38:24,777 - backend.services.RenderingService - WARNING - No particle buffer available for rendering
2025-09-29 17:38:24,778 - backend.services.StreamingWebService - WARNING - render_frame returned None without an exception. This indicates a potential logic flaw.
2025-09-29 17:38:24,784 - backend.engine.qualia_particle_engine - WARNING - Cannot compute: buffers not initialized or shader missing
2025-09-29 17:38:24,801 - backend.engine.qualia_particle_engine - WARNING - Cannot compute: buffers not initialized or shader missing
2025-09-29 17:38:24,810 - backend.services.RenderingService - WARNING - No particle buffer available for rendering
2025-09-29 17:38:24,810 - backend.services.StreamingWebService - WARNING - render_frame returned None without an exception. This indicates a potential logic flaw.
2025-09-29 17:38:24,818 - backend.engine.qualia_particle_engine - WARNING - Cannot compute: buffers not initialized or shader missing
2025-09-29 17:38:24,835 - backend.engine.qualia_particle_engine - WARNING - Cannot compute: buffers not initialized or shader missing
2025-09-29 17:38:24,843 - backend.services.RenderingService - WARNING - No particle buffer available for rendering
2025-09-29 17:38:24,843 - backend.services.StreamingWebService - WARNING - render_frame returned None without an exception. This indicates a potential logic flaw.
2025-09-29 17:38:24,851 - backend.engine.qualia_particle_engine - WARNING - Cannot compute: buffers not initialized or shader missing
2025-09-29 17:38:24,868 - backend.engine.qualia_particle_engine - WARNING - Cannot compute: buffers not initialized or shader missing
2025-09-29 17:38:24,876 - backend.services.RenderingService - WARNING - No particle buffer available for rendering
2025-09-29 17:38:24,877 - backend.services.StreamingWebService - WARNING - render_frame returned None without an exception. This indicates a potential logic flaw.
2025-09-29 17:38:24,884 - backend.engine.qualia_particle_engine - WARNING - Cannot compute: buffers not initialized or shader missing
2025-09-29 17:38:24,901 - backend.engine.qualia_particle_engine - WARNING - Cannot compute: buffers not initialized or shader missing
2025-09-29 17:38:24,909 - backend.services.RenderingService - WARNING - No particle buffer available for rendering
2025-09-29 17:38:24,909 - backend.services.StreamingWebService - WARNING - render_frame returned None without an exception. This indicates a potential logic flaw.
2025-09-29 17:38:24,917 - backend.engine.qualia_particle_engine - WARNING - Cannot compute: buffers not initialized or shader missing
2025-09-29 17:38:24,934 - backend.engine.qualia_particle_engine - WARNING - Cannot compute: buffers not initialized or shader missing
2025-09-29 17:38:24,942 - backend.services.RenderingService - WARNING - No particle buffer available for rendering
2025-09-29 17:38:24,942 - backend.services.StreamingWebService - WARNING - render_frame returned None without an exception. This indicates a potential logic flaw.
2025-09-29 17:38:24,951 - backend.engine.qualia_particle_engine - WARNING - Cannot compute: buffers not initialized or shader missing
2025-09-29 17:38:24,967 - backend.engine.qualia_particle_engine - WARNING - Cannot compute: buffers not initialized or shader missing
2025-09-29 17:38:24,975 - backend.services.RenderingService - WARNING - No particle buffer available for rendering
2025-09-29 17:38:24,975 - backend.services.StreamingWebService - WARNING - render_frame returned None without an exception. This indicates a potential logic flaw.
2025-09-29 17:38:24,983 - backend.engine.qualia_particle_engine - WARNING - Cannot compute: buffers not initialized or shader missing
2025-09-29 17:38:25,000 - backend.engine.qualia_particle_engine - WARNING - Cannot compute: buffers not initialized or shader missing
2025-09-29 17:38:25,008 - backend.services.RenderingService - WARNING - No particle buffer available for rendering
2025-09-29 17:38:25,008 - backend.services.StreamingWebService - WARNING - render_frame returned None without an exception. This indicates a potential logic flaw.
2025-09-29 17:38:25,017 - backend.engine.qualia_particle_engine - WARNING - Cannot compute: buffers not initialized or shader missing
2025-09-29 17:38:25,035 - backend.engine.qualia_particle_engine - WARNING - Cannot compute: buffers not initialized or shader missing
2025-09-29 17:38:25,041 - backend.services.RenderingService - WARNING - No particle buffer available for rendering
2025-09-29 17:38:25,041 - backend.services.StreamingWebService - WARNING - render_frame returned None without an exception. This indicates a potential logic flaw.
2025-09-29 17:38:25,052 - backend.engine.qualia_particle_engine - WARNING - Cannot compute: buffers not initialized or shader missing
2025-09-29 17:38:25,070 - backend.engine.qualia_particle_engine - WARNING - Cannot compute: buffers not initialized or shader missing
2025-09-29 17:38:25,074 - backend.services.RenderingService - WARNING - No particle buffer available for rendering
2025-09-29 17:38:25,074 - backend.services.StreamingWebService - WARNING - render_frame returned None without an exception. This indicates a potential logic flaw.
2025-09-29 17:38:25,086 - backend.engine.qualia_particle_engine - WARNING - Cannot compute: buffers not initialized or shader missing
2025-09-29 17:38:25,103 - backend.engine.qualia_particle_engine - WARNING - Cannot compute: buffers not initialized or shader missing
2025-09-29 17:38:25,107 - backend.services.RenderingService - WARNING - No particle buffer available for rendering
2025-09-29 17:38:25,107 - backend.services.StreamingWebService - WARNING - render_frame returned None without an exception. This indicates a potential logic flaw.
2025-09-29 17:38:25,120 - backend.engine.qualia_particle_engine - WARNING - Cannot compute: buffers not initialized or shader missing
2025-09-29 17:38:25,137 - backend.engine.qualia_particle_engine - WARNING - Cannot compute: buffers not initialized or shader missing
2025-09-29 17:38:25,140 - backend.services.RenderingService - WARNING - No particle buffer available for rendering
2025-09-29 17:38:25,141 - backend.services.StreamingWebService - WARNING - render_frame returned None without an exception. This indicates a potential logic flaw.
2025-09-29 17:38:25,154 - backend.engine.qualia_particle_engine - WARNING - Cannot compute: buffers not initialized or shader missing
2025-09-29 17:38:25,171 - backend.engine.qualia_particle_engine - WARNING - Cannot compute: buffers not initialized or shader missing
2025-09-29 17:38:25,173 - backend.services.RenderingService - WARNING - No particle buffer available for rendering
2025-09-29 17:38:25,173 - backend.services.StreamingWebService - WARNING - render_frame returned None without an exception. This indicates a potential logic flaw.
2025-09-29 17:38:25,189 - backend.engine.qualia_particle_engine - WARNING - Cannot compute: buffers not initialized or shader missing
2025-09-29 17:38:25,206 - backend.services.RenderingService - WARNING - No particle buffer available for rendering
2025-09-29 17:38:25,206 - backend.services.StreamingWebService - WARNING - render_frame returned None without an exception. This indicates a potential logic flaw.
2025-09-29 17:38:25,206 - backend.engine.qualia_particle_engine - WARNING - Cannot compute: buffers not initialized or shader missing
2025-09-29 17:38:25,223 - backend.engine.qualia_particle_engine - WARNING - Cannot compute: buffers not initialized or shader missing
2025-09-29 17:38:25,240 - backend.services.RenderingService - WARNING - No particle buffer available for rendering
2025-09-29 17:38:25,240 - backend.services.StreamingWebService - WARNING - render_frame returned None without an exception. This indicates a potential logic flaw.
2025-09-29 17:38:25,240 - backend.engine.qualia_particle_engine - WARNING - Cannot compute: buffers not initialized or shader missing
2025-09-29 17:38:25,257 - backend.engine.qualia_particle_engine - WARNING - Cannot compute: buffers not initialized or shader missing
2025-09-29 17:38:25,273 - backend.services.RenderingService - WARNING - No particle buffer available for rendering
2025-09-29 17:38:25,274 - backend.services.StreamingWebService - WARNING - render_frame returned None without an exception. This indicates a potential logic flaw.
2025-09-29 17:38:25,274 - backend.engine.qualia_particle_engine - WARNING - Cannot compute: buffers not initialized or shader missing
2025-09-29 17:38:25,291 - backend.engine.qualia_particle_engine - WARNING - Cannot compute: buffers not initialized or shader missing
2025-09-29 17:38:25,306 - backend.services.RenderingService - WARNING - No particle buffer available for rendering
2025-09-29 17:38:25,306 - backend.services.StreamingWebService - WARNING - render_frame returned None without an exception. This indicates a potential logic flaw.
2025-09-29 17:38:25,307 - backend.engine.qualia_particle_engine - WARNING - Cannot compute: buffers not initialized or shader missing
2025-09-29 17:38:25,324 - backend.engine.qualia_particle_engine - WARNING - Cannot compute: buffers not initialized or shader missing
2025-09-29 17:38:25,340 - backend.services.RenderingService - WARNING - No particle buffer available for rendering
2025-09-29 17:38:25,340 - backend.services.StreamingWebService - WARNING - render_frame returned None without an exception. This indicates a potential logic flaw.
2025-09-29 17:38:25,340 - backend.engine.qualia_particle_engine - WARNING - Cannot compute: buffers not initialized or shader missing
2025-09-29 17:38:25,358 - backend.engine.qualia_particle_engine - WARNING - Cannot compute: buffers not initialized or shader missing
2025-09-29 17:38:25,373 - backend.services.RenderingService - WARNING - No particle buffer available for rendering
2025-09-29 17:38:25,373 - backend.services.StreamingWebService - WARNING - render_frame returned None without an exception. This indicates a potential logic flaw.
2025-09-29 17:38:25,374 - backend.engine.qualia_particle_engine - WARNING - Cannot compute: buffers not initialized or shader missing
2025-09-29 17:38:25,391 - backend.engine.qualia_particle_engine - WARNING - Cannot compute: buffers not initialized or shader missing
2025-09-29 17:38:25,406 - backend.services.RenderingService - WARNING - No particle buffer available for rendering
2025-09-29 17:38:25,406 - backend.services.StreamingWebService - WARNING - render_frame returned None without an exception. This indicates a potential logic flaw.
2025-09-29 17:38:25,409 - backend.engine.qualia_particle_engine - WARNING - Cannot compute: buffers not initialized or shader missing
2025-09-29 17:38:25,425 - backend.engine.qualia_particle_engine - WARNING - Cannot compute: buffers not initialized or shader missing
2025-09-29 17:38:25,439 - backend.services.RenderingService - WARNING - No particle buffer available for rendering
2025-09-29 17:38:25,440 - backend.services.StreamingWebService - WARNING - render_frame returned None without an exception. This indicates a potential logic flaw.
2025-09-29 17:38:25,441 - backend.engine.qualia_particle_engine - WARNING - Cannot compute: buffers not initialized or shader missing
2025-09-29 17:38:25,457 - backend.engine.qualia_particle_engine - WARNING - Cannot compute: buffers not initialized or shader missing
2025-09-29 17:38:25,473 - backend.services.RenderingService - WARNING - No particle buffer available for rendering
2025-09-29 17:38:25,473 - backend.services.StreamingWebService - WARNING - render_frame returned None without an exception. This indicates a potential logic flaw.
2025-09-29 17:38:25,473 - backend.engine.qualia_particle_engine - WARNING - Cannot compute: buffers not initialized or shader missing
2025-09-29 17:38:25,490 - backend.engine.qualia_particle_engine - WARNING - Cannot compute: buffers not initialized or shader missing
2025-09-29 17:38:25,505 - backend.services.RenderingService - WARNING - No particle buffer available for rendering
2025-09-29 17:38:25,506 - backend.services.StreamingWebService - WARNING - render_frame returned None without an exception. This indicates a potential logic flaw.
2025-09-29 17:38:25,506 - backend.engine.qualia_particle_engine - WARNING - Cannot compute: buffers not initialized or shader missing
2025-09-29 17:38:25,523 - backend.engine.qualia_particle_engine - WARNING - Cannot compute: buffers not initialized or shader missing
2025-09-29 17:38:25,538 - backend.services.RenderingService - WARNING - No particle buffer available for rendering
2025-09-29 17:38:25,538 - backend.services.StreamingWebService - WARNING - render_frame returned None without an exception. This indicates a potential logic flaw.
2025-09-29 17:38:25,540 - backend.engine.qualia_particle_engine - WARNING - Cannot compute: buffers not initialized or shader missing
2025-09-29 17:38:25,558 - backend.engine.qualia_particle_engine - WARNING - Cannot compute: buffers not initialized or shader missing
2025-09-29 17:38:25,571 - backend.services.RenderingService - WARNING - No particle buffer available for rendering
2025-09-29 17:38:25,571 - backend.services.StreamingWebService - WARNING - render_frame returned None without an exception. This indicates a potential logic flaw.
2025-09-29 17:38:25,575 - backend.engine.qualia_particle_engine - WARNING - Cannot compute: buffers not initialized or shader missing
2025-09-29 17:38:25,591 - backend.engine.qualia_particle_engine - WARNING - Cannot compute: buffers not initialized or shader missing
2025-09-29 17:38:25,604 - backend.services.RenderingService - WARNING - No particle buffer available for rendering
2025-09-29 17:38:25,604 - backend.services.StreamingWebService - WARNING - render_frame returned None without an exception. This indicates a potential logic flaw.
2025-09-29 17:38:25,608 - backend.engine.qualia_particle_engine - WARNING - Cannot compute: buffers not initialized or shader missing
2025-09-29 17:38:25,625 - backend.engine.qualia_particle_engine - WARNING - Cannot compute: buffers not initialized or shader missing
2025-09-29 17:38:25,637 - backend.services.RenderingService - WARNING - No particle buffer available for rendering
2025-09-29 17:38:25,637 - backend.services.StreamingWebService - WARNING - render_frame returned None without an exception. This indicates a potential logic flaw.
2025-09-29 17:38:25,641 - backend.engine.qualia_particle_engine - WARNING - Cannot compute: buffers not initialized or shader missing
2025-09-29 17:38:25,659 - backend.engine.qualia_particle_engine - WARNING - Cannot compute: buffers not initialized or shader missing
2025-09-29 17:38:25,670 - backend.services.RenderingService - WARNING - No particle buffer available for rendering
2025-09-29 17:38:25,670 - backend.services.StreamingWebService - WARNING - render_frame returned None without an exception. This indicates a potential logic flaw.
2025-09-29 17:38:25,675 - backend.engine.qualia_particle_engine - WARNING - Cannot compute: buffers not initialized or shader missing
2025-09-29 17:38:25,693 - backend.engine.qualia_particle_engine - WARNING - Cannot compute: buffers not initialized or shader missing
2025-09-29 17:38:25,703 - backend.services.RenderingService - WARNING - No particle buffer available for rendering
2025-09-29 17:38:25,703 - backend.services.StreamingWebService - WARNING - render_frame returned None without an exception. This indicates a potential logic flaw.
2025-09-29 17:38:25,709 - backend.engine.qualia_particle_engine - WARNING - Cannot compute: buffers not initialized or shader missing
2025-09-29 17:38:25,726 - backend.engine.qualia_particle_engine - WARNING - Cannot compute: buffers not initialized or shader missing
2025-09-29 17:38:25,737 - backend.services.RenderingService - WARNING - No particle buffer available for rendering
2025-09-29 17:38:25,737 - backend.services.StreamingWebService - WARNING - render_frame returned None without an exception. This indicates a potential logic flaw.
2025-09-29 17:38:25,742 - backend.engine.qualia_particle_engine - WARNING - Cannot compute: buffers not initialized or shader missing
2025-09-29 17:38:25,759 - backend.engine.qualia_particle_engine - WARNING - Cannot compute: buffers not initialized or shader missing
2025-09-29 17:38:25,770 - backend.services.RenderingService - WARNING - No particle buffer available for rendering
2025-09-29 17:38:25,771 - backend.services.StreamingWebService - WARNING - render_frame returned None without an exception. This indicates a potential logic flaw.
2025-09-29 17:38:25,775 - backend.engine.qualia_particle_engine - WARNING - Cannot compute: buffers not initialized or shader missing
2025-09-29 17:38:25,792 - backend.engine.qualia_particle_engine - WARNING - Cannot compute: buffers not initialized or shader missing
2025-09-29 17:38:25,803 - backend.services.RenderingService - WARNING - No particle buffer available for rendering
2025-09-29 17:38:25,803 - backend.services.StreamingWebService - WARNING - render_frame returned None without an exception. This indicates a potential logic flaw.
2025-09-29 17:38:25,810 - backend.engine.qualia_particle_engine - WARNING - Cannot compute: buffers not initialized or shader missing
2025-09-29 17:38:25,827 - backend.engine.qualia_particle_engine - WARNING - Cannot compute: buffers not initialized or shader missing
2025-09-29 17:38:25,836 - backend.services.RenderingService - WARNING - No particle buffer available for rendering
2025-09-29 17:38:25,836 - backend.services.StreamingWebService - WARNING - render_frame returned None without an exception. This indicates a potential logic flaw.
2025-09-29 17:38:25,843 - backend.engine.qualia_particle_engine - WARNING - Cannot compute: buffers not initialized or shader missing
2025-09-29 17:38:25,860 - backend.engine.qualia_particle_engine - WARNING - Cannot compute: buffers not initialized or shader missing
2025-09-29 17:38:25,869 - backend.services.RenderingService - WARNING - No particle buffer available for rendering
2025-09-29 17:38:25,869 - backend.services.StreamingWebService - WARNING - render_frame returned None without an exception. This indicates a potential logic flaw.
2025-09-29 17:38:25,876 - backend.engine.qualia_particle_engine - WARNING - Cannot compute: buffers not initialized or shader missing
2025-09-29 17:38:25,894 - backend.engine.qualia_particle_engine - WARNING - Cannot compute: buffers not initialized or shader missing
2025-09-29 17:38:25,902 - backend.services.RenderingService - WARNING - No particle buffer available for rendering
2025-09-29 17:38:25,902 - backend.services.StreamingWebService - WARNING - render_frame returned None without an exception. This indicates a potential logic flaw.
2025-09-29 17:38:25,910 - backend.engine.qualia_particle_engine - WARNING - Cannot compute: buffers not initialized or shader missing
2025-09-29 17:38:25,927 - backend.engine.qualia_particle_engine - WARNING - Cannot compute: buffers not initialized or shader missing
2025-09-29 17:38:25,935 - backend.services.RenderingService - WARNING - No particle buffer available for rendering
2025-09-29 17:38:25,935 - backend.services.StreamingWebService - WARNING - render_frame returned None without an exception. This indicates a potential logic flaw.
2025-09-29 17:38:25,943 - backend.engine.qualia_particle_engine - WARNING - Cannot compute: buffers not initialized or shader missing
2025-09-29 17:38:25,960 - backend.engine.qualia_particle_engine - WARNING - Cannot compute: buffers not initialized or shader missing
2025-09-29 17:38:25,968 - backend.services.RenderingService - WARNING - No particle buffer available for rendering
2025-09-29 17:38:25,968 - backend.services.StreamingWebService - WARNING - render_frame returned None without an exception. This indicates a potential logic flaw.
2025-09-29 17:38:25,977 - backend.engine.qualia_particle_engine - WARNING - Cannot compute: buffers not initialized or shader missing
2025-09-29 17:38:25,993 - backend.engine.qualia_particle_engine - WARNING - Cannot compute: buffers not initialized or shader missing
2025-09-29 17:38:26,001 - backend.services.RenderingService - WARNING - No particle buffer available for rendering
2025-09-29 17:38:26,001 - backend.services.StreamingWebService - WARNING - render_frame returned None without an exception. This indicates a potential logic flaw.
2025-09-29 17:38:26,010 - backend.engine.qualia_particle_engine - WARNING - Cannot compute: buffers not initialized or shader missing
2025-09-29 17:38:26,027 - backend.engine.qualia_particle_engine - WARNING - Cannot compute: buffers not initialized or shader missing
2025-09-29 17:38:26,034 - backend.services.RenderingService - WARNING - No particle buffer available for rendering
2025-09-29 17:38:26,034 - backend.services.StreamingWebService - WARNING - render_frame returned None without an exception. This indicates a potential logic flaw.
2025-09-29 17:38:26,043 - backend.engine.qualia_particle_engine - WARNING - Cannot compute: buffers not initialized or shader missing
2025-09-29 17:38:26,059 - backend.engine.qualia_particle_engine - WARNING - Cannot compute: buffers not initialized or shader missing
2025-09-29 17:38:26,069 - backend.services.RenderingService - WARNING - No particle buffer available for rendering
2025-09-29 17:38:26,069 - backend.services.StreamingWebService - WARNING - render_frame returned None without an exception. This indicates a potential logic flaw.
2025-09-29 17:38:26,075 - backend.engine.qualia_particle_engine - WARNING - Cannot compute: buffers not initialized or shader missing
2025-09-29 17:38:26,092 - backend.engine.qualia_particle_engine - WARNING - Cannot compute: buffers not initialized or shader missing
2025-09-29 17:38:26,102 - backend.services.RenderingService - WARNING - No particle buffer available for rendering
2025-09-29 17:38:26,102 - backend.services.StreamingWebService - WARNING - render_frame returned None without an exception. This indicates a potential logic flaw.
2025-09-29 17:38:26,108 - backend.engine.qualia_particle_engine - WARNING - Cannot compute: buffers not initialized or shader missing
2025-09-29 17:38:26,124 - backend.engine.qualia_particle_engine - WARNING - Cannot compute: buffers not initialized or shader missing
2025-09-29 17:38:26,136 - backend.services.RenderingService - WARNING - No particle buffer available for rendering
2025-09-29 17:38:26,136 - backend.services.StreamingWebService - WARNING - render_frame returned None without an exception. This indicates a potential logic flaw.
2025-09-29 17:38:26,140 - backend.engine.qualia_particle_engine - WARNING - Cannot compute: buffers not initialized or shader missing
2025-09-29 17:38:26,157 - backend.engine.qualia_particle_engine - WARNING - Cannot compute: buffers not initialized or shader missing
2025-09-29 17:38:26,169 - backend.services.RenderingService - WARNING - No particle buffer available for rendering
2025-09-29 17:38:26,169 - backend.services.StreamingWebService - WARNING - render_frame returned None without an exception. This indicates a potential logic flaw.
2025-09-29 17:38:26,173 - backend.engine.qualia_particle_engine - WARNING - Cannot compute: buffers not initialized or shader missing
2025-09-29 17:38:26,190 - backend.engine.qualia_particle_engine - WARNING - Cannot compute: buffers not initialized or shader missing
2025-09-29 17:38:26,202 - backend.services.RenderingService - WARNING - No particle buffer available for rendering
2025-09-29 17:38:26,203 - backend.services.StreamingWebService - WARNING - render_frame returned None without an exception. This indicates a potential logic flaw.
2025-09-29 17:38:26,206 - backend.engine.qualia_particle_engine - WARNING - Cannot compute: buffers not initialized or shader missing
2025-09-29 17:38:26,222 - backend.engine.qualia_particle_engine - WARNING - Cannot compute: buffers not initialized or shader missing
2025-09-29 17:38:26,235 - backend.services.RenderingService - WARNING - No particle buffer available for rendering
2025-09-29 17:38:26,235 - backend.services.StreamingWebService - WARNING - render_frame returned None without an exception. This indicates a potential logic flaw.
2025-09-29 17:38:26,239 - backend.engine.qualia_particle_engine - WARNING - Cannot compute: buffers not initialized or shader missing
2025-09-29 17:38:26,256 - backend.engine.qualia_particle_engine - WARNING - Cannot compute: buffers not initialized or shader missing
2025-09-29 17:38:26,268 - backend.services.RenderingService - WARNING - No particle buffer available for rendering
2025-09-29 17:38:26,268 - backend.services.StreamingWebService - WARNING - render_frame returned None without an exception. This indicates a potential logic flaw.
2025-09-29 17:38:26,272 - backend.engine.qualia_particle_engine - WARNING - Cannot compute: buffers not initialized or shader missing
2025-09-29 17:38:26,289 - backend.engine.qualia_particle_engine - WARNING - Cannot compute: buffers not initialized or shader missing
2025-09-29 17:38:26,301 - backend.services.RenderingService - WARNING - No particle buffer available for rendering
2025-09-29 17:38:26,301 - backend.services.StreamingWebService - WARNING - render_frame returned None without an exception. This indicates a potential logic flaw.
2025-09-29 17:38:26,306 - backend.engine.qualia_particle_engine - WARNING - Cannot compute: buffers not initialized or shader missing
2025-09-29 17:38:26,324 - backend.engine.qualia_particle_engine - WARNING - Cannot compute: buffers not initialized or shader missing
2025-09-29 17:38:26,334 - backend.services.RenderingService - WARNING - No particle buffer available for rendering
2025-09-29 17:38:26,334 - backend.services.StreamingWebService - WARNING - render_frame returned None without an exception. This indicates a potential logic flaw.
2025-09-29 17:38:26,340 - backend.engine.qualia_particle_engine - WARNING - Cannot compute: buffers not initialized or shader missing
2025-09-29 17:38:26,358 - backend.engine.qualia_particle_engine - WARNING - Cannot compute: buffers not initialized or shader missing
2025-09-29 17:38:26,367 - backend.services.RenderingService - WARNING - No particle buffer available for rendering
2025-09-29 17:38:26,367 - backend.services.StreamingWebService - WARNING - render_frame returned None without an exception. This indicates a potential logic flaw.
2025-09-29 17:38:26,375 - backend.engine.qualia_particle_engine - WARNING - Cannot compute: buffers not initialized or shader missing
2025-09-29 17:38:26,392 - backend.engine.qualia_particle_engine - WARNING - Cannot compute: buffers not initialized or shader missing
2025-09-29 17:38:26,400 - backend.services.RenderingService - WARNING - No particle buffer available for rendering
2025-09-29 17:38:26,400 - backend.services.StreamingWebService - WARNING - render_frame returned None without an exception. This indicates a potential logic flaw.
2025-09-29 17:38:26,408 - backend.engine.qualia_particle_engine - WARNING - Cannot compute: buffers not initialized or shader missing
2025-09-29 17:38:26,425 - backend.engine.qualia_particle_engine - WARNING - Cannot compute: buffers not initialized or shader missing
2025-09-29 17:38:26,433 - backend.services.RenderingService - WARNING - No particle buffer available for rendering
2025-09-29 17:38:26,433 - backend.services.StreamingWebService - WARNING - render_frame returned None without an exception. This indicates a potential logic flaw.
2025-09-29 17:38:26,442 - backend.engine.qualia_particle_engine - WARNING - Cannot compute: buffers not initialized or shader missing
2025-09-29 17:38:26,460 - backend.engine.qualia_particle_engine - WARNING - Cannot compute: buffers not initialized or shader missing
2025-09-29 17:38:26,466 - backend.services.RenderingService - WARNING - No particle buffer available for rendering
2025-09-29 17:38:26,466 - backend.services.StreamingWebService - WARNING - render_frame returned None without an exception. This indicates a potential logic flaw.
2025-09-29 17:38:26,476 - backend.engine.qualia_particle_engine - WARNING - Cannot compute: buffers not initialized or shader missing
2025-09-29 17:38:26,494 - backend.engine.qualia_particle_engine - WARNING - Cannot compute: buffers not initialized or shader missing
2025-09-29 17:38:26,499 - backend.services.RenderingService - WARNING - No particle buffer available for rendering
2025-09-29 17:38:26,499 - backend.services.StreamingWebService - WARNING - render_frame returned None without an exception. This indicates a potential logic flaw.
2025-09-29 17:38:26,510 - backend.engine.qualia_particle_engine - WARNING - Cannot compute: buffers not initialized or shader missing
2025-09-29 17:38:26,527 - backend.engine.qualia_particle_engine - WARNING - Cannot compute: buffers not initialized or shader missing
2025-09-29 17:38:26,532 - backend.services.RenderingService - WARNING - No particle buffer available for rendering
2025-09-29 17:38:26,532 - backend.services.StreamingWebService - WARNING - render_frame returned None without an exception. This indicates a potential logic flaw.
2025-09-29 17:38:26,544 - backend.engine.qualia_particle_engine - WARNING - Cannot compute: buffers not initialized or shader missing
2025-09-29 17:38:26,560 - backend.engine.qualia_particle_engine - WARNING - Cannot compute: buffers not initialized or shader missing
2025-09-29 17:38:26,565 - backend.services.RenderingService - WARNING - No particle buffer available for rendering
2025-09-29 17:38:26,566 - backend.services.StreamingWebService - WARNING - render_frame returned None without an exception. This indicates a potential logic flaw.
2025-09-29 17:38:26,576 - backend.engine.qualia_particle_engine - WARNING - Cannot compute: buffers not initialized or shader missing
2025-09-29 17:38:26,592 - backend.engine.qualia_particle_engine - WARNING - Cannot compute: buffers not initialized or shader missing
2025-09-29 17:38:26,598 - backend.services.RenderingService - WARNING - No particle buffer available for rendering
2025-09-29 17:38:26,598 - backend.services.StreamingWebService - WARNING - render_frame returned None without an exception. This indicates a potential logic flaw.
2025-09-29 17:38:26,609 - backend.engine.qualia_particle_engine - WARNING - Cannot compute: buffers not initialized or shader missing
2025-09-29 17:38:26,626 - backend.engine.qualia_particle_engine - WARNING - Cannot compute: buffers not initialized or shader missing
2025-09-29 17:38:26,631 - backend.services.RenderingService - WARNING - No particle buffer available for rendering
2025-09-29 17:38:26,631 - backend.services.StreamingWebService - WARNING - render_frame returned None without an exception. This indicates a potential logic flaw.
2025-09-29 17:38:26,642 - backend.engine.qualia_particle_engine - WARNING - Cannot compute: buffers not initialized or shader missing
2025-09-29 17:38:26,658 - backend.engine.qualia_particle_engine - WARNING - Cannot compute: buffers not initialized or shader missing
2025-09-29 17:38:26,665 - backend.services.RenderingService - WARNING - No particle buffer available for rendering
2025-09-29 17:38:26,665 - backend.services.StreamingWebService - WARNING - render_frame returned None without an exception. This indicates a potential logic flaw.
2025-09-29 17:38:26,674 - backend.engine.qualia_particle_engine - WARNING - Cannot compute: buffers not initialized or shader missing
2025-09-29 17:38:26,691 - backend.engine.qualia_particle_engine - WARNING - Cannot compute: buffers not initialized or shader missing
2025-09-29 17:38:26,698 - backend.services.RenderingService - WARNING - No particle buffer available for rendering
2025-09-29 17:38:26,698 - backend.services.StreamingWebService - WARNING - render_frame returned None without an exception. This indicates a potential logic flaw.
2025-09-29 17:38:26,707 - backend.engine.qualia_particle_engine - WARNING - Cannot compute: buffers not initialized or shader missing
2025-09-29 17:38:26,724 - backend.engine.qualia_particle_engine - WARNING - Cannot compute: buffers not initialized or shader missing
2025-09-29 17:38:26,732 - backend.services.RenderingService - WARNING - No particle buffer available for rendering
2025-09-29 17:38:26,732 - backend.services.StreamingWebService - WARNING - render_frame returned None without an exception. This indicates a potential logic flaw.
2025-09-29 17:38:26,740 - backend.engine.qualia_particle_engine - WARNING - Cannot compute: buffers not initialized or shader missing
2025-09-29 17:38:26,756 - backend.engine.qualia_particle_engine - WARNING - Cannot compute: buffers not initialized or shader missing
2025-09-29 17:38:26,766 - backend.services.RenderingService - WARNING - No particle buffer available for rendering
2025-09-29 17:38:26,766 - backend.services.StreamingWebService - WARNING - render_frame returned None without an exception. This indicates a potential logic flaw.
2025-09-29 17:38:26,772 - backend.engine.qualia_particle_engine - WARNING - Cannot compute: buffers not initialized or shader missing
2025-09-29 17:38:26,789 - backend.engine.qualia_particle_engine - WARNING - Cannot compute: buffers not initialized or shader missing
2025-09-29 17:38:26,799 - backend.services.RenderingService - WARNING - No particle buffer available for rendering
2025-09-29 17:38:26,799 - backend.services.StreamingWebService - WARNING - render_frame returned None without an exception. This indicates a potential logic flaw.
2025-09-29 17:38:26,806 - backend.engine.qualia_particle_engine - WARNING - Cannot compute: buffers not initialized or shader missing
2025-09-29 17:38:26,823 - backend.engine.qualia_particle_engine - WARNING - Cannot compute: buffers not initialized or shader missing
2025-09-29 17:38:26,832 - backend.services.RenderingService - WARNING - No particle buffer available for rendering
2025-09-29 17:38:26,832 - backend.services.StreamingWebService - WARNING - render_frame returned None without an exception. This indicates a potential logic flaw.
2025-09-29 17:38:26,840 - backend.engine.qualia_particle_engine - WARNING - Cannot compute: buffers not initialized or shader missing
2025-09-29 17:38:26,857 - backend.engine.qualia_particle_engine - WARNING - Cannot compute: buffers not initialized or shader missing
2025-09-29 17:38:26,865 - backend.services.RenderingService - WARNING - No particle buffer available for rendering
2025-09-29 17:38:26,866 - backend.services.StreamingWebService - WARNING - render_frame returned None without an exception. This indicates a potential logic flaw.
2025-09-29 17:38:26,873 - backend.engine.qualia_particle_engine - WARNING - Cannot compute: buffers not initialized or shader missing
2025-09-29 17:38:26,890 - backend.engine.qualia_particle_engine - WARNING - Cannot compute: buffers not initialized or shader missing
2025-09-29 17:38:26,898 - backend.services.RenderingService - WARNING - No particle buffer available for rendering
2025-09-29 17:38:26,898 - backend.services.StreamingWebService - WARNING - render_frame returned None without an exception. This indicates a potential logic flaw.
2025-09-29 17:38:26,906 - backend.engine.qualia_particle_engine - WARNING - Cannot compute: buffers not initialized or shader missing
2025-09-29 17:38:26,923 - backend.engine.qualia_particle_engine - WARNING - Cannot compute: buffers not initialized or shader missing
2025-09-29 17:38:26,931 - backend.services.RenderingService - WARNING - No particle buffer available for rendering
2025-09-29 17:38:26,931 - backend.services.StreamingWebService - WARNING - render_frame returned None without an exception. This indicates a potential logic flaw.
2025-09-29 17:38:26,940 - backend.engine.qualia_particle_engine - WARNING - Cannot compute: buffers not initialized or shader missing
2025-09-29 17:38:26,956 - backend.engine.qualia_particle_engine - WARNING - Cannot compute: buffers not initialized or shader missing
2025-09-29 17:38:26,964 - backend.services.RenderingService - WARNING - No particle buffer available for rendering
2025-09-29 17:38:26,965 - backend.services.StreamingWebService - WARNING - render_frame returned None without an exception. This indicates a potential logic flaw.
2025-09-29 17:38:26,972 - backend.engine.qualia_particle_engine - WARNING - Cannot compute: buffers not initialized or shader missing
2025-09-29 17:38:26,989 - backend.engine.qualia_particle_engine - WARNING - Cannot compute: buffers not initialized or shader missing
2025-09-29 17:38:26,997 - backend.services.RenderingService - WARNING - No particle buffer available for rendering
2025-09-29 17:38:26,997 - backend.services.StreamingWebService - WARNING - render_frame returned None without an exception. This indicates a potential logic flaw.
2025-09-29 17:38:27,006 - backend.engine.qualia_particle_engine - WARNING - Cannot compute: buffers not initialized or shader missing
2025-09-29 17:38:27,022 - backend.engine.qualia_particle_engine - WARNING - Cannot compute: buffers not initialized or shader missing
2025-09-29 17:38:27,031 - backend.services.RenderingService - WARNING - No particle buffer available for rendering
2025-09-29 17:38:27,031 - backend.services.StreamingWebService - WARNING - render_frame returned None without an exception. This indicates a potential logic flaw.
2025-09-29 17:38:27,038 - backend.engine.qualia_particle_engine - WARNING - Cannot compute: buffers not initialized or shader missing
2025-09-29 17:38:27,055 - backend.engine.qualia_particle_engine - WARNING - Cannot compute: buffers not initialized or shader missing
2025-09-29 17:38:27,063 - backend.services.RenderingService - WARNING - No particle buffer available for rendering
2025-09-29 17:38:27,063 - backend.services.StreamingWebService - WARNING - render_frame returned None without an exception. This indicates a potential logic flaw.
2025-09-29 17:38:27,072 - backend.engine.qualia_particle_engine - WARNING - Cannot compute: buffers not initialized or shader missing
2025-09-29 17:38:27,088 - backend.engine.qualia_particle_engine - WARNING - Cannot compute: buffers not initialized or shader missing
2025-09-29 17:38:27,097 - backend.services.RenderingService - WARNING - No particle buffer available for rendering
2025-09-29 17:38:27,097 - backend.services.StreamingWebService - WARNING - render_frame returned None without an exception. This indicates a potential logic flaw.
2025-09-29 17:38:27,104 - backend.engine.qualia_particle_engine - WARNING - Cannot compute: buffers not initialized or shader missing
2025-09-29 17:38:27,121 - backend.engine.qualia_particle_engine - WARNING - Cannot compute: buffers not initialized or shader missing
2025-09-29 17:38:27,129 - backend.services.RenderingService - WARNING - No particle buffer available for rendering
2025-09-29 17:38:27,129 - backend.services.StreamingWebService - WARNING - render_frame returned None without an exception. This indicates a potential logic flaw.
2025-09-29 17:38:27,138 - backend.engine.qualia_particle_engine - WARNING - Cannot compute: buffers not initialized or shader missing
2025-09-29 17:38:27,154 - backend.engine.qualia_particle_engine - WARNING - Cannot compute: buffers not initialized or shader missing
2025-09-29 17:38:27,162 - backend.services.RenderingService - WARNING - No particle buffer available for rendering
2025-09-29 17:38:27,163 - backend.services.StreamingWebService - WARNING - render_frame returned None without an exception. This indicates a potential logic flaw.
2025-09-29 17:38:27,170 - backend.engine.qualia_particle_engine - WARNING - Cannot compute: buffers not initialized or shader missing
2025-09-29 17:38:27,187 - backend.engine.qualia_particle_engine - WARNING - Cannot compute: buffers not initialized or shader missing
2025-09-29 17:38:27,195 - backend.services.RenderingService - WARNING - No particle buffer available for rendering
2025-09-29 17:38:27,195 - backend.services.StreamingWebService - WARNING - render_frame returned None without an exception. This indicates a potential logic flaw.
2025-09-29 17:38:27,204 - backend.engine.qualia_particle_engine - WARNING - Cannot compute: buffers not initialized or shader missing
2025-09-29 17:38:27,220 - backend.engine.qualia_particle_engine - WARNING - Cannot compute: buffers not initialized or shader missing
2025-09-29 17:38:27,229 - backend.services.RenderingService - WARNING - No particle buffer available for rendering
2025-09-29 17:38:27,229 - backend.services.StreamingWebService - WARNING - render_frame returned None without an exception. This indicates a potential logic flaw.
2025-09-29 17:38:27,236 - backend.engine.qualia_particle_engine - WARNING - Cannot compute: buffers not initialized or shader missing
2025-09-29 17:38:27,252 - backend.engine.qualia_particle_engine - WARNING - Cannot compute: buffers not initialized or shader missing
2025-09-29 17:38:27,261 - backend.services.RenderingService - WARNING - No particle buffer available for rendering
2025-09-29 17:38:27,261 - backend.services.StreamingWebService - WARNING - render_frame returned None without an exception. This indicates a potential logic flaw.
2025-09-29 17:38:27,269 - backend.engine.qualia_particle_engine - WARNING - Cannot compute: buffers not initialized or shader missing
2025-09-29 17:38:27,286 - backend.engine.qualia_particle_engine - WARNING - Cannot compute: buffers not initialized or shader missing
2025-09-29 17:38:27,295 - backend.services.RenderingService - WARNING - No particle buffer available for rendering
2025-09-29 17:38:27,295 - backend.services.StreamingWebService - WARNING - render_frame returned None without an exception. This indicates a potential logic flaw.
2025-09-29 17:38:27,302 - backend.engine.qualia_particle_engine - WARNING - Cannot compute: buffers not initialized or shader missing
2025-09-29 17:38:27,319 - backend.engine.qualia_particle_engine - WARNING - Cannot compute: buffers not initialized or shader missing
2025-09-29 17:38:27,327 - backend.services.RenderingService - WARNING - No particle buffer available for rendering
2025-09-29 17:38:27,327 - backend.services.StreamingWebService - WARNING - render_frame returned None without an exception. This indicates a potential logic flaw.
2025-09-29 17:38:27,336 - backend.engine.qualia_particle_engine - WARNING - Cannot compute: buffers not initialized or shader missing
2025-09-29 17:38:27,352 - backend.engine.qualia_particle_engine - WARNING - Cannot compute: buffers not initialized or shader missing
2025-09-29 17:38:27,361 - backend.services.RenderingService - WARNING - No particle buffer available for rendering
2025-09-29 17:38:27,361 - backend.services.StreamingWebService - WARNING - render_frame returned None without an exception. This indicates a potential logic flaw.
2025-09-29 17:38:27,368 - backend.engine.qualia_particle_engine - WARNING - Cannot compute: buffers not initialized or shader missing
2025-09-29 17:38:27,385 - backend.engine.qualia_particle_engine - WARNING - Cannot compute: buffers not initialized or shader missing
2025-09-29 17:38:27,393 - backend.services.RenderingService - WARNING - No particle buffer available for rendering
2025-09-29 17:38:27,393 - backend.services.StreamingWebService - WARNING - render_frame returned None without an exception. This indicates a potential logic flaw.
2025-09-29 17:38:27,401 - backend.engine.qualia_particle_engine - WARNING - Cannot compute: buffers not initialized or shader missing
2025-09-29 17:38:27,418 - backend.engine.qualia_particle_engine - WARNING - Cannot compute: buffers not initialized or shader missing
2025-09-29 17:38:27,426 - backend.services.RenderingService - WARNING - No particle buffer available for rendering
2025-09-29 17:38:27,427 - backend.services.StreamingWebService - WARNING - render_frame returned None without an exception. This indicates a potential logic flaw.
2025-09-29 17:38:27,434 - backend.engine.qualia_particle_engine - WARNING - Cannot compute: buffers not initialized or shader missing
2025-09-29 17:38:27,450 - backend.engine.qualia_particle_engine - WARNING - Cannot compute: buffers not initialized or shader missing
2025-09-29 17:38:27,460 - backend.services.RenderingService - WARNING - No particle buffer available for rendering
2025-09-29 17:38:27,460 - backend.services.StreamingWebService - WARNING - render_frame returned None without an exception. This indicates a potential logic flaw.
2025-09-29 17:38:27,466 - backend.engine.qualia_particle_engine - WARNING - Cannot compute: buffers not initialized or shader missing
2025-09-29 17:38:27,483 - backend.engine.qualia_particle_engine - WARNING - Cannot compute: buffers not initialized or shader missing
2025-09-29 17:38:27,493 - backend.services.RenderingService - WARNING - No particle buffer available for rendering
2025-09-29 17:38:27,493 - backend.services.StreamingWebService - WARNING - render_frame returned None without an exception. This indicates a potential logic flaw.
2025-09-29 17:38:27,499 - backend.engine.qualia_particle_engine - WARNING - Cannot compute: buffers not initialized or shader missing
2025-09-29 17:38:27,515 - backend.engine.qualia_particle_engine - WARNING - Cannot compute: buffers not initialized or shader missing
2025-09-29 17:38:27,527 - backend.services.RenderingService - WARNING - No particle buffer available for rendering
2025-09-29 17:38:27,527 - backend.services.StreamingWebService - WARNING - render_frame returned None without an exception. This indicates a potential logic flaw.
2025-09-29 17:38:27,531 - backend.engine.qualia_particle_engine - WARNING - Cannot compute: buffers not initialized or shader missing
2025-09-29 17:38:27,548 - backend.engine.qualia_particle_engine - WARNING - Cannot compute: buffers not initialized or shader missing
2025-09-29 17:38:27,559 - backend.services.RenderingService - WARNING - No particle buffer available for rendering
2025-09-29 17:38:27,559 - backend.services.StreamingWebService - WARNING - render_frame returned None without an exception. This indicates a potential logic flaw.
2025-09-29 17:38:27,564 - backend.engine.qualia_particle_engine - WARNING - Cannot compute: buffers not initialized or shader missing
2025-09-29 17:38:27,581 - backend.engine.qualia_particle_engine - WARNING - Cannot compute: buffers not initialized or shader missing
2025-09-29 17:38:27,592 - backend.services.RenderingService - WARNING - No particle buffer available for rendering
2025-09-29 17:38:27,593 - backend.services.StreamingWebService - WARNING - render_frame returned None without an exception. This indicates a potential logic flaw.
2025-09-29 17:38:27,597 - backend.engine.qualia_particle_engine - WARNING - Cannot compute: buffers not initialized or shader missing
2025-09-29 17:38:27,613 - backend.engine.qualia_particle_engine - WARNING - Cannot compute: buffers not initialized or shader missing
2025-09-29 17:38:27,625 - backend.services.RenderingService - WARNING - No particle buffer available for rendering
2025-09-29 17:38:27,625 - backend.services.StreamingWebService - WARNING - render_frame returned None without an exception. This indicates a potential logic flaw.
2025-09-29 17:38:27,629 - backend.engine.qualia_particle_engine - WARNING - Cannot compute: buffers not initialized or shader missing
2025-09-29 17:38:27,646 - backend.engine.qualia_particle_engine - WARNING - Cannot compute: buffers not initialized or shader missing
2025-09-29 17:38:27,658 - backend.services.RenderingService - WARNING - No particle buffer available for rendering
2025-09-29 17:38:27,658 - backend.services.StreamingWebService - WARNING - render_frame returned None without an exception. This indicates a potential logic flaw.
2025-09-29 17:38:27,663 - backend.engine.qualia_particle_engine - WARNING - Cannot compute: buffers not initialized or shader missing
2025-09-29 17:38:27,679 - backend.engine.qualia_particle_engine - WARNING - Cannot compute: buffers not initialized or shader missing
2025-09-29 17:38:27,692 - backend.services.RenderingService - WARNING - No particle buffer available for rendering
2025-09-29 17:38:27,692 - backend.services.StreamingWebService - WARNING - render_frame returned None without an exception. This indicates a potential logic flaw.
2025-09-29 17:38:27,695 - backend.engine.qualia_particle_engine - WARNING - Cannot compute: buffers not initialized or shader missing
2025-09-29 17:38:27,711 - backend.engine.qualia_particle_engine - WARNING - Cannot compute: buffers not initialized or shader missing
2025-09-29 17:38:27,725 - backend.services.RenderingService - WARNING - No particle buffer available for rendering
2025-09-29 17:38:27,725 - backend.services.StreamingWebService - WARNING - render_frame returned None without an exception. This indicates a potential logic flaw.
2025-09-29 17:38:27,728 - backend.engine.qualia_particle_engine - WARNING - Cannot compute: buffers not initialized or shader missing
2025-09-29 17:38:27,745 - backend.engine.qualia_particle_engine - WARNING - Cannot compute: buffers not initialized or shader missing
2025-09-29 17:38:27,758 - backend.services.RenderingService - WARNING - No particle buffer available for rendering
2025-09-29 17:38:27,758 - backend.services.StreamingWebService - WARNING - render_frame returned None without an exception. This indicates a potential logic flaw.
2025-09-29 17:38:27,762 - backend.engine.qualia_particle_engine - WARNING - Cannot compute: buffers not initialized or shader missing
2025-09-29 17:38:27,778 - backend.engine.qualia_particle_engine - WARNING - Cannot compute: buffers not initialized or shader missing
2025-09-29 17:38:27,792 - backend.services.RenderingService - WARNING - No particle buffer available for rendering
2025-09-29 17:38:27,792 - backend.services.StreamingWebService - WARNING - render_frame returned None without an exception. This indicates a potential logic flaw.
2025-09-29 17:38:27,794 - backend.engine.qualia_particle_engine - WARNING - Cannot compute: buffers not initialized or shader missing
2025-09-29 17:38:27,810 - backend.engine.qualia_particle_engine - WARNING - Cannot compute: buffers not initialized or shader missing
2025-09-29 17:38:27,825 - backend.services.RenderingService - WARNING - No particle buffer available for rendering
2025-09-29 17:38:27,825 - backend.services.StreamingWebService - WARNING - render_frame returned None without an exception. This indicates a potential logic flaw.
2025-09-29 17:38:27,827 - backend.engine.qualia_particle_engine - WARNING - Cannot compute: buffers not initialized or shader missing
2025-09-29 17:38:27,844 - backend.engine.qualia_particle_engine - WARNING - Cannot compute: buffers not initialized or shader missing
2025-09-29 17:38:27,858 - backend.services.RenderingService - WARNING - No particle buffer available for rendering
2025-09-29 17:38:27,858 - backend.services.StreamingWebService - WARNING - render_frame returned None without an exception. This indicates a potential logic flaw.
2025-09-29 17:38:27,861 - backend.engine.qualia_particle_engine - WARNING - Cannot compute: buffers not initialized or shader missing
2025-09-29 17:38:27,877 - backend.engine.qualia_particle_engine - WARNING - Cannot compute: buffers not initialized or shader missing
2025-09-29 17:38:27,892 - backend.services.RenderingService - WARNING - No particle buffer available for rendering
2025-09-29 17:38:27,892 - backend.services.StreamingWebService - WARNING - render_frame returned None without an exception. This indicates a potential logic flaw.
2025-09-29 17:38:27,893 - backend.engine.qualia_particle_engine - WARNING - Cannot compute: buffers not initialized or shader missing
2025-09-29 17:38:27,910 - backend.engine.qualia_particle_engine - WARNING - Cannot compute: buffers not initialized or shader missing
2025-09-29 17:38:27,925 - backend.services.RenderingService - WARNING - No particle buffer available for rendering
2025-09-29 17:38:27,925 - backend.services.StreamingWebService - WARNING - render_frame returned None without an exception. This indicates a potential logic flaw.
2025-09-29 17:38:27,927 - backend.engine.qualia_particle_engine - WARNING - Cannot compute: buffers not initialized or shader missing
2025-09-29 17:38:27,943 - backend.engine.qualia_particle_engine - WARNING - Cannot compute: buffers not initialized or shader missing
2025-09-29 17:38:27,958 - backend.services.RenderingService - WARNING - No particle buffer available for rendering
2025-09-29 17:38:27,959 - backend.services.StreamingWebService - WARNING - render_frame returned None without an exception. This indicates a potential logic flaw.
2025-09-29 17:38:27,959 - backend.engine.qualia_particle_engine - WARNING - Cannot compute: buffers not initialized or shader missing
2025-09-29 17:38:27,976 - backend.engine.qualia_particle_engine - WARNING - Cannot compute: buffers not initialized or shader missing
2025-09-29 17:38:27,992 - backend.services.RenderingService - WARNING - No particle buffer available for rendering
2025-09-29 17:38:27,992 - backend.services.StreamingWebService - WARNING - render_frame returned None without an exception. This indicates a potential logic flaw.
2025-09-29 17:38:27,992 - backend.engine.qualia_particle_engine - WARNING - Cannot compute: buffers not initialized or shader missing
2025-09-29 17:38:28,009 - backend.engine.qualia_particle_engine - WARNING - Cannot compute: buffers not initialized or shader missing
2025-09-29 17:38:28,026 - backend.services.RenderingService - WARNING - No particle buffer available for rendering
2025-09-29 17:38:28,026 - backend.services.StreamingWebService - WARNING - render_frame returned None without an exception. This indicates a potential logic flaw.
2025-09-29 17:38:28,026 - backend.engine.qualia_particle_engine - WARNING - Cannot compute: buffers not initialized or shader missing
2025-09-29 17:38:28,043 - backend.engine.qualia_particle_engine - WARNING - Cannot compute: buffers not initialized or shader missing
2025-09-29 17:38:28,059 - backend.services.RenderingService - WARNING - No particle buffer available for rendering
2025-09-29 17:38:28,059 - backend.services.StreamingWebService - WARNING - render_frame returned None without an exception. This indicates a potential logic flaw.
2025-09-29 17:38:28,060 - backend.engine.qualia_particle_engine - WARNING - Cannot compute: buffers not initialized or shader missing
2025-09-29 17:38:28,077 - backend.engine.qualia_particle_engine - WARNING - Cannot compute: buffers not initialized or shader missing
2025-09-29 17:38:28,092 - backend.services.RenderingService - WARNING - No particle buffer available for rendering
2025-09-29 17:38:28,092 - backend.services.StreamingWebService - WARNING - render_frame returned None without an exception. This indicates a potential logic flaw.
2025-09-29 17:38:28,093 - backend.engine.qualia_particle_engine - WARNING - Cannot compute: buffers not initialized or shader missing
2025-09-29 17:38:28,109 - backend.engine.qualia_particle_engine - WARNING - Cannot compute: buffers not initialized or shader missing
2025-09-29 17:38:28,125 - backend.services.RenderingService - WARNING - No particle buffer available for rendering
2025-09-29 17:38:28,126 - backend.services.StreamingWebService - WARNING - render_frame returned None without an exception. This indicates a potential logic flaw.
2025-09-29 17:38:28,126 - backend.engine.qualia_particle_engine - WARNING - Cannot compute: buffers not initialized or shader missing
2025-09-29 17:38:28,143 - backend.engine.qualia_particle_engine - WARNING - Cannot compute: buffers not initialized or shader missing
2025-09-29 17:38:28,158 - backend.services.RenderingService - WARNING - No particle buffer available for rendering
2025-09-29 17:38:28,158 - backend.services.StreamingWebService - WARNING - render_frame returned None without an exception. This indicates a potential logic flaw.
2025-09-29 17:38:28,160 - backend.engine.qualia_particle_engine - WARNING - Cannot compute: buffers not initialized or shader missing
2025-09-29 17:38:28,178 - backend.engine.qualia_particle_engine - WARNING - Cannot compute: buffers not initialized or shader missing
2025-09-29 17:38:28,191 - backend.services.RenderingService - WARNING - No particle buffer available for rendering
2025-09-29 17:38:28,191 - backend.services.StreamingWebService - WARNING - render_frame returned None without an exception. This indicates a potential logic flaw.
2025-09-29 17:38:28,194 - backend.engine.qualia_particle_engine - WARNING - Cannot compute: buffers not initialized or shader missing
2025-09-29 17:38:28,212 - backend.engine.qualia_particle_engine - WARNING - Cannot compute: buffers not initialized or shader missing
2025-09-29 17:38:28,224 - backend.services.RenderingService - WARNING - No particle buffer available for rendering
2025-09-29 17:38:28,224 - backend.services.StreamingWebService - WARNING - render_frame returned None without an exception. This indicates a potential logic flaw.
2025-09-29 17:38:28,228 - backend.engine.qualia_particle_engine - WARNING - Cannot compute: buffers not initialized or shader missing
2025-09-29 17:38:28,246 - backend.engine.qualia_particle_engine - WARNING - Cannot compute: buffers not initialized or shader missing
2025-09-29 17:38:28,257 - backend.services.RenderingService - WARNING - No particle buffer available for rendering
2025-09-29 17:38:28,257 - backend.services.StreamingWebService - WARNING - render_frame returned None without an exception. This indicates a potential logic flaw.
2025-09-29 17:38:28,262 - backend.engine.qualia_particle_engine - WARNING - Cannot compute: buffers not initialized or shader missing
2025-09-29 17:38:28,279 - backend.engine.qualia_particle_engine - WARNING - Cannot compute: buffers not initialized or shader missing
2025-09-29 17:38:28,290 - backend.services.RenderingService - WARNING - No particle buffer available for rendering
2025-09-29 17:38:28,290 - backend.services.StreamingWebService - WARNING - render_frame returned None without an exception. This indicates a potential logic flaw.
2025-09-29 17:38:28,295 - backend.engine.qualia_particle_engine - WARNING - Cannot compute: buffers not initialized or shader missing
2025-09-29 17:38:28,312 - backend.engine.qualia_particle_engine - WARNING - Cannot compute: buffers not initialized or shader missing
2025-09-29 17:38:28,324 - backend.services.RenderingService - WARNING - No particle buffer available for rendering
2025-09-29 17:38:28,324 - backend.services.StreamingWebService - WARNING - render_frame returned None without an exception. This indicates a potential logic flaw.
2025-09-29 17:38:28,329 - backend.engine.qualia_particle_engine - WARNING - Cannot compute: buffers not initialized or shader missing
2025-09-29 17:38:28,346 - backend.engine.qualia_particle_engine - WARNING - Cannot compute: buffers not initialized or shader missing
2025-09-29 17:38:28,356 - backend.services.RenderingService - WARNING - No particle buffer available for rendering
2025-09-29 17:38:28,356 - backend.services.StreamingWebService - WARNING - render_frame returned None without an exception. This indicates a potential logic flaw.
2025-09-29 17:38:28,364 - backend.engine.qualia_particle_engine - WARNING - Cannot compute: buffers not initialized or shader missing
2025-09-29 17:38:28,381 - backend.engine.qualia_particle_engine - WARNING - Cannot compute: buffers not initialized or shader missing
2025-09-29 17:38:28,389 - backend.services.RenderingService - WARNING - No particle buffer available for rendering
2025-09-29 17:38:28,389 - backend.services.StreamingWebService - WARNING - render_frame returned None without an exception. This indicates a potential logic flaw.
2025-09-29 17:38:28,397 - backend.engine.qualia_particle_engine - WARNING - Cannot compute: buffers not initialized or shader missing
2025-09-29 17:38:28,414 - backend.engine.qualia_particle_engine - WARNING - Cannot compute: buffers not initialized or shader missing
2025-09-29 17:38:28,422 - backend.services.RenderingService - WARNING - No particle buffer available for rendering
2025-09-29 17:38:28,422 - backend.services.StreamingWebService - WARNING - render_frame returned None without an exception. This indicates a potential logic flaw.
2025-09-29 17:38:28,431 - backend.engine.qualia_particle_engine - WARNING - Cannot compute: buffers not initialized or shader missing
2025-09-29 17:38:28,448 - backend.engine.qualia_particle_engine - WARNING - Cannot compute: buffers not initialized or shader missing
2025-09-29 17:38:28,455 - backend.services.RenderingService - WARNING - No particle buffer available for rendering
2025-09-29 17:38:28,455 - backend.services.StreamingWebService - WARNING - render_frame returned None without an exception. This indicates a potential logic flaw.
2025-09-29 17:38:28,464 - backend.engine.qualia_particle_engine - WARNING - Cannot compute: buffers not initialized or shader missing
2025-09-29 17:38:28,480 - backend.engine.qualia_particle_engine - WARNING - Cannot compute: buffers not initialized or shader missing
2025-09-29 17:38:28,488 - backend.services.RenderingService - WARNING - No particle buffer available for rendering
2025-09-29 17:38:28,488 - backend.services.StreamingWebService - WARNING - render_frame returned None without an exception. This indicates a potential logic flaw.
2025-09-29 17:38:28,496 - backend.engine.qualia_particle_engine - WARNING - Cannot compute: buffers not initialized or shader missing
2025-09-29 17:38:28,512 - backend.engine.qualia_particle_engine - WARNING - Cannot compute: buffers not initialized or shader missing
2025-09-29 17:38:28,521 - backend.services.RenderingService - WARNING - No particle buffer available for rendering
2025-09-29 17:38:28,521 - backend.services.StreamingWebService - WARNING - render_frame returned None without an exception. This indicates a potential logic flaw.
2025-09-29 17:38:28,528 - backend.engine.qualia_particle_engine - WARNING - Cannot compute: buffers not initialized or shader missing
2025-09-29 17:38:28,544 - backend.engine.qualia_particle_engine - WARNING - Cannot compute: buffers not initialized or shader missing
2025-09-29 17:38:28,556 - backend.services.RenderingService - WARNING - No particle buffer available for rendering
2025-09-29 17:38:28,556 - backend.services.StreamingWebService - WARNING - render_frame returned None without an exception. This indicates a potential logic flaw.
2025-09-29 17:38:28,560 - backend.engine.qualia_particle_engine - WARNING - Cannot compute: buffers not initialized or shader missing
2025-09-29 17:38:28,577 - backend.engine.qualia_particle_engine - WARNING - Cannot compute: buffers not initialized or shader missing
2025-09-29 17:38:28,589 - backend.services.RenderingService - WARNING - No particle buffer available for rendering
2025-09-29 17:38:28,589 - backend.services.StreamingWebService - WARNING - render_frame returned None without an exception. This indicates a potential logic flaw.
2025-09-29 17:38:28,593 - backend.engine.qualia_particle_engine - WARNING - Cannot compute: buffers not initialized or shader missing
2025-09-29 17:38:28,609 - backend.engine.qualia_particle_engine - WARNING - Cannot compute: buffers not initialized or shader missing
2025-09-29 17:38:28,623 - backend.services.RenderingService - WARNING - No particle buffer available for rendering
2025-09-29 17:38:28,623 - backend.services.StreamingWebService - WARNING - render_frame returned None without an exception. This indicates a potential logic flaw.
2025-09-29 17:38:28,625 - backend.engine.qualia_particle_engine - WARNING - Cannot compute: buffers not initialized or shader missing
2025-09-29 17:38:28,641 - backend.engine.qualia_particle_engine - WARNING - Cannot compute: buffers not initialized or shader missing
2025-09-29 17:38:28,655 - backend.services.RenderingService - WARNING - No particle buffer available for rendering
2025-09-29 17:38:28,655 - backend.services.StreamingWebService - WARNING - render_frame returned None without an exception. This indicates a potential logic flaw.
2025-09-29 17:38:28,658 - backend.engine.qualia_particle_engine - WARNING - Cannot compute: buffers not initialized or shader missing
2025-09-29 17:38:28,676 - backend.engine.qualia_particle_engine - WARNING - Cannot compute: buffers not initialized or shader missing
2025-09-29 17:38:28,688 - backend.services.RenderingService - WARNING - No particle buffer available for rendering
2025-09-29 17:38:28,688 - backend.services.StreamingWebService - WARNING - render_frame returned None without an exception. This indicates a potential logic flaw.
2025-09-29 17:38:28,692 - backend.engine.qualia_particle_engine - WARNING - Cannot compute: buffers not initialized or shader missing
2025-09-29 17:38:28,710 - backend.engine.qualia_particle_engine - WARNING - Cannot compute: buffers not initialized or shader missing
2025-09-29 17:38:28,721 - backend.services.RenderingService - WARNING - No particle buffer available for rendering
2025-09-29 17:38:28,721 - backend.services.StreamingWebService - WARNING - render_frame returned None without an exception. This indicates a potential logic flaw.
2025-09-29 17:38:28,727 - backend.engine.qualia_particle_engine - WARNING - Cannot compute: buffers not initialized or shader missing
2025-09-29 17:38:28,745 - backend.engine.qualia_particle_engine - WARNING - Cannot compute: buffers not initialized or shader missing
2025-09-29 17:38:28,754 - backend.services.RenderingService - WARNING - No particle buffer available for rendering
2025-09-29 17:38:28,754 - backend.services.StreamingWebService - WARNING - render_frame returned None without an exception. This indicates a potential logic flaw.
2025-09-29 17:38:28,761 - backend.engine.qualia_particle_engine - WARNING - Cannot compute: buffers not initialized or shader missing
2025-09-29 17:38:28,779 - backend.engine.qualia_particle_engine - WARNING - Cannot compute: buffers not initialized or shader missing
2025-09-29 17:38:28,787 - backend.services.RenderingService - WARNING - No particle buffer available for rendering
2025-09-29 17:38:28,787 - backend.services.StreamingWebService - WARNING - render_frame returned None without an exception. This indicates a potential logic flaw.
2025-09-29 17:38:28,796 - backend.engine.qualia_particle_engine - WARNING - Cannot compute: buffers not initialized or shader missing
2025-09-29 17:38:28,814 - backend.engine.qualia_particle_engine - WARNING - Cannot compute: buffers not initialized or shader missing
2025-09-29 17:38:28,820 - backend.services.RenderingService - WARNING - No particle buffer available for rendering
2025-09-29 17:38:28,820 - backend.services.StreamingWebService - WARNING - render_frame returned None without an exception. This indicates a potential logic flaw.
2025-09-29 17:38:28,831 - backend.engine.qualia_particle_engine - WARNING - Cannot compute: buffers not initialized or shader missing
2025-09-29 17:38:28,848 - backend.engine.qualia_particle_engine - WARNING - Cannot compute: buffers not initialized or shader missing
2025-09-29 17:38:28,853 - backend.services.RenderingService - WARNING - No particle buffer available for rendering
2025-09-29 17:38:28,853 - backend.services.StreamingWebService - WARNING - render_frame returned None without an exception. This indicates a potential logic flaw.
2025-09-29 17:38:28,864 - backend.engine.qualia_particle_engine - WARNING - Cannot compute: buffers not initialized or shader missing
2025-09-29 17:38:28,881 - backend.engine.qualia_particle_engine - WARNING - Cannot compute: buffers not initialized or shader missing
2025-09-29 17:38:28,887 - backend.services.RenderingService - WARNING - No particle buffer available for rendering
2025-09-29 17:38:28,887 - backend.services.StreamingWebService - WARNING - render_frame returned None without an exception. This indicates a potential logic flaw.
2025-09-29 17:38:28,898 - backend.engine.qualia_particle_engine - WARNING - Cannot compute: buffers not initialized or shader missing
2025-09-29 17:38:28,914 - backend.engine.qualia_particle_engine - WARNING - Cannot compute: buffers not initialized or shader missing
2025-09-29 17:38:28,920 - backend.services.RenderingService - WARNING - No particle buffer available for rendering
2025-09-29 17:38:28,920 - backend.services.StreamingWebService - WARNING - render_frame returned None without an exception. This indicates a potential logic flaw.
2025-09-29 17:38:28,930 - backend.engine.qualia_particle_engine - WARNING - Cannot compute: buffers not initialized or shader missing
2025-09-29 17:38:28,946 - backend.engine.qualia_particle_engine - WARNING - Cannot compute: buffers not initialized or shader missing
2025-09-29 17:38:28,953 - backend.services.RenderingService - WARNING - No particle buffer available for rendering
2025-09-29 17:38:28,954 - backend.services.StreamingWebService - WARNING - render_frame returned None without an exception. This indicates a potential logic flaw.
2025-09-29 17:38:28,962 - backend.engine.qualia_particle_engine - WARNING - Cannot compute: buffers not initialized or shader missing
2025-09-29 17:38:28,979 - backend.engine.qualia_particle_engine - WARNING - Cannot compute: buffers not initialized or shader missing
2025-09-29 17:38:28,986 - backend.services.RenderingService - WARNING - No particle buffer available for rendering
2025-09-29 17:38:28,986 - backend.services.StreamingWebService - WARNING - render_frame returned None without an exception. This indicates a potential logic flaw.
2025-09-29 17:38:28,996 - backend.engine.qualia_particle_engine - WARNING - Cannot compute: buffers not initialized or shader missing
2025-09-29 17:38:29,013 - backend.engine.qualia_particle_engine - WARNING - Cannot compute: buffers not initialized or shader missing
2025-09-29 17:38:29,019 - backend.services.RenderingService - WARNING - No particle buffer available for rendering
2025-09-29 17:38:29,019 - backend.services.StreamingWebService - WARNING - render_frame returned None without an exception. This indicates a potential logic flaw.
2025-09-29 17:38:29,030 - backend.engine.qualia_particle_engine - WARNING - Cannot compute: buffers not initialized or shader missing
2025-09-29 17:38:29,047 - backend.engine.qualia_particle_engine - WARNING - Cannot compute: buffers not initialized or shader missing
2025-09-29 17:38:29,052 - backend.services.RenderingService - WARNING - No particle buffer available for rendering
2025-09-29 17:38:29,052 - backend.services.StreamingWebService - WARNING - render_frame returned None without an exception. This indicates a potential logic flaw.
2025-09-29 17:38:29,064 - backend.engine.qualia_particle_engine - WARNING - Cannot compute: buffers not initialized or shader missing
2025-09-29 17:38:29,082 - backend.engine.qualia_particle_engine - WARNING - Cannot compute: buffers not initialized or shader missing
2025-09-29 17:38:29,085 - backend.services.RenderingService - WARNING - No particle buffer available for rendering
2025-09-29 17:38:29,085 - backend.services.StreamingWebService - WARNING - render_frame returned None without an exception. This indicates a potential logic flaw.
2025-09-29 17:38:29,098 - backend.engine.qualia_particle_engine - WARNING - Cannot compute: buffers not initialized or shader missing
2025-09-29 17:38:29,115 - backend.engine.qualia_particle_engine - WARNING - Cannot compute: buffers not initialized or shader missing
2025-09-29 17:38:29,118 - backend.services.RenderingService - WARNING - No particle buffer available for rendering
2025-09-29 17:38:29,118 - backend.services.StreamingWebService - WARNING - render_frame returned None without an exception. This indicates a potential logic flaw.
2025-09-29 17:38:29,132 - backend.engine.qualia_particle_engine - WARNING - Cannot compute: buffers not initialized or shader missing
2025-09-29 17:38:29,150 - backend.engine.qualia_particle_engine - WARNING - Cannot compute: buffers not initialized or shader missing
2025-09-29 17:38:29,151 - backend.services.RenderingService - WARNING - No particle buffer available for rendering
2025-09-29 17:38:29,151 - backend.services.StreamingWebService - WARNING - render_frame returned None without an exception. This indicates a potential logic flaw.
2025-09-29 17:38:29,166 - backend.engine.qualia_particle_engine - WARNING - Cannot compute: buffers not initialized or shader missing
2025-09-29 17:38:29,183 - backend.engine.qualia_particle_engine - WARNING - Cannot compute: buffers not initialized or shader missing
2025-09-29 17:38:29,185 - backend.services.RenderingService - WARNING - No particle buffer available for rendering
2025-09-29 17:38:29,185 - backend.services.StreamingWebService - WARNING - render_frame returned None without an exception. This indicates a potential logic flaw.
2025-09-29 17:38:29,200 - backend.engine.qualia_particle_engine - WARNING - Cannot compute: buffers not initialized or shader missing
2025-09-29 17:38:29,217 - backend.engine.qualia_particle_engine - WARNING - Cannot compute: buffers not initialized or shader missing
2025-09-29 17:38:29,219 - backend.services.RenderingService - WARNING - No particle buffer available for rendering
2025-09-29 17:38:29,219 - backend.services.StreamingWebService - WARNING - render_frame returned None without an exception. This indicates a potential logic flaw.
2025-09-29 17:38:29,233 - backend.engine.qualia_particle_engine - WARNING - Cannot compute: buffers not initialized or shader missing
2025-09-29 17:38:29,250 - backend.engine.qualia_particle_engine - WARNING - Cannot compute: buffers not initialized or shader missing
2025-09-29 17:38:29,251 - backend.services.RenderingService - WARNING - No particle buffer available for rendering
2025-09-29 17:38:29,251 - backend.services.StreamingWebService - WARNING - render_frame returned None without an exception. This indicates a potential logic flaw.
2025-09-29 17:38:29,268 - backend.engine.qualia_particle_engine - WARNING - Cannot compute: buffers not initialized or shader missing
2025-09-29 17:38:29,284 - backend.services.RenderingService - WARNING - No particle buffer available for rendering
2025-09-29 17:38:29,284 - backend.services.StreamingWebService - WARNING - render_frame returned None without an exception. This indicates a potential logic flaw.
2025-09-29 17:38:29,285 - backend.engine.qualia_particle_engine - WARNING - Cannot compute: buffers not initialized or shader missing
2025-09-29 17:38:29,303 - backend.engine.qualia_particle_engine - WARNING - Cannot compute: buffers not initialized or shader missing
2025-09-29 17:38:29,317 - backend.services.RenderingService - WARNING - No particle buffer available for rendering
2025-09-29 17:38:29,317 - backend.services.StreamingWebService - WARNING - render_frame returned None without an exception. This indicates a potential logic flaw.
2025-09-29 17:38:29,320 - backend.engine.qualia_particle_engine - WARNING - Cannot compute: buffers not initialized or shader missing
2025-09-29 17:38:29,337 - backend.engine.qualia_particle_engine - WARNING - Cannot compute: buffers not initialized or shader missing
2025-09-29 17:38:29,350 - backend.services.RenderingService - WARNING - No particle buffer available for rendering
2025-09-29 17:38:29,350 - backend.services.StreamingWebService - WARNING - render_frame returned None without an exception. This indicates a potential logic flaw.
2025-09-29 17:38:29,353 - backend.engine.qualia_particle_engine - WARNING - Cannot compute: buffers not initialized or shader missing
2025-09-29 17:38:29,369 - backend.engine.qualia_particle_engine - WARNING - Cannot compute: buffers not initialized or shader missing
2025-09-29 17:38:29,384 - backend.services.RenderingService - WARNING - No particle buffer available for rendering
2025-09-29 17:38:29,384 - backend.services.StreamingWebService - WARNING - render_frame returned None without an exception. This indicates a potential logic flaw.
2025-09-29 17:38:29,385 - backend.engine.qualia_particle_engine - WARNING - Cannot compute: buffers not initialized or shader missing
2025-09-29 17:38:29,402 - backend.engine.qualia_particle_engine - WARNING - Cannot compute: buffers not initialized or shader missing
2025-09-29 17:38:29,417 - backend.services.RenderingService - WARNING - No particle buffer available for rendering
2025-09-29 17:38:29,417 - backend.services.StreamingWebService - WARNING - render_frame returned None without an exception. This indicates a potential logic flaw.
2025-09-29 17:38:29,419 - backend.engine.qualia_particle_engine - WARNING - Cannot compute: buffers not initialized or shader missing
2025-09-29 17:38:29,436 - backend.engine.qualia_particle_engine - WARNING - Cannot compute: buffers not initialized or shader missing
2025-09-29 17:38:29,450 - backend.services.RenderingService - WARNING - No particle buffer available for rendering
2025-09-29 17:38:29,450 - backend.services.StreamingWebService - WARNING - render_frame returned None without an exception. This indicates a potential logic flaw.
2025-09-29 17:38:29,453 - backend.engine.qualia_particle_engine - WARNING - Cannot compute: buffers not initialized or shader missing
2025-09-29 17:38:29,469 - backend.engine.qualia_particle_engine - WARNING - Cannot compute: buffers not initialized or shader missing
2025-09-29 17:38:29,483 - backend.services.RenderingService - WARNING - No particle buffer available for rendering
2025-09-29 17:38:29,483 - backend.services.StreamingWebService - WARNING - render_frame returned None without an exception. This indicates a potential logic flaw.
2025-09-29 17:38:29,485 - backend.engine.qualia_particle_engine - WARNING - Cannot compute: buffers not initialized or shader missing
2025-09-29 17:38:29,502 - backend.engine.qualia_particle_engine - WARNING - Cannot compute: buffers not initialized or shader missing
2025-09-29 17:38:29,516 - backend.services.RenderingService - WARNING - No particle buffer available for rendering
2025-09-29 17:38:29,517 - backend.services.StreamingWebService - WARNING - render_frame returned None without an exception. This indicates a potential logic flaw.
2025-09-29 17:38:29,519 - backend.engine.qualia_particle_engine - WARNING - Cannot compute: buffers not initialized or shader missing
2025-09-29 17:38:29,536 - backend.engine.qualia_particle_engine - WARNING - Cannot compute: buffers not initialized or shader missing
2025-09-29 17:38:29,550 - backend.services.RenderingService - WARNING - No particle buffer available for rendering
2025-09-29 17:38:29,550 - backend.services.StreamingWebService - WARNING - render_frame returned None without an exception. This indicates a potential logic flaw.
2025-09-29 17:38:29,552 - backend.engine.qualia_particle_engine - WARNING - Cannot compute: buffers not initialized or shader missing
2025-09-29 17:38:29,569 - backend.engine.qualia_particle_engine - WARNING - Cannot compute: buffers not initialized or shader missing
2025-09-29 17:38:29,582 - backend.services.RenderingService - WARNING - No particle buffer available for rendering
2025-09-29 17:38:29,582 - backend.services.StreamingWebService - WARNING - render_frame returned None without an exception. This indicates a potential logic flaw.
2025-09-29 17:38:29,586 - backend.engine.qualia_particle_engine - WARNING - Cannot compute: buffers not initialized or shader missing
2025-09-29 17:38:29,602 - backend.engine.qualia_particle_engine - WARNING - Cannot compute: buffers not initialized or shader missing
2025-09-29 17:38:29,615 - backend.services.RenderingService - WARNING - No particle buffer available for rendering
2025-09-29 17:38:29,616 - backend.services.StreamingWebService - WARNING - render_frame returned None without an exception. This indicates a potential logic flaw.
2025-09-29 17:38:29,618 - backend.engine.qualia_particle_engine - WARNING - Cannot compute: buffers not initialized or shader missing
2025-09-29 17:38:29,634 - backend.engine.qualia_particle_engine - WARNING - Cannot compute: buffers not initialized or shader missing
2025-09-29 17:38:29,649 - backend.services.RenderingService - WARNING - No particle buffer available for rendering
2025-09-29 17:38:29,649 - backend.services.StreamingWebService - WARNING - render_frame returned None without an exception. This indicates a potential logic flaw.
2025-09-29 17:38:29,650 - backend.engine.qualia_particle_engine - WARNING - Cannot compute: buffers not initialized or shader missing
2025-09-29 17:38:29,667 - backend.engine.qualia_particle_engine - WARNING - Cannot compute: buffers not initialized or shader missing
2025-09-29 17:38:29,682 - backend.services.RenderingService - WARNING - No particle buffer available for rendering
2025-09-29 17:38:29,682 - backend.services.StreamingWebService - WARNING - render_frame returned None without an exception. This indicates a potential logic flaw.
2025-09-29 17:38:29,684 - backend.engine.qualia_particle_engine - WARNING - Cannot compute: buffers not initialized or shader missing
2025-09-29 17:38:29,700 - backend.engine.qualia_particle_engine - WARNING - Cannot compute: buffers not initialized or shader missing
2025-09-29 17:38:29,715 - backend.services.RenderingService - WARNING - No particle buffer available for rendering
2025-09-29 17:38:29,715 - backend.services.StreamingWebService - WARNING - render_frame returned None without an exception. This indicates a potential logic flaw.
2025-09-29 17:38:29,717 - backend.engine.qualia_particle_engine - WARNING - Cannot compute: buffers not initialized or shader missing
2025-09-29 17:38:29,733 - backend.engine.qualia_particle_engine - WARNING - Cannot compute: buffers not initialized or shader missing
2025-09-29 17:38:29,749 - backend.services.RenderingService - WARNING - No particle buffer available for rendering
2025-09-29 17:38:29,749 - backend.services.StreamingWebService - WARNING - render_frame returned None without an exception. This indicates a potential logic flaw.
2025-09-29 17:38:29,749 - backend.engine.qualia_particle_engine - WARNING - Cannot compute: buffers not initialized or shader missing
2025-09-29 17:38:29,766 - backend.engine.qualia_particle_engine - WARNING - Cannot compute: buffers not initialized or shader missing
2025-09-29 17:38:29,782 - backend.services.RenderingService - WARNING - No particle buffer available for rendering
2025-09-29 17:38:29,782 - backend.services.StreamingWebService - WARNING - render_frame returned None without an exception. This indicates a potential logic flaw.
2025-09-29 17:38:29,782 - backend.engine.qualia_particle_engine - WARNING - Cannot compute: buffers not initialized or shader missing
2025-09-29 17:38:29,799 - backend.engine.qualia_particle_engine - WARNING - Cannot compute: buffers not initialized or shader missing
2025-09-29 17:38:29,815 - backend.services.RenderingService - WARNING - No particle buffer available for rendering
2025-09-29 17:38:29,815 - backend.services.StreamingWebService - WARNING - render_frame returned None without an exception. This indicates a potential logic flaw.
2025-09-29 17:38:29,816 - backend.engine.qualia_particle_engine - WARNING - Cannot compute: buffers not initialized or shader missing
2025-09-29 17:38:29,833 - backend.engine.qualia_particle_engine - WARNING - Cannot compute: buffers not initialized or shader missing
2025-09-29 17:38:29,848 - backend.services.RenderingService - WARNING - No particle buffer available for rendering
2025-09-29 17:38:29,849 - backend.services.StreamingWebService - WARNING - render_frame returned None without an exception. This indicates a potential logic flaw.
2025-09-29 17:38:29,849 - backend.engine.qualia_particle_engine - WARNING - Cannot compute: buffers not initialized or shader missing
2025-09-29 17:38:29,866 - backend.engine.qualia_particle_engine - WARNING - Cannot compute: buffers not initialized or shader missing
2025-09-29 17:38:29,882 - backend.services.RenderingService - WARNING - No particle buffer available for rendering
2025-09-29 17:38:29,882 - backend.services.StreamingWebService - WARNING - render_frame returned None without an exception. This indicates a potential logic flaw.
2025-09-29 17:38:29,882 - backend.engine.qualia_particle_engine - WARNING - Cannot compute: buffers not initialized or shader missing
2025-09-29 17:38:29,899 - backend.engine.qualia_particle_engine - WARNING - Cannot compute: buffers not initialized or shader missing
2025-09-29 17:38:29,914 - backend.services.RenderingService - WARNING - No particle buffer available for rendering
2025-09-29 17:38:29,914 - backend.services.StreamingWebService - WARNING - render_frame returned None without an exception. This indicates a potential logic flaw.
2025-09-29 17:38:29,916 - backend.engine.qualia_particle_engine - WARNING - Cannot compute: buffers not initialized or shader missing
2025-09-29 17:38:29,932 - backend.engine.qualia_particle_engine - WARNING - Cannot compute: buffers not initialized or shader missing
2025-09-29 17:38:29,947 - backend.services.RenderingService - WARNING - No particle buffer available for rendering
2025-09-29 17:38:29,948 - backend.services.StreamingWebService - WARNING - render_frame returned None without an exception. This indicates a potential logic flaw.
2025-09-29 17:38:29,948 - backend.engine.qualia_particle_engine - WARNING - Cannot compute: buffers not initialized or shader missing
2025-09-29 17:38:29,965 - backend.engine.qualia_particle_engine - WARNING - Cannot compute: buffers not initialized or shader missing
2025-09-29 17:38:29,981 - backend.services.RenderingService - WARNING - No particle buffer available for rendering
2025-09-29 17:38:29,981 - backend.services.StreamingWebService - WARNING - render_frame returned None without an exception. This indicates a potential logic flaw.
2025-09-29 17:38:29,981 - backend.engine.qualia_particle_engine - WARNING - Cannot compute: buffers not initialized or shader missing
2025-09-29 17:38:29,998 - backend.engine.qualia_particle_engine - WARNING - Cannot compute: buffers not initialized or shader missing
2025-09-29 17:38:30,013 - backend.services.RenderingService - WARNING - No particle buffer available for rendering
2025-09-29 17:38:30,013 - backend.services.StreamingWebService - WARNING - render_frame returned None without an exception. This indicates a potential logic flaw.
2025-09-29 17:38:30,015 - backend.engine.qualia_particle_engine - WARNING - Cannot compute: buffers not initialized or shader missing
2025-09-29 17:38:30,031 - backend.engine.qualia_particle_engine - WARNING - Cannot compute: buffers not initialized or shader missing
2025-09-29 17:38:30,046 - backend.services.RenderingService - WARNING - No particle buffer available for rendering
2025-09-29 17:38:30,046 - backend.services.StreamingWebService - WARNING - render_frame returned None without an exception. This indicates a potential logic flaw.
2025-09-29 17:38:30,047 - backend.engine.qualia_particle_engine - WARNING - Cannot compute: buffers not initialized or shader missing
2025-09-29 17:38:30,063 - backend.engine.qualia_particle_engine - WARNING - Cannot compute: buffers not initialized or shader missing
2025-09-29 17:38:30,079 - backend.services.RenderingService - WARNING - No particle buffer available for rendering
2025-09-29 17:38:30,079 - backend.services.StreamingWebService - WARNING - render_frame returned None without an exception. This indicates a potential logic flaw.
2025-09-29 17:38:30,080 - backend.engine.qualia_particle_engine - WARNING - Cannot compute: buffers not initialized or shader missing
2025-09-29 17:38:30,097 - backend.engine.qualia_particle_engine - WARNING - Cannot compute: buffers not initialized or shader missing
2025-09-29 17:38:30,113 - backend.services.RenderingService - WARNING - No particle buffer available for rendering
2025-09-29 17:38:30,113 - backend.services.StreamingWebService - WARNING - render_frame returned None without an exception. This indicates a potential logic flaw.
2025-09-29 17:38:30,115 - backend.engine.qualia_particle_engine - WARNING - Cannot compute: buffers not initialized or shader missing
2025-09-29 17:38:30,132 - backend.engine.qualia_particle_engine - WARNING - Cannot compute: buffers not initialized or shader missing
2025-09-29 17:38:30,146 - backend.services.RenderingService - WARNING - No particle buffer available for rendering
2025-09-29 17:38:30,146 - backend.services.StreamingWebService - WARNING - render_frame returned None without an exception. This indicates a potential logic flaw.
2025-09-29 17:38:30,149 - backend.engine.qualia_particle_engine - WARNING - Cannot compute: buffers not initialized or shader missing
2025-09-29 17:38:30,167 - backend.engine.qualia_particle_engine - WARNING - Cannot compute: buffers not initialized or shader missing
2025-09-29 17:38:30,179 - backend.services.RenderingService - WARNING - No particle buffer available for rendering
2025-09-29 17:38:30,179 - backend.services.StreamingWebService - WARNING - render_frame returned None without an exception. This indicates a potential logic flaw.
2025-09-29 17:38:30,184 - backend.engine.qualia_particle_engine - WARNING - Cannot compute: buffers not initialized or shader missing
2025-09-29 17:38:30,201 - backend.engine.qualia_particle_engine - WARNING - Cannot compute: buffers not initialized or shader missing
2025-09-29 17:38:30,212 - backend.services.RenderingService - WARNING - No particle buffer available for rendering
2025-09-29 17:38:30,212 - backend.services.StreamingWebService - WARNING - render_frame returned None without an exception. This indicates a potential logic flaw.
2025-09-29 17:38:30,219 - backend.engine.qualia_particle_engine - WARNING - Cannot compute: buffers not initialized or shader missing
2025-09-29 17:38:30,236 - backend.engine.qualia_particle_engine - WARNING - Cannot compute: buffers not initialized or shader missing
2025-09-29 17:38:30,246 - backend.services.RenderingService - WARNING - No particle buffer available for rendering
2025-09-29 17:38:30,246 - backend.services.StreamingWebService - WARNING - render_frame returned None without an exception. This indicates a potential logic flaw.
2025-09-29 17:38:30,253 - backend.engine.qualia_particle_engine - WARNING - Cannot compute: buffers not initialized or shader missing
2025-09-29 17:38:30,270 - backend.engine.qualia_particle_engine - WARNING - Cannot compute: buffers not initialized or shader missing
2025-09-29 17:38:30,278 - backend.services.RenderingService - WARNING - No particle buffer available for rendering
2025-09-29 17:38:30,279 - backend.services.StreamingWebService - WARNING - render_frame returned None without an exception. This indicates a potential logic flaw.
2025-09-29 17:38:30,287 - backend.engine.qualia_particle_engine - WARNING - Cannot compute: buffers not initialized or shader missing
2025-09-29 17:38:30,304 - backend.engine.qualia_particle_engine - WARNING - Cannot compute: buffers not initialized or shader missing
2025-09-29 17:38:30,312 - backend.services.RenderingService - WARNING - No particle buffer available for rendering
2025-09-29 17:38:30,312 - backend.services.StreamingWebService - WARNING - render_frame returned None without an exception. This indicates a potential logic flaw.
2025-09-29 17:38:30,320 - backend.engine.qualia_particle_engine - WARNING - Cannot compute: buffers not initialized or shader missing
2025-09-29 17:38:30,337 - backend.engine.qualia_particle_engine - WARNING - Cannot compute: buffers not initialized or shader missing
2025-09-29 17:38:30,345 - backend.services.RenderingService - WARNING - No particle buffer available for rendering
2025-09-29 17:38:30,346 - backend.services.StreamingWebService - WARNING - render_frame returned None without an exception. This indicates a potential logic flaw.
2025-09-29 17:38:30,354 - backend.engine.qualia_particle_engine - WARNING - Cannot compute: buffers not initialized or shader missing
2025-09-29 17:38:30,371 - backend.engine.qualia_particle_engine - WARNING - Cannot compute: buffers not initialized or shader missing
2025-09-29 17:38:30,379 - backend.services.RenderingService - WARNING - No particle buffer available for rendering
2025-09-29 17:38:30,379 - backend.services.StreamingWebService - WARNING - render_frame returned None without an exception. This indicates a potential logic flaw.
2025-09-29 17:38:30,387 - backend.engine.qualia_particle_engine - WARNING - Cannot compute: buffers not initialized or shader missing
2025-09-29 17:38:30,403 - backend.engine.qualia_particle_engine - WARNING - Cannot compute: buffers not initialized or shader missing
2025-09-29 17:38:30,412 - backend.services.RenderingService - WARNING - No particle buffer available for rendering
2025-09-29 17:38:30,412 - backend.services.StreamingWebService - WARNING - render_frame returned None without an exception. This indicates a potential logic flaw.
2025-09-29 17:38:30,420 - backend.engine.qualia_particle_engine - WARNING - Cannot compute: buffers not initialized or shader missing
2025-09-29 17:38:30,437 - backend.engine.qualia_particle_engine - WARNING - Cannot compute: buffers not initialized or shader missing
2025-09-29 17:38:30,445 - backend.services.RenderingService - WARNING - No particle buffer available for rendering
2025-09-29 17:38:30,445 - backend.services.StreamingWebService - WARNING - render_frame returned None without an exception. This indicates a potential logic flaw.
2025-09-29 17:38:30,453 - backend.engine.qualia_particle_engine - WARNING - Cannot compute: buffers not initialized or shader missing
2025-09-29 17:38:30,470 - backend.engine.qualia_particle_engine - WARNING - Cannot compute: buffers not initialized or shader missing
2025-09-29 17:38:30,478 - backend.services.RenderingService - WARNING - No particle buffer available for rendering
2025-09-29 17:38:30,479 - backend.services.StreamingWebService - WARNING - render_frame returned None without an exception. This indicates a potential logic flaw.
2025-09-29 17:38:30,487 - backend.engine.qualia_particle_engine - WARNING - Cannot compute: buffers not initialized or shader missing
2025-09-29 17:38:30,503 - backend.engine.qualia_particle_engine - WARNING - Cannot compute: buffers not initialized or shader missing
2025-09-29 17:38:30,511 - backend.services.RenderingService - WARNING - No particle buffer available for rendering
2025-09-29 17:38:30,511 - backend.services.StreamingWebService - WARNING - render_frame returned None without an exception. This indicates a potential logic flaw.
2025-09-29 17:38:30,520 - backend.engine.qualia_particle_engine - WARNING - Cannot compute: buffers not initialized or shader missing
2025-09-29 17:38:30,537 - backend.engine.qualia_particle_engine - WARNING - Cannot compute: buffers not initialized or shader missing
2025-09-29 17:38:30,545 - backend.services.RenderingService - WARNING - No particle buffer available for rendering
2025-09-29 17:38:30,545 - backend.services.StreamingWebService - WARNING - render_frame returned None without an exception. This indicates a potential logic flaw.
2025-09-29 17:38:30,553 - backend.engine.qualia_particle_engine - WARNING - Cannot compute: buffers not initialized or shader missing
2025-09-29 17:38:30,570 - backend.engine.qualia_particle_engine - WARNING - Cannot compute: buffers not initialized or shader missing
2025-09-29 17:38:30,578 - backend.services.RenderingService - WARNING - No particle buffer available for rendering
2025-09-29 17:38:30,578 - backend.services.StreamingWebService - WARNING - render_frame returned None without an exception. This indicates a potential logic flaw.
2025-09-29 17:38:30,586 - backend.engine.qualia_particle_engine - WARNING - Cannot compute: buffers not initialized or shader missing
2025-09-29 17:38:30,603 - backend.engine.qualia_particle_engine - WARNING - Cannot compute: buffers not initialized or shader missing
2025-09-29 17:38:30,611 - backend.services.RenderingService - WARNING - No particle buffer available for rendering
2025-09-29 17:38:30,612 - backend.services.StreamingWebService - WARNING - render_frame returned None without an exception. This indicates a potential logic flaw.
2025-09-29 17:38:30,619 - backend.engine.qualia_particle_engine - WARNING - Cannot compute: buffers not initialized or shader missing
2025-09-29 17:38:30,635 - backend.engine.qualia_particle_engine - WARNING - Cannot compute: buffers not initialized or shader missing
2025-09-29 17:38:30,644 - backend.services.RenderingService - WARNING - No particle buffer available for rendering
2025-09-29 17:38:30,644 - backend.services.StreamingWebService - WARNING - render_frame returned None without an exception. This indicates a potential logic flaw.
2025-09-29 17:38:30,652 - backend.engine.qualia_particle_engine - WARNING - Cannot compute: buffers not initialized or shader missing
2025-09-29 17:38:30,669 - backend.engine.qualia_particle_engine - WARNING - Cannot compute: buffers not initialized or shader missing
2025-09-29 17:38:30,677 - backend.services.RenderingService - WARNING - No particle buffer available for rendering
2025-09-29 17:38:30,677 - backend.services.StreamingWebService - WARNING - render_frame returned None without an exception. This indicates a potential logic flaw.
2025-09-29 17:38:30,686 - backend.engine.qualia_particle_engine - WARNING - Cannot compute: buffers not initialized or shader missing
2025-09-29 17:38:30,702 - backend.engine.qualia_particle_engine - WARNING - Cannot compute: buffers not initialized or shader missing
2025-09-29 17:38:30,711 - backend.services.RenderingService - WARNING - No particle buffer available for rendering
2025-09-29 17:38:30,711 - backend.services.StreamingWebService - WARNING - render_frame returned None without an exception. This indicates a potential logic flaw.
2025-09-29 17:38:30,718 - backend.engine.qualia_particle_engine - WARNING - Cannot compute: buffers not initialized or shader missing
2025-09-29 17:38:30,735 - backend.engine.qualia_particle_engine - WARNING - Cannot compute: buffers not initialized or shader missing
2025-09-29 17:38:30,744 - backend.services.RenderingService - WARNING - No particle buffer available for rendering
2025-09-29 17:38:30,744 - backend.services.StreamingWebService - WARNING - render_frame returned None without an exception. This indicates a potential logic flaw.
2025-09-29 17:38:30,752 - backend.engine.qualia_particle_engine - WARNING - Cannot compute: buffers not initialized or shader missing
2025-09-29 17:38:30,768 - backend.engine.qualia_particle_engine - WARNING - Cannot compute: buffers not initialized or shader missing
2025-09-29 17:38:30,777 - backend.services.RenderingService - WARNING - No particle buffer available for rendering
2025-09-29 17:38:30,778 - backend.services.StreamingWebService - WARNING - render_frame returned None without an exception. This indicates a potential logic flaw.
2025-09-29 17:38:30,784 - backend.engine.qualia_particle_engine - WARNING - Cannot compute: buffers not initialized or shader missing
2025-09-29 17:38:30,801 - backend.engine.qualia_particle_engine - WARNING - Cannot compute: buffers not initialized or shader missing
2025-09-29 17:38:30,810 - backend.services.RenderingService - WARNING - No particle buffer available for rendering
2025-09-29 17:38:30,810 - backend.services.StreamingWebService - WARNING - render_frame returned None without an exception. This indicates a potential logic flaw.
2025-09-29 17:38:30,818 - backend.engine.qualia_particle_engine - WARNING - Cannot compute: buffers not initialized or shader missing
2025-09-29 17:38:30,834 - backend.engine.qualia_particle_engine - WARNING - Cannot compute: buffers not initialized or shader missing
2025-09-29 17:38:30,843 - backend.services.RenderingService - WARNING - No particle buffer available for rendering
2025-09-29 17:38:30,844 - backend.services.StreamingWebService - WARNING - render_frame returned None without an exception. This indicates a potential logic flaw.
2025-09-29 17:38:30,850 - backend.engine.qualia_particle_engine - WARNING - Cannot compute: buffers not initialized or shader missing
2025-09-29 17:38:30,866 - backend.engine.qualia_particle_engine - WARNING - Cannot compute: buffers not initialized or shader missing
2025-09-29 17:38:30,876 - backend.services.RenderingService - WARNING - No particle buffer available for rendering
2025-09-29 17:38:30,876 - backend.services.StreamingWebService - WARNING - render_frame returned None without an exception. This indicates a potential logic flaw.
2025-09-29 17:38:30,883 - backend.engine.qualia_particle_engine - WARNING - Cannot compute: buffers not initialized or shader missing
2025-09-29 17:38:30,899 - backend.engine.qualia_particle_engine - WARNING - Cannot compute: buffers not initialized or shader missing
2025-09-29 17:38:30,909 - backend.services.RenderingService - WARNING - No particle buffer available for rendering
2025-09-29 17:38:30,909 - backend.services.StreamingWebService - WARNING - render_frame returned None without an exception. This indicates a potential logic flaw.
2025-09-29 17:38:30,915 - backend.engine.qualia_particle_engine - WARNING - Cannot compute: buffers not initialized or shader missing
2025-09-29 17:38:30,931 - backend.engine.qualia_particle_engine - WARNING - Cannot compute: buffers not initialized or shader missing
2025-09-29 17:38:30,944 - backend.services.RenderingService - WARNING - No particle buffer available for rendering
2025-09-29 17:38:30,944 - backend.services.StreamingWebService - WARNING - render_frame returned None without an exception. This indicates a potential logic flaw.
2025-09-29 17:38:30,947 - backend.engine.qualia_particle_engine - WARNING - Cannot compute: buffers not initialized or shader missing
2025-09-29 17:38:30,963 - backend.engine.qualia_particle_engine - WARNING - Cannot compute: buffers not initialized or shader missing
2025-09-29 17:38:30,976 - backend.services.RenderingService - WARNING - No particle buffer available for rendering
2025-09-29 17:38:30,976 - backend.services.StreamingWebService - WARNING - render_frame returned None without an exception. This indicates a potential logic flaw.
2025-09-29 17:38:30,980 - backend.engine.qualia_particle_engine - WARNING - Cannot compute: buffers not initialized or shader missing
2025-09-29 17:38:30,996 - backend.engine.qualia_particle_engine - WARNING - Cannot compute: buffers not initialized or shader missing
2025-09-29 17:38:31,009 - backend.services.RenderingService - WARNING - No particle buffer available for rendering
2025-09-29 17:38:31,009 - backend.services.StreamingWebService - WARNING - render_frame returned None without an exception. This indicates a potential logic flaw.
2025-09-29 17:38:31,012 - backend.engine.qualia_particle_engine - WARNING - Cannot compute: buffers not initialized or shader missing
2025-09-29 17:38:31,030 - backend.engine.qualia_particle_engine - WARNING - Cannot compute: buffers not initialized or shader missing
2025-09-29 17:38:31,042 - backend.services.RenderingService - WARNING - No particle buffer available for rendering
2025-09-29 17:38:31,042 - backend.services.StreamingWebService - WARNING - render_frame returned None without an exception. This indicates a potential logic flaw.
2025-09-29 17:38:31,047 - backend.engine.qualia_particle_engine - WARNING - Cannot compute: buffers not initialized or shader missing
2025-09-29 17:38:31,064 - backend.engine.qualia_particle_engine - WARNING - Cannot compute: buffers not initialized or shader missing
2025-09-29 17:38:31,075 - backend.services.RenderingService - WARNING - No particle buffer available for rendering
2025-09-29 17:38:31,075 - backend.services.StreamingWebService - WARNING - render_frame returned None without an exception. This indicates a potential logic flaw.
2025-09-29 17:38:31,080 - backend.engine.qualia_particle_engine - WARNING - Cannot compute: buffers not initialized or shader missing
2025-09-29 17:38:31,098 - backend.engine.qualia_particle_engine - WARNING - Cannot compute: buffers not initialized or shader missing
2025-09-29 17:38:31,108 - backend.services.RenderingService - WARNING - No particle buffer available for rendering
2025-09-29 17:38:31,108 - backend.services.StreamingWebService - WARNING - render_frame returned None without an exception. This indicates a potential logic flaw.
2025-09-29 17:38:31,114 - backend.engine.qualia_particle_engine - WARNING - Cannot compute: buffers not initialized or shader missing
2025-09-29 17:38:31,132 - backend.engine.qualia_particle_engine - WARNING - Cannot compute: buffers not initialized or shader missing
2025-09-29 17:38:31,141 - backend.services.RenderingService - WARNING - No particle buffer available for rendering
2025-09-29 17:38:31,141 - backend.services.StreamingWebService - WARNING - render_frame returned None without an exception. This indicates a potential logic flaw.
2025-09-29 17:38:31,148 - backend.engine.qualia_particle_engine - WARNING - Cannot compute: buffers not initialized or shader missing
2025-09-29 17:38:31,166 - backend.engine.qualia_particle_engine - WARNING - Cannot compute: buffers not initialized or shader missing
2025-09-29 17:38:31,174 - backend.services.RenderingService - WARNING - No particle buffer available for rendering
2025-09-29 17:38:31,174 - backend.services.StreamingWebService - WARNING - render_frame returned None without an exception. This indicates a potential logic flaw.
2025-09-29 17:38:31,182 - backend.engine.qualia_particle_engine - WARNING - Cannot compute: buffers not initialized or shader missing
2025-09-29 17:38:31,199 - backend.engine.qualia_particle_engine - WARNING - Cannot compute: buffers not initialized or shader missing
2025-09-29 17:38:31,207 - backend.services.RenderingService - WARNING - No particle buffer available for rendering
2025-09-29 17:38:31,207 - backend.services.StreamingWebService - WARNING - render_frame returned None without an exception. This indicates a potential logic flaw.
2025-09-29 17:38:31,216 - backend.engine.qualia_particle_engine - WARNING - Cannot compute: buffers not initialized or shader missing
2025-09-29 17:38:31,233 - backend.engine.qualia_particle_engine - WARNING - Cannot compute: buffers not initialized or shader missing
2025-09-29 17:38:31,240 - backend.services.RenderingService - WARNING - No particle buffer available for rendering
2025-09-29 17:38:31,240 - backend.services.StreamingWebService - WARNING - render_frame returned None without an exception. This indicates a potential logic flaw.
2025-09-29 17:38:31,249 - backend.engine.qualia_particle_engine - WARNING - Cannot compute: buffers not initialized or shader missing
2025-09-29 17:38:31,266 - backend.engine.qualia_particle_engine - WARNING - Cannot compute: buffers not initialized or shader missing
2025-09-29 17:38:31,274 - backend.services.RenderingService - WARNING - No particle buffer available for rendering
2025-09-29 17:38:31,274 - backend.services.StreamingWebService - WARNING - render_frame returned None without an exception. This indicates a potential logic flaw.
2025-09-29 17:38:31,282 - backend.engine.qualia_particle_engine - WARNING - Cannot compute: buffers not initialized or shader missing
2025-09-29 17:38:31,298 - backend.engine.qualia_particle_engine - WARNING - Cannot compute: buffers not initialized or shader missing
2025-09-29 17:38:31,307 - backend.services.RenderingService - WARNING - No particle buffer available for rendering
2025-09-29 17:38:31,307 - backend.services.StreamingWebService - WARNING - render_frame returned None without an exception. This indicates a potential logic flaw.
2025-09-29 17:38:31,315 - backend.engine.qualia_particle_engine - WARNING - Cannot compute: buffers not initialized or shader missing
2025-09-29 17:38:31,333 - backend.engine.qualia_particle_engine - WARNING - Cannot compute: buffers not initialized or shader missing
2025-09-29 17:38:31,340 - backend.services.RenderingService - WARNING - No particle buffer available for rendering
2025-09-29 17:38:31,340 - backend.services.StreamingWebService - WARNING - render_frame returned None without an exception. This indicates a potential logic flaw.
2025-09-29 17:38:31,349 - backend.engine.qualia_particle_engine - WARNING - Cannot compute: buffers not initialized or shader missing
2025-09-29 17:38:31,367 - backend.engine.qualia_particle_engine - WARNING - Cannot compute: buffers not initialized or shader missing
2025-09-29 17:38:31,373 - backend.services.RenderingService - WARNING - No particle buffer available for rendering
2025-09-29 17:38:31,373 - backend.services.StreamingWebService - WARNING - render_frame returned None without an exception. This indicates a potential logic flaw.
2025-09-29 17:38:31,383 - backend.engine.qualia_particle_engine - WARNING - Cannot compute: buffers not initialized or shader missing
2025-09-29 17:38:31,400 - backend.engine.qualia_particle_engine - WARNING - Cannot compute: buffers not initialized or shader missing
2025-09-29 17:38:31,406 - backend.services.RenderingService - WARNING - No particle buffer available for rendering
2025-09-29 17:38:31,406 - backend.services.StreamingWebService - WARNING - render_frame returned None without an exception. This indicates a potential logic flaw.
2025-09-29 17:38:31,417 - backend.engine.qualia_particle_engine - WARNING - Cannot compute: buffers not initialized or shader missing
2025-09-29 17:38:31,434 - backend.engine.qualia_particle_engine - WARNING - Cannot compute: buffers not initialized or shader missing
2025-09-29 17:38:31,439 - backend.services.RenderingService - WARNING - No particle buffer available for rendering
2025-09-29 17:38:31,440 - backend.services.StreamingWebService - WARNING - render_frame returned None without an exception. This indicates a potential logic flaw.
2025-09-29 17:38:31,450 - backend.engine.qualia_particle_engine - WARNING - Cannot compute: buffers not initialized or shader missing
2025-09-29 17:38:31,466 - backend.engine.qualia_particle_engine - WARNING - Cannot compute: buffers not initialized or shader missing
2025-09-29 17:38:31,472 - backend.services.RenderingService - WARNING - No particle buffer available for rendering
2025-09-29 17:38:31,472 - backend.services.StreamingWebService - WARNING - render_frame returned None without an exception. This indicates a potential logic flaw.
2025-09-29 17:38:31,482 - backend.engine.qualia_particle_engine - WARNING - Cannot compute: buffers not initialized or shader missing
2025-09-29 17:38:31,498 - backend.engine.qualia_particle_engine - WARNING - Cannot compute: buffers not initialized or shader missing
2025-09-29 17:38:31,505 - backend.services.RenderingService - WARNING - No particle buffer available for rendering
2025-09-29 17:38:31,505 - backend.services.StreamingWebService - WARNING - render_frame returned None without an exception. This indicates a potential logic flaw.
2025-09-29 17:38:31,514 - backend.engine.qualia_particle_engine - WARNING - Cannot compute: buffers not initialized or shader missing
2025-09-29 17:38:31,530 - backend.engine.qualia_particle_engine - WARNING - Cannot compute: buffers not initialized or shader missing
2025-09-29 17:38:31,539 - backend.services.RenderingService - WARNING - No particle buffer available for rendering
2025-09-29 17:38:31,539 - backend.services.StreamingWebService - WARNING - render_frame returned None without an exception. This indicates a potential logic flaw.
2025-09-29 17:38:31,546 - backend.engine.qualia_particle_engine - WARNING - Cannot compute: buffers not initialized or shader missing
2025-09-29 17:38:31,563 - backend.engine.qualia_particle_engine - WARNING - Cannot compute: buffers not initialized or shader missing
2025-09-29 17:38:31,573 - backend.services.RenderingService - WARNING - No particle buffer available for rendering
2025-09-29 17:38:31,573 - backend.services.StreamingWebService - WARNING - render_frame returned None without an exception. This indicates a potential logic flaw.
2025-09-29 17:38:31,580 - backend.engine.qualia_particle_engine - WARNING - Cannot compute: buffers not initialized or shader missing
2025-09-29 17:38:31,596 - backend.engine.qualia_particle_engine - WARNING - Cannot compute: buffers not initialized or shader missing
2025-09-29 17:38:31,606 - backend.services.RenderingService - WARNING - No particle buffer available for rendering
2025-09-29 17:38:31,606 - backend.services.StreamingWebService - WARNING - render_frame returned None without an exception. This indicates a potential logic flaw.
2025-09-29 17:38:31,612 - backend.engine.qualia_particle_engine - WARNING - Cannot compute: buffers not initialized or shader missing
2025-09-29 17:38:31,628 - backend.engine.qualia_particle_engine - WARNING - Cannot compute: buffers not initialized or shader missing
2025-09-29 17:38:31,640 - backend.services.RenderingService - WARNING - No particle buffer available for rendering
2025-09-29 17:38:31,640 - backend.services.StreamingWebService - WARNING - render_frame returned None without an exception. This indicates a potential logic flaw.
2025-09-29 17:38:31,644 - backend.engine.qualia_particle_engine - WARNING - Cannot compute: buffers not initialized or shader missing
2025-09-29 17:38:31,661 - backend.engine.qualia_particle_engine - WARNING - Cannot compute: buffers not initialized or shader missing
2025-09-29 17:38:31,672 - backend.services.RenderingService - WARNING - No particle buffer available for rendering
2025-09-29 17:38:31,672 - backend.services.StreamingWebService - WARNING - render_frame returned None without an exception. This indicates a potential logic flaw.
2025-09-29 17:38:31,677 - backend.engine.qualia_particle_engine - WARNING - Cannot compute: buffers not initialized or shader missing
2025-09-29 17:38:31,694 - backend.engine.qualia_particle_engine - WARNING - Cannot compute: buffers not initialized or shader missing
2025-09-29 17:38:31,706 - backend.services.RenderingService - WARNING - No particle buffer available for rendering
2025-09-29 17:38:31,706 - backend.services.StreamingWebService - WARNING - render_frame returned None without an exception. This indicates a potential logic flaw.
2025-09-29 17:38:31,711 - backend.engine.qualia_particle_engine - WARNING - Cannot compute: buffers not initialized or shader missing
2025-09-29 17:38:31,728 - backend.engine.qualia_particle_engine - WARNING - Cannot compute: buffers not initialized or shader missing
2025-09-29 17:38:31,740 - backend.services.RenderingService - WARNING - No particle buffer available for rendering
2025-09-29 17:38:31,740 - backend.services.StreamingWebService - WARNING - render_frame returned None without an exception. This indicates a potential logic flaw.
2025-09-29 17:38:31,744 - backend.engine.qualia_particle_engine - WARNING - Cannot compute: buffers not initialized or shader missing
2025-09-29 17:38:31,761 - backend.engine.qualia_particle_engine - WARNING - Cannot compute: buffers not initialized or shader missing
2025-09-29 17:38:31,774 - backend.services.RenderingService - WARNING - No particle buffer available for rendering
2025-09-29 17:38:31,774 - backend.services.StreamingWebService - WARNING - render_frame returned None without an exception. This indicates a potential logic flaw.
2025-09-29 17:38:31,777 - backend.engine.qualia_particle_engine - WARNING - Cannot compute: buffers not initialized or shader missing
2025-09-29 17:38:31,794 - backend.engine.qualia_particle_engine - WARNING - Cannot compute: buffers not initialized or shader missing
2025-09-29 17:38:31,808 - backend.services.RenderingService - WARNING - No particle buffer available for rendering
2025-09-29 17:38:31,808 - backend.services.StreamingWebService - WARNING - render_frame returned None without an exception. This indicates a potential logic flaw.
2025-09-29 17:38:31,811 - backend.engine.qualia_particle_engine - WARNING - Cannot compute: buffers not initialized or shader missing
2025-09-29 17:38:31,827 - backend.engine.qualia_particle_engine - WARNING - Cannot compute: buffers not initialized or shader missing
2025-09-29 17:38:31,841 - backend.services.RenderingService - WARNING - No particle buffer available for rendering
2025-09-29 17:38:31,841 - backend.services.StreamingWebService - WARNING - render_frame returned None without an exception. This indicates a potential logic flaw.
2025-09-29 17:38:31,843 - backend.engine.qualia_particle_engine - WARNING - Cannot compute: buffers not initialized or shader missing
2025-09-29 17:38:31,859 - backend.engine.qualia_particle_engine - WARNING - Cannot compute: buffers not initialized or shader missing
2025-09-29 17:38:31,874 - backend.services.RenderingService - WARNING - No particle buffer available for rendering
2025-09-29 17:38:31,874 - backend.services.StreamingWebService - WARNING - render_frame returned None without an exception. This indicates a potential logic flaw.
2025-09-29 17:38:31,876 - backend.engine.qualia_particle_engine - WARNING - Cannot compute: buffers not initialized or shader missing
2025-09-29 17:38:31,893 - backend.engine.qualia_particle_engine - WARNING - Cannot compute: buffers not initialized or shader missing
2025-09-29 17:38:31,907 - backend.services.RenderingService - WARNING - No particle buffer available for rendering
2025-09-29 17:38:31,907 - backend.services.StreamingWebService - WARNING - render_frame returned None without an exception. This indicates a potential logic flaw.
2025-09-29 17:38:31,910 - backend.engine.qualia_particle_engine - WARNING - Cannot compute: buffers not initialized or shader missing
2025-09-29 17:38:31,926 - backend.engine.qualia_particle_engine - WARNING - Cannot compute: buffers not initialized or shader missing
2025-09-29 17:38:31,940 - backend.services.RenderingService - WARNING - No particle buffer available for rendering
2025-09-29 17:38:31,941 - backend.services.StreamingWebService - WARNING - render_frame returned None without an exception. This indicates a potential logic flaw.
2025-09-29 17:38:31,942 - backend.engine.qualia_particle_engine - WARNING - Cannot compute: buffers not initialized or shader missing
2025-09-29 17:38:31,958 - backend.engine.qualia_particle_engine - WARNING - Cannot compute: buffers not initialized or shader missing
2025-09-29 17:38:31,974 - backend.services.RenderingService - WARNING - No particle buffer available for rendering
2025-09-29 17:38:31,974 - backend.services.StreamingWebService - WARNING - render_frame returned None without an exception. This indicates a potential logic flaw.
2025-09-29 17:38:31,974 - backend.engine.qualia_particle_engine - WARNING - Cannot compute: buffers not initialized or shader missing
2025-09-29 17:38:31,991 - backend.engine.qualia_particle_engine - WARNING - Cannot compute: buffers not initialized or shader missing
2025-09-29 17:38:32,006 - backend.services.RenderingService - WARNING - No particle buffer available for rendering
2025-09-29 17:38:32,006 - backend.services.StreamingWebService - WARNING - render_frame returned None without an exception. This indicates a potential logic flaw.
2025-09-29 17:38:32,007 - backend.engine.qualia_particle_engine - WARNING - Cannot compute: buffers not initialized or shader missing
2025-09-29 17:38:32,024 - backend.engine.qualia_particle_engine - WARNING - Cannot compute: buffers not initialized or shader missing
2025-09-29 17:38:32,039 - backend.services.RenderingService - WARNING - No particle buffer available for rendering
2025-09-29 17:38:32,039 - backend.services.StreamingWebService - WARNING - render_frame returned None without an exception. This indicates a potential logic flaw.
2025-09-29 17:38:32,041 - backend.engine.qualia_particle_engine - WARNING - Cannot compute: buffers not initialized or shader missing
2025-09-29 17:38:32,057 - backend.engine.qualia_particle_engine - WARNING - Cannot compute: buffers not initialized or shader missing
2025-09-29 17:38:32,072 - backend.services.RenderingService - WARNING - No particle buffer available for rendering
2025-09-29 17:38:32,072 - backend.services.StreamingWebService - WARNING - render_frame returned None without an exception. This indicates a potential logic flaw.
2025-09-29 17:38:32,074 - backend.engine.qualia_particle_engine - WARNING - Cannot compute: buffers not initialized or shader missing
2025-09-29 17:38:32,091 - backend.engine.qualia_particle_engine - WARNING - Cannot compute: buffers not initialized or shader missing
2025-09-29 17:38:32,105 - backend.services.RenderingService - WARNING - No particle buffer available for rendering
2025-09-29 17:38:32,105 - backend.services.StreamingWebService - WARNING - render_frame returned None without an exception. This indicates a potential logic flaw.
2025-09-29 17:38:32,108 - backend.engine.qualia_particle_engine - WARNING - Cannot compute: buffers not initialized or shader missing
2025-09-29 17:38:32,125 - backend.engine.qualia_particle_engine - WARNING - Cannot compute: buffers not initialized or shader missing
2025-09-29 17:38:32,138 - backend.services.RenderingService - WARNING - No particle buffer available for rendering
2025-09-29 17:38:32,138 - backend.services.StreamingWebService - WARNING - render_frame returned None without an exception. This indicates a potential logic flaw.
2025-09-29 17:38:32,143 - backend.engine.qualia_particle_engine - WARNING - Cannot compute: buffers not initialized or shader missing
2025-09-29 17:38:32,160 - backend.engine.qualia_particle_engine - WARNING - Cannot compute: buffers not initialized or shader missing
2025-09-29 17:38:32,171 - backend.services.RenderingService - WARNING - No particle buffer available for rendering
2025-09-29 17:38:32,171 - backend.services.StreamingWebService - WARNING - render_frame returned None without an exception. This indicates a potential logic flaw.
2025-09-29 17:38:32,177 - backend.engine.qualia_particle_engine - WARNING - Cannot compute: buffers not initialized or shader missing
2025-09-29 17:38:32,195 - backend.engine.qualia_particle_engine - WARNING - Cannot compute: buffers not initialized or shader missing
2025-09-29 17:38:32,204 - backend.services.RenderingService - WARNING - No particle buffer available for rendering
2025-09-29 17:38:32,204 - backend.services.StreamingWebService - WARNING - render_frame returned None without an exception. This indicates a potential logic flaw.
2025-09-29 17:38:32,212 - backend.engine.qualia_particle_engine - WARNING - Cannot compute: buffers not initialized or shader missing
2025-09-29 17:38:32,229 - backend.engine.qualia_particle_engine - WARNING - Cannot compute: buffers not initialized or shader missing
2025-09-29 17:38:32,237 - backend.services.RenderingService - WARNING - No particle buffer available for rendering
2025-09-29 17:38:32,238 - backend.services.StreamingWebService - WARNING - render_frame returned None without an exception. This indicates a potential logic flaw.
2025-09-29 17:38:32,246 - backend.engine.qualia_particle_engine - WARNING - Cannot compute: buffers not initialized or shader missing
2025-09-29 17:38:32,263 - backend.engine.qualia_particle_engine - WARNING - Cannot compute: buffers not initialized or shader missing
2025-09-29 17:38:32,270 - backend.services.RenderingService - WARNING - No particle buffer available for rendering
2025-09-29 17:38:32,270 - backend.services.StreamingWebService - WARNING - render_frame returned None without an exception. This indicates a potential logic flaw.
2025-09-29 17:38:32,280 - backend.engine.qualia_particle_engine - WARNING - Cannot compute: buffers not initialized or shader missing
2025-09-29 17:38:32,296 - backend.engine.qualia_particle_engine - WARNING - Cannot compute: buffers not initialized or shader missing
2025-09-29 17:38:32,303 - backend.services.RenderingService - WARNING - No particle buffer available for rendering
2025-09-29 17:38:32,304 - backend.services.StreamingWebService - WARNING - render_frame returned None without an exception. This indicates a potential logic flaw.
2025-09-29 17:38:32,313 - backend.engine.qualia_particle_engine - WARNING - Cannot compute: buffers not initialized or shader missing
2025-09-29 17:38:32,329 - backend.engine.qualia_particle_engine - WARNING - Cannot compute: buffers not initialized or shader missing
2025-09-29 17:38:32,336 - backend.services.RenderingService - WARNING - No particle buffer available for rendering
2025-09-29 17:38:32,336 - backend.services.StreamingWebService - WARNING - render_frame returned None without an exception. This indicates a potential logic flaw.
2025-09-29 17:38:32,347 - backend.engine.qualia_particle_engine - WARNING - Cannot compute: buffers not initialized or shader missing
2025-09-29 17:38:32,364 - backend.engine.qualia_particle_engine - WARNING - Cannot compute: buffers not initialized or shader missing
2025-09-29 17:38:32,369 - backend.services.RenderingService - WARNING - No particle buffer available for rendering
2025-09-29 17:38:32,369 - backend.services.StreamingWebService - WARNING - render_frame returned None without an exception. This indicates a potential logic flaw.
2025-09-29 17:38:32,381 - backend.engine.qualia_particle_engine - WARNING - Cannot compute: buffers not initialized or shader missing
2025-09-29 17:38:32,397 - backend.engine.qualia_particle_engine - WARNING - Cannot compute: buffers not initialized or shader missing
2025-09-29 17:38:32,402 - backend.services.RenderingService - WARNING - No particle buffer available for rendering
2025-09-29 17:38:32,402 - backend.services.StreamingWebService - WARNING - render_frame returned None without an exception. This indicates a potential logic flaw.
2025-09-29 17:38:32,415 - backend.engine.qualia_particle_engine - WARNING - Cannot compute: buffers not initialized or shader missing
2025-09-29 17:38:32,431 - backend.engine.qualia_particle_engine - WARNING - Cannot compute: buffers not initialized or shader missing
2025-09-29 17:38:32,435 - backend.services.RenderingService - WARNING - No particle buffer available for rendering
2025-09-29 17:38:32,435 - backend.services.StreamingWebService - WARNING - render_frame returned None without an exception. This indicates a potential logic flaw.
2025-09-29 17:38:32,447 - backend.engine.qualia_particle_engine - WARNING - Cannot compute: buffers not initialized or shader missing
2025-09-29 17:38:32,463 - backend.engine.qualia_particle_engine - WARNING - Cannot compute: buffers not initialized or shader missing
2025-09-29 17:38:32,470 - backend.services.RenderingService - WARNING - No particle buffer available for rendering
2025-09-29 17:38:32,470 - backend.services.StreamingWebService - WARNING - render_frame returned None without an exception. This indicates a potential logic flaw.
2025-09-29 17:38:32,479 - backend.engine.qualia_particle_engine - WARNING - Cannot compute: buffers not initialized or shader missing
2025-09-29 17:38:32,495 - backend.engine.qualia_particle_engine - WARNING - Cannot compute: buffers not initialized or shader missing
2025-09-29 17:38:32,502 - backend.services.RenderingService - WARNING - No particle buffer available for rendering
2025-09-29 17:38:32,502 - backend.services.StreamingWebService - WARNING - render_frame returned None without an exception. This indicates a potential logic flaw.
2025-09-29 17:38:32,512 - backend.engine.qualia_particle_engine - WARNING - Cannot compute: buffers not initialized or shader missing
2025-09-29 17:38:32,529 - backend.engine.qualia_particle_engine - WARNING - Cannot compute: buffers not initialized or shader missing
2025-09-29 17:38:32,536 - backend.services.RenderingService - WARNING - No particle buffer available for rendering
2025-09-29 17:38:32,536 - backend.services.StreamingWebService - WARNING - render_frame returned None without an exception. This indicates a potential logic flaw.
2025-09-29 17:38:32,546 - backend.engine.qualia_particle_engine - WARNING - Cannot compute: buffers not initialized or shader missing
2025-09-29 17:38:32,563 - backend.engine.qualia_particle_engine - WARNING - Cannot compute: buffers not initialized or shader missing
2025-09-29 17:38:32,569 - backend.services.RenderingService - WARNING - No particle buffer available for rendering
2025-09-29 17:38:32,570 - backend.services.StreamingWebService - WARNING - render_frame returned None without an exception. This indicates a potential logic flaw.
2025-09-29 17:38:32,580 - backend.engine.qualia_particle_engine - WARNING - Cannot compute: buffers not initialized or shader missing
2025-09-29 17:38:32,597 - backend.engine.qualia_particle_engine - WARNING - Cannot compute: buffers not initialized or shader missing
2025-09-29 17:38:32,603 - backend.services.RenderingService - WARNING - No particle buffer available for rendering
2025-09-29 17:38:32,603 - backend.services.StreamingWebService - WARNING - render_frame returned None without an exception. This indicates a potential logic flaw.
2025-09-29 17:38:32,613 - backend.engine.qualia_particle_engine - WARNING - Cannot compute: buffers not initialized or shader missing
2025-09-29 17:38:32,629 - backend.engine.qualia_particle_engine - WARNING - Cannot compute: buffers not initialized or shader missing
2025-09-29 17:38:32,636 - backend.services.RenderingService - WARNING - No particle buffer available for rendering
2025-09-29 17:38:32,636 - backend.services.StreamingWebService - WARNING - render_frame returned None without an exception. This indicates a potential logic flaw.
2025-09-29 17:38:32,645 - backend.engine.qualia_particle_engine - WARNING - Cannot compute: buffers not initialized or shader missing
2025-09-29 17:38:32,662 - backend.engine.qualia_particle_engine - WARNING - Cannot compute: buffers not initialized or shader missing
2025-09-29 17:38:32,669 - backend.services.RenderingService - WARNING - No particle buffer available for rendering
2025-09-29 17:38:32,669 - backend.services.StreamingWebService - WARNING - render_frame returned None without an exception. This indicates a potential logic flaw.
2025-09-29 17:38:32,679 - backend.engine.qualia_particle_engine - WARNING - Cannot compute: buffers not initialized or shader missing
2025-09-29 17:38:32,695 - backend.engine.qualia_particle_engine - WARNING - Cannot compute: buffers not initialized or shader missing
2025-09-29 17:38:32,702 - backend.services.RenderingService - WARNING - No particle buffer available for rendering
2025-09-29 17:38:32,702 - backend.services.StreamingWebService - WARNING - render_frame returned None without an exception. This indicates a potential logic flaw.
2025-09-29 17:38:32,711 - backend.engine.qualia_particle_engine - WARNING - Cannot compute: buffers not initialized or shader missing
2025-09-29 17:38:32,727 - backend.engine.qualia_particle_engine - WARNING - Cannot compute: buffers not initialized or shader missing
2025-09-29 17:38:32,736 - backend.services.RenderingService - WARNING - No particle buffer available for rendering
2025-09-29 17:38:32,736 - backend.services.StreamingWebService - WARNING - render_frame returned None without an exception. This indicates a potential logic flaw.
2025-09-29 17:38:32,743 - backend.engine.qualia_particle_engine - WARNING - Cannot compute: buffers not initialized or shader missing
2025-09-29 17:38:32,759 - backend.engine.qualia_particle_engine - WARNING - Cannot compute: buffers not initialized or shader missing
2025-09-29 17:38:32,769 - backend.services.RenderingService - WARNING - No particle buffer available for rendering
2025-09-29 17:38:32,769 - backend.services.StreamingWebService - WARNING - render_frame returned None without an exception. This indicates a potential logic flaw.
2025-09-29 17:38:32,775 - backend.engine.qualia_particle_engine - WARNING - Cannot compute: buffers not initialized or shader missing
2025-09-29 17:38:32,792 - backend.engine.qualia_particle_engine - WARNING - Cannot compute: buffers not initialized or shader missing
2025-09-29 17:38:32,802 - backend.services.RenderingService - WARNING - No particle buffer available for rendering
2025-09-29 17:38:32,802 - backend.services.StreamingWebService - WARNING - render_frame returned None without an exception. This indicates a potential logic flaw.
2025-09-29 17:38:32,809 - backend.engine.qualia_particle_engine - WARNING - Cannot compute: buffers not initialized or shader missing
2025-09-29 17:38:32,825 - backend.engine.qualia_particle_engine - WARNING - Cannot compute: buffers not initialized or shader missing
2025-09-29 17:38:32,835 - backend.services.RenderingService - WARNING - No particle buffer available for rendering
2025-09-29 17:38:32,835 - backend.services.StreamingWebService - WARNING - render_frame returned None without an exception. This indicates a potential logic flaw.
2025-09-29 17:38:32,841 - backend.engine.qualia_particle_engine - WARNING - Cannot compute: buffers not initialized or shader missing
2025-09-29 17:38:32,858 - backend.engine.qualia_particle_engine - WARNING - Cannot compute: buffers not initialized or shader missing
2025-09-29 17:38:32,868 - backend.services.RenderingService - WARNING - No particle buffer available for rendering
2025-09-29 17:38:32,868 - backend.services.StreamingWebService - WARNING - render_frame returned None without an exception. This indicates a potential logic flaw.
2025-09-29 17:38:32,875 - backend.engine.qualia_particle_engine - WARNING - Cannot compute: buffers not initialized or shader missing
2025-09-29 17:38:32,891 - backend.engine.qualia_particle_engine - WARNING - Cannot compute: buffers not initialized or shader missing
2025-09-29 17:38:32,902 - backend.services.RenderingService - WARNING - No particle buffer available for rendering
2025-09-29 17:38:32,902 - backend.services.StreamingWebService - WARNING - render_frame returned None without an exception. This indicates a potential logic flaw.
2025-09-29 17:38:32,907 - backend.engine.qualia_particle_engine - WARNING - Cannot compute: buffers not initialized or shader missing
2025-09-29 17:38:32,924 - backend.engine.qualia_particle_engine - WARNING - Cannot compute: buffers not initialized or shader missing
2025-09-29 17:38:32,935 - backend.services.RenderingService - WARNING - No particle buffer available for rendering
2025-09-29 17:38:32,935 - backend.services.StreamingWebService - WARNING - render_frame returned None without an exception. This indicates a potential logic flaw.
2025-09-29 17:38:32,941 - backend.engine.qualia_particle_engine - WARNING - Cannot compute: buffers not initialized or shader missing
2025-09-29 17:38:32,958 - backend.engine.qualia_particle_engine - WARNING - Cannot compute: buffers not initialized or shader missing
2025-09-29 17:38:32,968 - backend.services.RenderingService - WARNING - No particle buffer available for rendering
2025-09-29 17:38:32,968 - backend.services.StreamingWebService - WARNING - render_frame returned None without an exception. This indicates a potential logic flaw.
2025-09-29 17:38:32,974 - backend.engine.qualia_particle_engine - WARNING - Cannot compute: buffers not initialized or shader missing
2025-09-29 17:38:32,991 - backend.engine.qualia_particle_engine - WARNING - Cannot compute: buffers not initialized or shader missing
2025-09-29 17:38:33,001 - backend.services.RenderingService - WARNING - No particle buffer available for rendering
2025-09-29 17:38:33,002 - backend.services.StreamingWebService - WARNING - render_frame returned None without an exception. This indicates a potential logic flaw.
2025-09-29 17:38:33,007 - backend.engine.qualia_particle_engine - WARNING - Cannot compute: buffers not initialized or shader missing
2025-09-29 17:38:33,023 - backend.engine.qualia_particle_engine - WARNING - Cannot compute: buffers not initialized or shader missing
2025-09-29 17:38:33,035 - backend.services.RenderingService - WARNING - No particle buffer available for rendering
2025-09-29 17:38:33,035 - backend.services.StreamingWebService - WARNING - render_frame returned None without an exception. This indicates a potential logic flaw.
2025-09-29 17:38:33,039 - backend.engine.qualia_particle_engine - WARNING - Cannot compute: buffers not initialized or shader missing
2025-09-29 17:38:33,055 - backend.engine.qualia_particle_engine - WARNING - Cannot compute: buffers not initialized or shader missing
2025-09-29 17:38:33,068 - backend.services.RenderingService - WARNING - No particle buffer available for rendering
2025-09-29 17:38:33,068 - backend.services.StreamingWebService - WARNING - render_frame returned None without an exception. This indicates a potential logic flaw.
2025-09-29 17:38:33,073 - backend.engine.qualia_particle_engine - WARNING - Cannot compute: buffers not initialized or shader missing
2025-09-29 17:38:33,090 - backend.engine.qualia_particle_engine - WARNING - Cannot compute: buffers not initialized or shader missing
2025-09-29 17:38:33,102 - backend.services.RenderingService - WARNING - No particle buffer available for rendering
2025-09-29 17:38:33,102 - backend.services.StreamingWebService - WARNING - render_frame returned None without an exception. This indicates a potential logic flaw.
2025-09-29 17:38:33,107 - backend.engine.qualia_particle_engine - WARNING - Cannot compute: buffers not initialized or shader missing
2025-09-29 17:38:33,124 - backend.engine.qualia_particle_engine - WARNING - Cannot compute: buffers not initialized or shader missing
2025-09-29 17:38:33,134 - backend.services.RenderingService - WARNING - No particle buffer available for rendering
2025-09-29 17:38:33,134 - backend.services.StreamingWebService - WARNING - render_frame returned None without an exception. This indicates a potential logic flaw.
2025-09-29 17:38:33,141 - backend.engine.qualia_particle_engine - WARNING - Cannot compute: buffers not initialized or shader missing
2025-09-29 17:38:33,159 - backend.engine.qualia_particle_engine - WARNING - Cannot compute: buffers not initialized or shader missing
2025-09-29 17:38:33,167 - backend.services.RenderingService - WARNING - No particle buffer available for rendering
2025-09-29 17:38:33,167 - backend.services.StreamingWebService - WARNING - render_frame returned None without an exception. This indicates a potential logic flaw.
2025-09-29 17:38:33,176 - backend.engine.qualia_particle_engine - WARNING - Cannot compute: buffers not initialized or shader missing
2025-09-29 17:38:33,193 - backend.engine.qualia_particle_engine - WARNING - Cannot compute: buffers not initialized or shader missing
2025-09-29 17:38:33,200 - backend.services.RenderingService - WARNING - No particle buffer available for rendering
2025-09-29 17:38:33,200 - backend.services.StreamingWebService - WARNING - render_frame returned None without an exception. This indicates a potential logic flaw.
2025-09-29 17:38:33,210 - backend.engine.qualia_particle_engine - WARNING - Cannot compute: buffers not initialized or shader missing
2025-09-29 17:38:33,227 - backend.engine.qualia_particle_engine - WARNING - Cannot compute: buffers not initialized or shader missing
2025-09-29 17:38:33,233 - backend.services.RenderingService - WARNING - No particle buffer available for rendering
2025-09-29 17:38:33,233 - backend.services.StreamingWebService - WARNING - render_frame returned None without an exception. This indicates a potential logic flaw.
2025-09-29 17:38:33,244 - backend.engine.qualia_particle_engine - WARNING - Cannot compute: buffers not initialized or shader missing
2025-09-29 17:38:33,261 - backend.engine.qualia_particle_engine - WARNING - Cannot compute: buffers not initialized or shader missing
2025-09-29 17:38:33,266 - backend.services.RenderingService - WARNING - No particle buffer available for rendering
2025-09-29 17:38:33,266 - backend.services.StreamingWebService - WARNING - render_frame returned None without an exception. This indicates a potential logic flaw.
2025-09-29 17:38:33,278 - backend.engine.qualia_particle_engine - WARNING - Cannot compute: buffers not initialized or shader missing
2025-09-29 17:38:33,296 - backend.engine.qualia_particle_engine - WARNING - Cannot compute: buffers not initialized or shader missing
2025-09-29 17:38:33,299 - backend.services.RenderingService - WARNING - No particle buffer available for rendering
2025-09-29 17:38:33,299 - backend.services.StreamingWebService - WARNING - render_frame returned None without an exception. This indicates a potential logic flaw.
2025-09-29 17:38:33,313 - backend.engine.qualia_particle_engine - WARNING - Cannot compute: buffers not initialized or shader missing
2025-09-29 17:38:33,331 - backend.engine.qualia_particle_engine - WARNING - Cannot compute: buffers not initialized or shader missing
2025-09-29 17:38:33,332 - backend.services.RenderingService - WARNING - No particle buffer available for rendering
2025-09-29 17:38:33,332 - backend.services.StreamingWebService - WARNING - render_frame returned None without an exception. This indicates a potential logic flaw.
2025-09-29 17:38:33,347 - backend.engine.qualia_particle_engine - WARNING - Cannot compute: buffers not initialized or shader missing
2025-09-29 17:38:33,365 - backend.engine.qualia_particle_engine - WARNING - Cannot compute: buffers not initialized or shader missing
2025-09-29 17:38:33,365 - backend.services.RenderingService - WARNING - No particle buffer available for rendering
2025-09-29 17:38:33,365 - backend.services.StreamingWebService - WARNING - render_frame returned None without an exception. This indicates a potential logic flaw.
2025-09-29 17:38:33,381 - backend.engine.qualia_particle_engine - WARNING - Cannot compute: buffers not initialized or shader missing
2025-09-29 17:38:33,397 - backend.engine.qualia_particle_engine - WARNING - Cannot compute: buffers not initialized or shader missing
2025-09-29 17:38:33,398 - backend.services.RenderingService - WARNING - No particle buffer available for rendering
2025-09-29 17:38:33,398 - backend.services.StreamingWebService - WARNING - render_frame returned None without an exception. This indicates a potential logic flaw.
2025-09-29 17:38:33,414 - backend.engine.qualia_particle_engine - WARNING - Cannot compute: buffers not initialized or shader missing
2025-09-29 17:38:33,430 - backend.engine.qualia_particle_engine - WARNING - Cannot compute: buffers not initialized or shader missing
2025-09-29 17:38:33,431 - backend.services.RenderingService - WARNING - No particle buffer available for rendering
2025-09-29 17:38:33,431 - backend.services.StreamingWebService - WARNING - render_frame returned None without an exception. This indicates a potential logic flaw.
2025-09-29 17:38:33,446 - backend.engine.qualia_particle_engine - WARNING - Cannot compute: buffers not initialized or shader missing
2025-09-29 17:38:33,462 - backend.engine.qualia_particle_engine - WARNING - Cannot compute: buffers not initialized or shader missing
2025-09-29 17:38:33,465 - backend.services.RenderingService - WARNING - No particle buffer available for rendering
2025-09-29 17:38:33,465 - backend.services.StreamingWebService - WARNING - render_frame returned None without an exception. This indicates a potential logic flaw.
2025-09-29 17:38:33,478 - backend.engine.qualia_particle_engine - WARNING - Cannot compute: buffers not initialized or shader missing
2025-09-29 17:38:33,494 - backend.engine.qualia_particle_engine - WARNING - Cannot compute: buffers not initialized or shader missing
2025-09-29 17:38:33,497 - backend.services.RenderingService - WARNING - No particle buffer available for rendering
2025-09-29 17:38:33,497 - backend.services.StreamingWebService - WARNING - render_frame returned None without an exception. This indicates a potential logic flaw.
2025-09-29 17:38:33,511 - backend.engine.qualia_particle_engine - WARNING - Cannot compute: buffers not initialized or shader missing
2025-09-29 17:38:33,528 - backend.engine.qualia_particle_engine - WARNING - Cannot compute: buffers not initialized or shader missing
2025-09-29 17:38:33,530 - backend.services.RenderingService - WARNING - No particle buffer available for rendering
2025-09-29 17:38:33,530 - backend.services.StreamingWebService - WARNING - render_frame returned None without an exception. This indicates a potential logic flaw.
2025-09-29 17:38:33,545 - backend.engine.qualia_particle_engine - WARNING - Cannot compute: buffers not initialized or shader missing
2025-09-29 17:38:33,562 - backend.engine.qualia_particle_engine - WARNING - Cannot compute: buffers not initialized or shader missing
2025-09-29 17:38:33,563 - backend.services.RenderingService - WARNING - No particle buffer available for rendering
2025-09-29 17:38:33,563 - backend.services.StreamingWebService - WARNING - render_frame returned None without an exception. This indicates a potential logic flaw.
2025-09-29 17:38:33,578 - backend.engine.qualia_particle_engine - WARNING - Cannot compute: buffers not initialized or shader missing
2025-09-29 17:38:33,595 - backend.engine.qualia_particle_engine - WARNING - Cannot compute: buffers not initialized or shader missing
2025-09-29 17:38:33,596 - backend.services.RenderingService - WARNING - No particle buffer available for rendering
2025-09-29 17:38:33,596 - backend.services.StreamingWebService - WARNING - render_frame returned None without an exception. This indicates a potential logic flaw.
2025-09-29 17:38:33,611 - backend.engine.qualia_particle_engine - WARNING - Cannot compute: buffers not initialized or shader missing
2025-09-29 17:38:33,627 - backend.engine.qualia_particle_engine - WARNING - Cannot compute: buffers not initialized or shader missing
2025-09-29 17:38:33,629 - backend.services.RenderingService - WARNING - No particle buffer available for rendering
2025-09-29 17:38:33,629 - backend.services.StreamingWebService - WARNING - render_frame returned None without an exception. This indicates a potential logic flaw.
2025-09-29 17:38:33,644 - backend.engine.qualia_particle_engine - WARNING - Cannot compute: buffers not initialized or shader missing
2025-09-29 17:38:33,661 - backend.engine.qualia_particle_engine - WARNING - Cannot compute: buffers not initialized or shader missing
2025-09-29 17:38:33,662 - backend.services.RenderingService - WARNING - No particle buffer available for rendering
2025-09-29 17:38:33,662 - backend.services.StreamingWebService - WARNING - render_frame returned None without an exception. This indicates a potential logic flaw.
2025-09-29 17:38:33,678 - backend.engine.qualia_particle_engine - WARNING - Cannot compute: buffers not initialized or shader missing
2025-09-29 17:38:33,694 - backend.engine.qualia_particle_engine - WARNING - Cannot compute: buffers not initialized or shader missing
2025-09-29 17:38:33,695 - backend.services.RenderingService - WARNING - No particle buffer available for rendering
2025-09-29 17:38:33,696 - backend.services.StreamingWebService - WARNING - render_frame returned None without an exception. This indicates a potential logic flaw.
2025-09-29 17:38:33,710 - backend.engine.qualia_particle_engine - WARNING - Cannot compute: buffers not initialized or shader missing
2025-09-29 17:38:33,727 - backend.engine.qualia_particle_engine - WARNING - Cannot compute: buffers not initialized or shader missing
2025-09-29 17:38:33,728 - backend.services.RenderingService - WARNING - No particle buffer available for rendering
2025-09-29 17:38:33,728 - backend.services.StreamingWebService - WARNING - render_frame returned None without an exception. This indicates a potential logic flaw.
2025-09-29 17:38:33,743 - backend.engine.qualia_particle_engine - WARNING - Cannot compute: buffers not initialized or shader missing
2025-09-29 17:38:33,760 - backend.engine.qualia_particle_engine - WARNING - Cannot compute: buffers not initialized or shader missing
2025-09-29 17:38:33,761 - backend.services.RenderingService - WARNING - No particle buffer available for rendering
2025-09-29 17:38:33,761 - backend.services.StreamingWebService - WARNING - render_frame returned None without an exception. This indicates a potential logic flaw.
2025-09-29 17:38:33,776 - backend.engine.qualia_particle_engine - WARNING - Cannot compute: buffers not initialized or shader missing
2025-09-29 17:38:33,792 - backend.engine.qualia_particle_engine - WARNING - Cannot compute: buffers not initialized or shader missing
2025-09-29 17:38:33,794 - backend.services.RenderingService - WARNING - No particle buffer available for rendering
2025-09-29 17:38:33,795 - backend.services.StreamingWebService - WARNING - render_frame returned None without an exception. This indicates a potential logic flaw.
2025-09-29 17:38:33,808 - backend.engine.qualia_particle_engine - WARNING - Cannot compute: buffers not initialized or shader missing
2025-09-29 17:38:33,825 - backend.engine.qualia_particle_engine - WARNING - Cannot compute: buffers not initialized or shader missing
2025-09-29 17:38:33,828 - backend.services.RenderingService - WARNING - No particle buffer available for rendering
2025-09-29 17:38:33,828 - backend.services.StreamingWebService - WARNING - render_frame returned None without an exception. This indicates a potential logic flaw.
2025-09-29 17:38:33,841 - backend.engine.qualia_particle_engine - WARNING - Cannot compute: buffers not initialized or shader missing
2025-09-29 17:38:33,858 - backend.engine.qualia_particle_engine - WARNING - Cannot compute: buffers not initialized or shader missing
2025-09-29 17:38:33,860 - backend.services.RenderingService - WARNING - No particle buffer available for rendering
2025-09-29 17:38:33,860 - backend.services.StreamingWebService - WARNING - render_frame returned None without an exception. This indicates a potential logic flaw.
2025-09-29 17:38:33,876 - backend.engine.qualia_particle_engine - WARNING - Cannot compute: buffers not initialized or shader missing
2025-09-29 17:38:33,893 - backend.services.RenderingService - WARNING - No particle buffer available for rendering
2025-09-29 17:38:33,893 - backend.services.StreamingWebService - WARNING - render_frame returned None without an exception. This indicates a potential logic flaw.
2025-09-29 17:38:33,893 - backend.engine.qualia_particle_engine - WARNING - Cannot compute: buffers not initialized or shader missing
2025-09-29 17:38:33,910 - backend.engine.qualia_particle_engine - WARNING - Cannot compute: buffers not initialized or shader missing
2025-09-29 17:38:33,927 - backend.services.RenderingService - WARNING - No particle buffer available for rendering
2025-09-29 17:38:33,927 - backend.services.StreamingWebService - WARNING - render_frame returned None without an exception. This indicates a potential logic flaw.
2025-09-29 17:38:33,927 - backend.engine.qualia_particle_engine - WARNING - Cannot compute: buffers not initialized or shader missing
2025-09-29 17:38:33,944 - backend.engine.qualia_particle_engine - WARNING - Cannot compute: buffers not initialized or shader missing
2025-09-29 17:38:33,960 - backend.services.RenderingService - WARNING - No particle buffer available for rendering
2025-09-29 17:38:33,960 - backend.services.StreamingWebService - WARNING - render_frame returned None without an exception. This indicates a potential logic flaw.
2025-09-29 17:38:33,962 - backend.engine.qualia_particle_engine - WARNING - Cannot compute: buffers not initialized or shader missing
2025-09-29 17:38:33,979 - backend.engine.qualia_particle_engine - WARNING - Cannot compute: buffers not initialized or shader missing
2025-09-29 17:38:33,993 - backend.services.RenderingService - WARNING - No particle buffer available for rendering
2025-09-29 17:38:33,993 - backend.services.StreamingWebService - WARNING - render_frame returned None without an exception. This indicates a potential logic flaw.
2025-09-29 17:38:33,996 - backend.engine.qualia_particle_engine - WARNING - Cannot compute: buffers not initialized or shader missing
2025-09-29 17:38:34,013 - backend.engine.qualia_particle_engine - WARNING - Cannot compute: buffers not initialized or shader missing
2025-09-29 17:38:34,026 - backend.services.RenderingService - WARNING - No particle buffer available for rendering
2025-09-29 17:38:34,026 - backend.services.StreamingWebService - WARNING - render_frame returned None without an exception. This indicates a potential logic flaw.
2025-09-29 17:38:34,030 - backend.engine.qualia_particle_engine - WARNING - Cannot compute: buffers not initialized or shader missing
2025-09-29 17:38:34,047 - backend.engine.qualia_particle_engine - WARNING - Cannot compute: buffers not initialized or shader missing
2025-09-29 17:38:34,059 - backend.services.RenderingService - WARNING - No particle buffer available for rendering
2025-09-29 17:38:34,059 - backend.services.StreamingWebService - WARNING - render_frame returned None without an exception. This indicates a potential logic flaw.
2025-09-29 17:38:34,065 - backend.engine.qualia_particle_engine - WARNING - Cannot compute: buffers not initialized or shader missing
2025-09-29 17:38:34,082 - backend.engine.qualia_particle_engine - WARNING - Cannot compute: buffers not initialized or shader missing
2025-09-29 17:38:34,093 - backend.services.RenderingService - WARNING - No particle buffer available for rendering
2025-09-29 17:38:34,093 - backend.services.StreamingWebService - WARNING - render_frame returned None without an exception. This indicates a potential logic flaw.
2025-09-29 17:38:34,099 - backend.engine.qualia_particle_engine - WARNING - Cannot compute: buffers not initialized or shader missing
2025-09-29 17:38:34,116 - backend.engine.qualia_particle_engine - WARNING - Cannot compute: buffers not initialized or shader missing
2025-09-29 17:38:34,126 - backend.services.RenderingService - WARNING - No particle buffer available for rendering
2025-09-29 17:38:34,126 - backend.services.StreamingWebService - WARNING - render_frame returned None without an exception. This indicates a potential logic flaw.
2025-09-29 17:38:34,133 - backend.engine.qualia_particle_engine - WARNING - Cannot compute: buffers not initialized or shader missing
2025-09-29 17:38:34,150 - backend.engine.qualia_particle_engine - WARNING - Cannot compute: buffers not initialized or shader missing
2025-09-29 17:38:34,159 - backend.services.RenderingService - WARNING - No particle buffer available for rendering
2025-09-29 17:38:34,159 - backend.services.StreamingWebService - WARNING - render_frame returned None without an exception. This indicates a potential logic flaw.
2025-09-29 17:38:34,166 - backend.engine.qualia_particle_engine - WARNING - Cannot compute: buffers not initialized or shader missing
2025-09-29 17:38:34,184 - backend.engine.qualia_particle_engine - WARNING - Cannot compute: buffers not initialized or shader missing
2025-09-29 17:38:34,192 - backend.services.RenderingService - WARNING - No particle buffer available for rendering
2025-09-29 17:38:34,192 - backend.services.StreamingWebService - WARNING - render_frame returned None without an exception. This indicates a potential logic flaw.
2025-09-29 17:38:34,201 - backend.engine.qualia_particle_engine - WARNING - Cannot compute: buffers not initialized or shader missing
2025-09-29 17:38:34,217 - backend.engine.qualia_particle_engine - WARNING - Cannot compute: buffers not initialized or shader missing
2025-09-29 17:38:34,225 - backend.services.RenderingService - WARNING - No particle buffer available for rendering
2025-09-29 17:38:34,225 - backend.services.StreamingWebService - WARNING - render_frame returned None without an exception. This indicates a potential logic flaw.
2025-09-29 17:38:34,233 - backend.engine.qualia_particle_engine - WARNING - Cannot compute: buffers not initialized or shader missing
2025-09-29 17:38:34,249 - backend.engine.qualia_particle_engine - WARNING - Cannot compute: buffers not initialized or shader missing
2025-09-29 17:38:34,259 - backend.services.RenderingService - WARNING - No particle buffer available for rendering
2025-09-29 17:38:34,259 - backend.services.StreamingWebService - WARNING - render_frame returned None without an exception. This indicates a potential logic flaw.
2025-09-29 17:38:34,265 - backend.engine.qualia_particle_engine - WARNING - Cannot compute: buffers not initialized or shader missing
2025-09-29 17:38:34,281 - backend.engine.qualia_particle_engine - WARNING - Cannot compute: buffers not initialized or shader missing
2025-09-29 17:38:34,291 - backend.services.RenderingService - WARNING - No particle buffer available for rendering
2025-09-29 17:38:34,291 - backend.services.StreamingWebService - WARNING - render_frame returned None without an exception. This indicates a potential logic flaw.
2025-09-29 17:38:34,298 - backend.engine.qualia_particle_engine - WARNING - Cannot compute: buffers not initialized or shader missing
2025-09-29 17:38:34,315 - backend.engine.qualia_particle_engine - WARNING - Cannot compute: buffers not initialized or shader missing
2025-09-29 17:38:34,324 - backend.services.RenderingService - WARNING - No particle buffer available for rendering
2025-09-29 17:38:34,324 - backend.services.StreamingWebService - WARNING - render_frame returned None without an exception. This indicates a potential logic flaw.
2025-09-29 17:38:34,332 - backend.engine.qualia_particle_engine - WARNING - Cannot compute: buffers not initialized or shader missing
2025-09-29 17:38:34,348 - backend.engine.qualia_particle_engine - WARNING - Cannot compute: buffers not initialized or shader missing
2025-09-29 17:38:34,357 - backend.services.RenderingService - WARNING - No particle buffer available for rendering
2025-09-29 17:38:34,358 - backend.services.StreamingWebService - WARNING - render_frame returned None without an exception. This indicates a potential logic flaw.
2025-09-29 17:38:34,365 - backend.engine.qualia_particle_engine - WARNING - Cannot compute: buffers not initialized or shader missing
2025-09-29 17:38:34,382 - backend.engine.qualia_particle_engine - WARNING - Cannot compute: buffers not initialized or shader missing
2025-09-29 17:38:34,390 - backend.services.RenderingService - WARNING - No particle buffer available for rendering
2025-09-29 17:38:34,391 - backend.services.StreamingWebService - WARNING - render_frame returned None without an exception. This indicates a potential logic flaw.
2025-09-29 17:38:34,399 - backend.engine.qualia_particle_engine - WARNING - Cannot compute: buffers not initialized or shader missing
2025-09-29 17:38:34,415 - backend.engine.qualia_particle_engine - WARNING - Cannot compute: buffers not initialized or shader missing
2025-09-29 17:38:34,424 - backend.services.RenderingService - WARNING - No particle buffer available for rendering
2025-09-29 17:38:34,424 - backend.services.StreamingWebService - WARNING - render_frame returned None without an exception. This indicates a potential logic flaw.
2025-09-29 17:38:34,431 - backend.engine.qualia_particle_engine - WARNING - Cannot compute: buffers not initialized or shader missing
2025-09-29 17:38:34,448 - backend.engine.qualia_particle_engine - WARNING - Cannot compute: buffers not initialized or shader missing
2025-09-29 17:38:34,457 - backend.services.RenderingService - WARNING - No particle buffer available for rendering
2025-09-29 17:38:34,457 - backend.services.StreamingWebService - WARNING - render_frame returned None without an exception. This indicates a potential logic flaw.
2025-09-29 17:38:34,465 - backend.engine.qualia_particle_engine - WARNING - Cannot compute: buffers not initialized or shader missing
2025-09-29 17:38:34,482 - backend.engine.qualia_particle_engine - WARNING - Cannot compute: buffers not initialized or shader missing
2025-09-29 17:38:34,490 - backend.services.RenderingService - WARNING - No particle buffer available for rendering
2025-09-29 17:38:34,490 - backend.services.StreamingWebService - WARNING - render_frame returned None without an exception. This indicates a potential logic flaw.
2025-09-29 17:38:34,499 - backend.engine.qualia_particle_engine - WARNING - Cannot compute: buffers not initialized or shader missing
2025-09-29 17:38:34,516 - backend.engine.qualia_particle_engine - WARNING - Cannot compute: buffers not initialized or shader missing
2025-09-29 17:38:34,523 - backend.services.RenderingService - WARNING - No particle buffer available for rendering
2025-09-29 17:38:34,523 - backend.services.StreamingWebService - WARNING - render_frame returned None without an exception. This indicates a potential logic flaw.
2025-09-29 17:38:34,533 - backend.engine.qualia_particle_engine - WARNING - Cannot compute: buffers not initialized or shader missing
2025-09-29 17:38:34,550 - backend.engine.qualia_particle_engine - WARNING - Cannot compute: buffers not initialized or shader missing
2025-09-29 17:38:34,556 - backend.services.RenderingService - WARNING - No particle buffer available for rendering
2025-09-29 17:38:34,556 - backend.services.StreamingWebService - WARNING - render_frame returned None without an exception. This indicates a potential logic flaw.
2025-09-29 17:38:34,567 - backend.engine.qualia_particle_engine - WARNING - Cannot compute: buffers not initialized or shader missing
2025-09-29 17:38:34,585 - backend.engine.qualia_particle_engine - WARNING - Cannot compute: buffers not initialized or shader missing
2025-09-29 17:38:34,589 - backend.services.RenderingService - WARNING - No particle buffer available for rendering
2025-09-29 17:38:34,589 - backend.services.StreamingWebService - WARNING - render_frame returned None without an exception. This indicates a potential logic flaw.
2025-09-29 17:38:34,603 - backend.engine.qualia_particle_engine - WARNING - Cannot compute: buffers not initialized or shader missing
2025-09-29 17:38:34,619 - backend.engine.qualia_particle_engine - WARNING - Cannot compute: buffers not initialized or shader missing
2025-09-29 17:38:34,622 - backend.services.RenderingService - WARNING - No particle buffer available for rendering
2025-09-29 17:38:34,622 - backend.services.StreamingWebService - WARNING - render_frame returned None without an exception. This indicates a potential logic flaw.
2025-09-29 17:38:34,637 - backend.engine.qualia_particle_engine - WARNING - Cannot compute: buffers not initialized or shader missing
2025-09-29 17:38:34,654 - backend.engine.qualia_particle_engine - WARNING - Cannot compute: buffers not initialized or shader missing
2025-09-29 17:38:34,655 - backend.services.RenderingService - WARNING - No particle buffer available for rendering
2025-09-29 17:38:34,655 - backend.services.StreamingWebService - WARNING - render_frame returned None without an exception. This indicates a potential logic flaw.
2025-09-29 17:38:34,671 - backend.engine.qualia_particle_engine - WARNING - Cannot compute: buffers not initialized or shader missing
2025-09-29 17:38:34,688 - backend.services.RenderingService - WARNING - No particle buffer available for rendering
2025-09-29 17:38:34,688 - backend.services.StreamingWebService - WARNING - render_frame returned None without an exception. This indicates a potential logic flaw.
2025-09-29 17:38:34,689 - backend.engine.qualia_particle_engine - WARNING - Cannot compute: buffers not initialized or shader missing
2025-09-29 17:38:34,706 - backend.engine.qualia_particle_engine - WARNING - Cannot compute: buffers not initialized or shader missing
2025-09-29 17:38:34,722 - backend.services.RenderingService - WARNING - No particle buffer available for rendering
2025-09-29 17:38:34,722 - backend.services.StreamingWebService - WARNING - render_frame returned None without an exception. This indicates a potential logic flaw.
2025-09-29 17:38:34,723 - backend.engine.qualia_particle_engine - WARNING - Cannot compute: buffers not initialized or shader missing
2025-09-29 17:38:34,740 - backend.engine.qualia_particle_engine - WARNING - Cannot compute: buffers not initialized or shader missing
2025-09-29 17:38:34,754 - backend.services.RenderingService - WARNING - No particle buffer available for rendering
2025-09-29 17:38:34,754 - backend.services.StreamingWebService - WARNING - render_frame returned None without an exception. This indicates a potential logic flaw.
2025-09-29 17:38:34,757 - backend.engine.qualia_particle_engine - WARNING - Cannot compute: buffers not initialized or shader missing
2025-09-29 17:38:34,775 - backend.engine.qualia_particle_engine - WARNING - Cannot compute: buffers not initialized or shader missing
2025-09-29 17:38:34,787 - backend.services.RenderingService - WARNING - No particle buffer available for rendering
2025-09-29 17:38:34,787 - backend.services.StreamingWebService - WARNING - render_frame returned None without an exception. This indicates a potential logic flaw.
2025-09-29 17:38:34,792 - backend.engine.qualia_particle_engine - WARNING - Cannot compute: buffers not initialized or shader missing
2025-09-29 17:38:34,810 - backend.engine.qualia_particle_engine - WARNING - Cannot compute: buffers not initialized or shader missing
2025-09-29 17:38:34,820 - backend.services.RenderingService - WARNING - No particle buffer available for rendering
2025-09-29 17:38:34,820 - backend.services.StreamingWebService - WARNING - render_frame returned None without an exception. This indicates a potential logic flaw.
2025-09-29 17:38:34,827 - backend.engine.qualia_particle_engine - WARNING - Cannot compute: buffers not initialized or shader missing
2025-09-29 17:38:34,844 - backend.engine.qualia_particle_engine - WARNING - Cannot compute: buffers not initialized or shader missing
2025-09-29 17:38:34,854 - backend.services.RenderingService - WARNING - No particle buffer available for rendering
2025-09-29 17:38:34,854 - backend.services.StreamingWebService - WARNING - render_frame returned None without an exception. This indicates a potential logic flaw.
2025-09-29 17:38:34,861 - backend.engine.qualia_particle_engine - WARNING - Cannot compute: buffers not initialized or shader missing
2025-09-29 17:38:34,878 - backend.engine.qualia_particle_engine - WARNING - Cannot compute: buffers not initialized or shader missing
2025-09-29 17:38:34,887 - backend.services.RenderingService - WARNING - No particle buffer available for rendering
2025-09-29 17:38:34,887 - backend.services.StreamingWebService - WARNING - render_frame returned None without an exception. This indicates a potential logic flaw.
2025-09-29 17:38:34,896 - backend.engine.qualia_particle_engine - WARNING - Cannot compute: buffers not initialized or shader missing
2025-09-29 17:38:34,913 - backend.engine.qualia_particle_engine - WARNING - Cannot compute: buffers not initialized or shader missing
2025-09-29 17:38:34,920 - backend.services.RenderingService - WARNING - No particle buffer available for rendering
2025-09-29 17:38:34,920 - backend.services.StreamingWebService - WARNING - render_frame returned None without an exception. This indicates a potential logic flaw.
2025-09-29 17:38:34,931 - backend.engine.qualia_particle_engine - WARNING - Cannot compute: buffers not initialized or shader missing
2025-09-29 17:38:34,948 - backend.engine.qualia_particle_engine - WARNING - Cannot compute: buffers not initialized or shader missing
2025-09-29 17:38:34,953 - backend.services.RenderingService - WARNING - No particle buffer available for rendering
2025-09-29 17:38:34,953 - backend.services.StreamingWebService - WARNING - render_frame returned None without an exception. This indicates a potential logic flaw.
2025-09-29 17:38:34,965 - backend.engine.qualia_particle_engine - WARNING - Cannot compute: buffers not initialized or shader missing
2025-09-29 17:38:34,981 - backend.engine.qualia_particle_engine - WARNING - Cannot compute: buffers not initialized or shader missing
2025-09-29 17:38:34,986 - backend.services.RenderingService - WARNING - No particle buffer available for rendering
2025-09-29 17:38:34,986 - backend.services.StreamingWebService - WARNING - render_frame returned None without an exception. This indicates a potential logic flaw.
2025-09-29 17:38:34,998 - backend.engine.qualia_particle_engine - WARNING - Cannot compute: buffers not initialized or shader missing
2025-09-29 17:38:35,014 - backend.engine.qualia_particle_engine - WARNING - Cannot compute: buffers not initialized or shader missing
2025-09-29 17:38:35,019 - backend.services.RenderingService - WARNING - No particle buffer available for rendering
2025-09-29 17:38:35,019 - backend.services.StreamingWebService - WARNING - render_frame returned None without an exception. This indicates a potential logic flaw.
2025-09-29 17:38:35,032 - backend.engine.qualia_particle_engine - WARNING - Cannot compute: buffers not initialized or shader missing
2025-09-29 17:38:35,049 - backend.engine.qualia_particle_engine - WARNING - Cannot compute: buffers not initialized or shader missing
2025-09-29 17:38:35,052 - backend.services.RenderingService - WARNING - No particle buffer available for rendering
2025-09-29 17:38:35,052 - backend.services.StreamingWebService - WARNING - render_frame returned None without an exception. This indicates a potential logic flaw.
2025-09-29 17:38:35,066 - backend.engine.qualia_particle_engine - WARNING - Cannot compute: buffers not initialized or shader missing
2025-09-29 17:38:35,083 - backend.engine.qualia_particle_engine - WARNING - Cannot compute: buffers not initialized or shader missing
2025-09-29 17:38:35,085 - backend.services.RenderingService - WARNING - No particle buffer available for rendering
2025-09-29 17:38:35,085 - backend.services.StreamingWebService - WARNING - render_frame returned None without an exception. This indicates a potential logic flaw.
2025-09-29 17:38:35,099 - backend.engine.qualia_particle_engine - WARNING - Cannot compute: buffers not initialized or shader missing
2025-09-29 17:38:35,115 - backend.engine.qualia_particle_engine - WARNING - Cannot compute: buffers not initialized or shader missing
2025-09-29 17:38:35,118 - backend.services.RenderingService - WARNING - No particle buffer available for rendering
2025-09-29 17:38:35,119 - backend.services.StreamingWebService - WARNING - render_frame returned None without an exception. This indicates a potential logic flaw.
2025-09-29 17:38:35,131 - backend.engine.qualia_particle_engine - WARNING - Cannot compute: buffers not initialized or shader missing
2025-09-29 17:38:35,147 - backend.engine.qualia_particle_engine - WARNING - Cannot compute: buffers not initialized or shader missing
2025-09-29 17:38:35,152 - backend.services.RenderingService - WARNING - No particle buffer available for rendering
2025-09-29 17:38:35,152 - backend.services.StreamingWebService - WARNING - render_frame returned None without an exception. This indicates a potential logic flaw.
2025-09-29 17:38:35,163 - backend.engine.qualia_particle_engine - WARNING - Cannot compute: buffers not initialized or shader missing
2025-09-29 17:38:35,180 - backend.engine.qualia_particle_engine - WARNING - Cannot compute: buffers not initialized or shader missing
2025-09-29 17:38:35,185 - backend.services.RenderingService - WARNING - No particle buffer available for rendering
2025-09-29 17:38:35,185 - backend.services.StreamingWebService - WARNING - render_frame returned None without an exception. This indicates a potential logic flaw.
2025-09-29 17:38:35,196 - backend.engine.qualia_particle_engine - WARNING - Cannot compute: buffers not initialized or shader missing
2025-09-29 17:38:35,213 - backend.engine.qualia_particle_engine - WARNING - Cannot compute: buffers not initialized or shader missing
2025-09-29 17:38:35,218 - backend.services.RenderingService - WARNING - No particle buffer available for rendering
2025-09-29 17:38:35,218 - backend.services.StreamingWebService - WARNING - render_frame returned None without an exception. This indicates a potential logic flaw.
2025-09-29 17:38:35,229 - backend.engine.qualia_particle_engine - WARNING - Cannot compute: buffers not initialized or shader missing
2025-09-29 17:38:35,245 - backend.engine.qualia_particle_engine - WARNING - Cannot compute: buffers not initialized or shader missing
2025-09-29 17:38:35,252 - backend.services.RenderingService - WARNING - No particle buffer available for rendering
2025-09-29 17:38:35,252 - backend.services.StreamingWebService - WARNING - render_frame returned None without an exception. This indicates a potential logic flaw.
2025-09-29 17:38:35,261 - backend.engine.qualia_particle_engine - WARNING - Cannot compute: buffers not initialized or shader missing
2025-09-29 17:38:35,278 - backend.engine.qualia_particle_engine - WARNING - Cannot compute: buffers not initialized or shader missing
2025-09-29 17:38:35,285 - backend.services.RenderingService - WARNING - No particle buffer available for rendering
2025-09-29 17:38:35,285 - backend.services.StreamingWebService - WARNING - render_frame returned None without an exception. This indicates a potential logic flaw.
2025-09-29 17:38:35,294 - backend.engine.qualia_particle_engine - WARNING - Cannot compute: buffers not initialized or shader missing
2025-09-29 17:38:35,312 - backend.engine.qualia_particle_engine - WARNING - Cannot compute: buffers not initialized or shader missing
2025-09-29 17:38:35,318 - backend.services.RenderingService - WARNING - No particle buffer available for rendering
2025-09-29 17:38:35,318 - backend.services.StreamingWebService - WARNING - render_frame returned None without an exception. This indicates a potential logic flaw.
2025-09-29 17:38:35,329 - backend.engine.qualia_particle_engine - WARNING - Cannot compute: buffers not initialized or shader missing
2025-09-29 17:38:35,347 - backend.engine.qualia_particle_engine - WARNING - Cannot compute: buffers not initialized or shader missing
2025-09-29 17:38:35,351 - backend.services.RenderingService - WARNING - No particle buffer available for rendering
2025-09-29 17:38:35,351 - backend.services.StreamingWebService - WARNING - render_frame returned None without an exception. This indicates a potential logic flaw.
2025-09-29 17:38:35,363 - backend.engine.qualia_particle_engine - WARNING - Cannot compute: buffers not initialized or shader missing
2025-09-29 17:38:35,379 - backend.engine.qualia_particle_engine - WARNING - Cannot compute: buffers not initialized or shader missing
2025-09-29 17:38:35,385 - backend.services.RenderingService - WARNING - No particle buffer available for rendering
2025-09-29 17:38:35,385 - backend.services.StreamingWebService - WARNING - render_frame returned None without an exception. This indicates a potential logic flaw.
2025-09-29 17:38:35,395 - backend.engine.qualia_particle_engine - WARNING - Cannot compute: buffers not initialized or shader missing
2025-09-29 17:38:35,412 - backend.engine.qualia_particle_engine - WARNING - Cannot compute: buffers not initialized or shader missing
2025-09-29 17:38:35,418 - backend.services.RenderingService - WARNING - No particle buffer available for rendering
2025-09-29 17:38:35,418 - backend.services.StreamingWebService - WARNING - render_frame returned None without an exception. This indicates a potential logic flaw.
2025-09-29 17:38:35,429 - backend.engine.qualia_particle_engine - WARNING - Cannot compute: buffers not initialized or shader missing
2025-09-29 17:38:35,445 - backend.engine.qualia_particle_engine - WARNING - Cannot compute: buffers not initialized or shader missing
2025-09-29 17:38:35,451 - backend.services.RenderingService - WARNING - No particle buffer available for rendering
2025-09-29 17:38:35,452 - backend.services.StreamingWebService - WARNING - render_frame returned None without an exception. This indicates a potential logic flaw.
2025-09-29 17:38:35,461 - backend.engine.qualia_particle_engine - WARNING - Cannot compute: buffers not initialized or shader missing
2025-09-29 17:38:35,477 - backend.engine.qualia_particle_engine - WARNING - Cannot compute: buffers not initialized or shader missing
2025-09-29 17:38:35,484 - backend.services.RenderingService - WARNING - No particle buffer available for rendering
2025-09-29 17:38:35,484 - backend.services.StreamingWebService - WARNING - render_frame returned None without an exception. This indicates a potential logic flaw.
2025-09-29 17:38:35,494 - backend.engine.qualia_particle_engine - WARNING - Cannot compute: buffers not initialized or shader missing
2025-09-29 17:38:35,511 - backend.engine.qualia_particle_engine - WARNING - Cannot compute: buffers not initialized or shader missing
2025-09-29 17:38:35,517 - backend.services.RenderingService - WARNING - No particle buffer available for rendering
2025-09-29 17:38:35,517 - backend.services.StreamingWebService - WARNING - render_frame returned None without an exception. This indicates a potential logic flaw.
2025-09-29 17:38:35,528 - backend.engine.qualia_particle_engine - WARNING - Cannot compute: buffers not initialized or shader missing
2025-09-29 17:38:35,545 - backend.engine.qualia_particle_engine - WARNING - Cannot compute: buffers not initialized or shader missing
2025-09-29 17:38:35,550 - backend.services.RenderingService - WARNING - No particle buffer available for rendering
2025-09-29 17:38:35,550 - backend.services.StreamingWebService - WARNING - render_frame returned None without an exception. This indicates a potential logic flaw.
2025-09-29 17:38:35,561 - backend.engine.qualia_particle_engine - WARNING - Cannot compute: buffers not initialized or shader missing
2025-09-29 17:38:35,578 - backend.engine.qualia_particle_engine - WARNING - Cannot compute: buffers not initialized or shader missing
2025-09-29 17:38:35,583 - backend.services.RenderingService - WARNING - No particle buffer available for rendering
2025-09-29 17:38:35,583 - backend.services.StreamingWebService - WARNING - render_frame returned None without an exception. This indicates a potential logic flaw.
2025-09-29 17:38:35,596 - backend.engine.qualia_particle_engine - WARNING - Cannot compute: buffers not initialized or shader missing
2025-09-29 17:38:35,613 - backend.engine.qualia_particle_engine - WARNING - Cannot compute: buffers not initialized or shader missing
2025-09-29 17:38:35,616 - backend.services.RenderingService - WARNING - No particle buffer available for rendering
2025-09-29 17:38:35,616 - backend.services.StreamingWebService - WARNING - render_frame returned None without an exception. This indicates a potential logic flaw.
2025-09-29 17:38:35,630 - backend.engine.qualia_particle_engine - WARNING - Cannot compute: buffers not initialized or shader missing
2025-09-29 17:38:35,648 - backend.engine.qualia_particle_engine - WARNING - Cannot compute: buffers not initialized or shader missing
2025-09-29 17:38:35,649 - backend.services.RenderingService - WARNING - No particle buffer available for rendering
2025-09-29 17:38:35,649 - backend.services.StreamingWebService - WARNING - render_frame returned None without an exception. This indicates a potential logic flaw.
2025-09-29 17:38:35,665 - backend.engine.qualia_particle_engine - WARNING - Cannot compute: buffers not initialized or shader missing
2025-09-29 17:38:35,682 - backend.services.RenderingService - WARNING - No particle buffer available for rendering
2025-09-29 17:38:35,683 - backend.services.StreamingWebService - WARNING - render_frame returned None without an exception. This indicates a potential logic flaw.
2025-09-29 17:38:35,683 - backend.engine.qualia_particle_engine - WARNING - Cannot compute: buffers not initialized or shader missing
2025-09-29 17:38:35,700 - backend.engine.qualia_particle_engine - WARNING - Cannot compute: buffers not initialized or shader missing
2025-09-29 17:38:35,715 - backend.services.RenderingService - WARNING - No particle buffer available for rendering
2025-09-29 17:38:35,715 - backend.services.StreamingWebService - WARNING - render_frame returned None without an exception. This indicates a potential logic flaw.
2025-09-29 17:38:35,718 - backend.engine.qualia_particle_engine - WARNING - Cannot compute: buffers not initialized or shader missing
2025-09-29 17:38:35,735 - backend.engine.qualia_particle_engine - WARNING - Cannot compute: buffers not initialized or shader missing
2025-09-29 17:38:35,748 - backend.services.RenderingService - WARNING - No particle buffer available for rendering
2025-09-29 17:38:35,748 - backend.services.StreamingWebService - WARNING - render_frame returned None without an exception. This indicates a potential logic flaw.
2025-09-29 17:38:35,752 - backend.engine.qualia_particle_engine - WARNING - Cannot compute: buffers not initialized or shader missing
2025-09-29 17:38:35,770 - backend.engine.qualia_particle_engine - WARNING - Cannot compute: buffers not initialized or shader missing
2025-09-29 17:38:35,781 - backend.services.RenderingService - WARNING - No particle buffer available for rendering
2025-09-29 17:38:35,781 - backend.services.StreamingWebService - WARNING - render_frame returned None without an exception. This indicates a potential logic flaw.
2025-09-29 17:38:35,787 - backend.engine.qualia_particle_engine - WARNING - Cannot compute: buffers not initialized or shader missing
2025-09-29 17:38:35,805 - backend.engine.qualia_particle_engine - WARNING - Cannot compute: buffers not initialized or shader missing
2025-09-29 17:38:35,814 - backend.services.RenderingService - WARNING - No particle buffer available for rendering
2025-09-29 17:38:35,814 - backend.services.StreamingWebService - WARNING - render_frame returned None without an exception. This indicates a potential logic flaw.
2025-09-29 17:38:35,821 - backend.engine.qualia_particle_engine - WARNING - Cannot compute: buffers not initialized or shader missing
2025-09-29 17:38:35,838 - backend.engine.qualia_particle_engine - WARNING - Cannot compute: buffers not initialized or shader missing
2025-09-29 17:38:35,847 - backend.services.RenderingService - WARNING - No particle buffer available for rendering
2025-09-29 17:38:35,847 - backend.services.StreamingWebService - WARNING - render_frame returned None without an exception. This indicates a potential logic flaw.
2025-09-29 17:38:35,855 - backend.engine.qualia_particle_engine - WARNING - Cannot compute: buffers not initialized or shader missing
2025-09-29 17:38:35,872 - backend.engine.qualia_particle_engine - WARNING - Cannot compute: buffers not initialized or shader missing
2025-09-29 17:38:35,880 - backend.services.RenderingService - WARNING - No particle buffer available for rendering
2025-09-29 17:38:35,880 - backend.services.StreamingWebService - WARNING - render_frame returned None without an exception. This indicates a potential logic flaw.
2025-09-29 17:38:35,889 - backend.engine.qualia_particle_engine - WARNING - Cannot compute: buffers not initialized or shader missing
2025-09-29 17:38:35,906 - backend.engine.qualia_particle_engine - WARNING - Cannot compute: buffers not initialized or shader missing
2025-09-29 17:38:35,913 - backend.services.RenderingService - WARNING - No particle buffer available for rendering
2025-09-29 17:38:35,914 - backend.services.StreamingWebService - WARNING - render_frame returned None without an exception. This indicates a potential logic flaw.
2025-09-29 17:38:35,922 - backend.engine.qualia_particle_engine - WARNING - Cannot compute: buffers not initialized or shader missing
2025-09-29 17:38:35,938 - backend.engine.qualia_particle_engine - WARNING - Cannot compute: buffers not initialized or shader missing
2025-09-29 17:38:35,946 - backend.services.RenderingService - WARNING - No particle buffer available for rendering
2025-09-29 17:38:35,946 - backend.services.StreamingWebService - WARNING - render_frame returned None without an exception. This indicates a potential logic flaw.
2025-09-29 17:38:35,954 - backend.engine.qualia_particle_engine - WARNING - Cannot compute: buffers not initialized or shader missing
2025-09-29 17:38:35,971 - backend.engine.qualia_particle_engine - WARNING - Cannot compute: buffers not initialized or shader missing
2025-09-29 17:38:35,979 - backend.services.RenderingService - WARNING - No particle buffer available for rendering
2025-09-29 17:38:35,979 - backend.services.StreamingWebService - WARNING - render_frame returned None without an exception. This indicates a potential logic flaw.
2025-09-29 17:38:35,988 - backend.engine.qualia_particle_engine - WARNING - Cannot compute: buffers not initialized or shader missing
2025-09-29 17:38:36,004 - backend.engine.qualia_particle_engine - WARNING - Cannot compute: buffers not initialized or shader missing
2025-09-29 17:38:36,012 - backend.services.RenderingService - WARNING - No particle buffer available for rendering
2025-09-29 17:38:36,013 - backend.services.StreamingWebService - WARNING - render_frame returned None without an exception. This indicates a potential logic flaw.
2025-09-29 17:38:36,020 - backend.engine.qualia_particle_engine - WARNING - Cannot compute: buffers not initialized or shader missing
2025-09-29 17:38:36,036 - backend.engine.qualia_particle_engine - WARNING - Cannot compute: buffers not initialized or shader missing
2025-09-29 17:38:36,045 - backend.services.RenderingService - WARNING - No particle buffer available for rendering
2025-09-29 17:38:36,045 - backend.services.StreamingWebService - WARNING - render_frame returned None without an exception. This indicates a potential logic flaw.
2025-09-29 17:38:36,053 - backend.engine.qualia_particle_engine - WARNING - Cannot compute: buffers not initialized or shader missing
2025-09-29 17:38:36,070 - backend.engine.qualia_particle_engine - WARNING - Cannot compute: buffers not initialized or shader missing
2025-09-29 17:38:36,078 - backend.services.RenderingService - WARNING - No particle buffer available for rendering
2025-09-29 17:38:36,078 - backend.services.StreamingWebService - WARNING - render_frame returned None without an exception. This indicates a potential logic flaw.
2025-09-29 17:38:36,086 - backend.engine.qualia_particle_engine - WARNING - Cannot compute: buffers not initialized or shader missing
2025-09-29 17:38:36,103 - backend.engine.qualia_particle_engine - WARNING - Cannot compute: buffers not initialized or shader missing
2025-09-29 17:38:36,111 - backend.services.RenderingService - WARNING - No particle buffer available for rendering
2025-09-29 17:38:36,111 - backend.services.StreamingWebService - WARNING - render_frame returned None without an exception. This indicates a potential logic flaw.
2025-09-29 17:38:36,119 - backend.engine.qualia_particle_engine - WARNING - Cannot compute: buffers not initialized or shader missing
2025-09-29 17:38:36,136 - backend.engine.qualia_particle_engine - WARNING - Cannot compute: buffers not initialized or shader missing
2025-09-29 17:38:36,145 - backend.services.RenderingService - WARNING - No particle buffer available for rendering
2025-09-29 17:38:36,145 - backend.services.StreamingWebService - WARNING - render_frame returned None without an exception. This indicates a potential logic flaw.
2025-09-29 17:38:36,152 - backend.engine.qualia_particle_engine - WARNING - Cannot compute: buffers not initialized or shader missing
2025-09-29 17:38:36,168 - backend.engine.qualia_particle_engine - WARNING - Cannot compute: buffers not initialized or shader missing
2025-09-29 17:38:36,179 - backend.services.RenderingService - WARNING - No particle buffer available for rendering
2025-09-29 17:38:36,180 - backend.services.StreamingWebService - WARNING - render_frame returned None without an exception. This indicates a potential logic flaw.
2025-09-29 17:38:36,184 - backend.engine.qualia_particle_engine - WARNING - Cannot compute: buffers not initialized or shader missing
2025-09-29 17:38:36,201 - backend.engine.qualia_particle_engine - WARNING - Cannot compute: buffers not initialized or shader missing
2025-09-29 17:38:36,213 - backend.services.RenderingService - WARNING - No particle buffer available for rendering
2025-09-29 17:38:36,213 - backend.services.StreamingWebService - WARNING - render_frame returned None without an exception. This indicates a potential logic flaw.
2025-09-29 17:38:36,217 - backend.engine.qualia_particle_engine - WARNING - Cannot compute: buffers not initialized or shader missing
2025-09-29 17:38:36,233 - backend.engine.qualia_particle_engine - WARNING - Cannot compute: buffers not initialized or shader missing
2025-09-29 17:38:36,246 - backend.services.RenderingService - WARNING - No particle buffer available for rendering
2025-09-29 17:38:36,246 - backend.services.StreamingWebService - WARNING - render_frame returned None without an exception. This indicates a potential logic flaw.
2025-09-29 17:38:36,250 - backend.engine.qualia_particle_engine - WARNING - Cannot compute: buffers not initialized or shader missing
2025-09-29 17:38:36,267 - backend.engine.qualia_particle_engine - WARNING - Cannot compute: buffers not initialized or shader missing
2025-09-29 17:38:36,279 - backend.services.RenderingService - WARNING - No particle buffer available for rendering
2025-09-29 17:38:36,279 - backend.services.StreamingWebService - WARNING - render_frame returned None without an exception. This indicates a potential logic flaw.
2025-09-29 17:38:36,284 - backend.engine.qualia_particle_engine - WARNING - Cannot compute: buffers not initialized or shader missing
2025-09-29 17:38:36,300 - backend.engine.qualia_particle_engine - WARNING - Cannot compute: buffers not initialized or shader missing
2025-09-29 17:38:36,312 - backend.services.RenderingService - WARNING - No particle buffer available for rendering
2025-09-29 17:38:36,312 - backend.services.StreamingWebService - WARNING - render_frame returned None without an exception. This indicates a potential logic flaw.
2025-09-29 17:38:36,316 - backend.engine.qualia_particle_engine - WARNING - Cannot compute: buffers not initialized or shader missing
2025-09-29 17:38:36,332 - backend.engine.qualia_particle_engine - WARNING - Cannot compute: buffers not initialized or shader missing
2025-09-29 17:38:36,346 - backend.services.RenderingService - WARNING - No particle buffer available for rendering
2025-09-29 17:38:36,346 - backend.services.StreamingWebService - WARNING - render_frame returned None without an exception. This indicates a potential logic flaw.
2025-09-29 17:38:36,348 - backend.engine.qualia_particle_engine - WARNING - Cannot compute: buffers not initialized or shader missing
2025-09-29 17:38:36,364 - backend.engine.qualia_particle_engine - WARNING - Cannot compute: buffers not initialized or shader missing
2025-09-29 17:38:36,379 - backend.services.RenderingService - WARNING - No particle buffer available for rendering
2025-09-29 17:38:36,379 - backend.services.StreamingWebService - WARNING - render_frame returned None without an exception. This indicates a potential logic flaw.
2025-09-29 17:38:36,381 - backend.engine.qualia_particle_engine - WARNING - Cannot compute: buffers not initialized or shader missing
2025-09-29 17:38:36,398 - backend.engine.qualia_particle_engine - WARNING - Cannot compute: buffers not initialized or shader missing
2025-09-29 17:38:36,412 - backend.services.RenderingService - WARNING - No particle buffer available for rendering
2025-09-29 17:38:36,412 - backend.services.StreamingWebService - WARNING - render_frame returned None without an exception. This indicates a potential logic flaw.
2025-09-29 17:38:36,415 - backend.engine.qualia_particle_engine - WARNING - Cannot compute: buffers not initialized or shader missing
2025-09-29 17:38:36,431 - backend.engine.qualia_particle_engine - WARNING - Cannot compute: buffers not initialized or shader missing
2025-09-29 17:38:36,445 - backend.services.RenderingService - WARNING - No particle buffer available for rendering
2025-09-29 17:38:36,445 - backend.services.StreamingWebService - WARNING - render_frame returned None without an exception. This indicates a potential logic flaw.
2025-09-29 17:38:36,447 - backend.engine.qualia_particle_engine - WARNING - Cannot compute: buffers not initialized or shader missing
2025-09-29 17:38:36,463 - backend.engine.qualia_particle_engine - WARNING - Cannot compute: buffers not initialized or shader missing
2025-09-29 17:38:36,479 - backend.services.RenderingService - WARNING - No particle buffer available for rendering
2025-09-29 17:38:36,479 - backend.services.StreamingWebService - WARNING - render_frame returned None without an exception. This indicates a potential logic flaw.
2025-09-29 17:38:36,479 - backend.engine.qualia_particle_engine - WARNING - Cannot compute: buffers not initialized or shader missing
2025-09-29 17:38:36,496 - backend.engine.qualia_particle_engine - WARNING - Cannot compute: buffers not initialized or shader missing
2025-09-29 17:38:36,511 - backend.services.RenderingService - WARNING - No particle buffer available for rendering
2025-09-29 17:38:36,511 - backend.services.StreamingWebService - WARNING - render_frame returned None without an exception. This indicates a potential logic flaw.
2025-09-29 17:38:36,512 - backend.engine.qualia_particle_engine - WARNING - Cannot compute: buffers not initialized or shader missing
2025-09-29 17:38:36,529 - backend.engine.qualia_particle_engine - WARNING - Cannot compute: buffers not initialized or shader missing
2025-09-29 17:38:36,544 - backend.services.RenderingService - WARNING - No particle buffer available for rendering
2025-09-29 17:38:36,544 - backend.services.StreamingWebService - WARNING - render_frame returned None without an exception. This indicates a potential logic flaw.
2025-09-29 17:38:36,545 - backend.engine.qualia_particle_engine - WARNING - Cannot compute: buffers not initialized or shader missing
2025-09-29 17:38:36,563 - backend.engine.qualia_particle_engine - WARNING - Cannot compute: buffers not initialized or shader missing
2025-09-29 17:38:36,577 - backend.services.RenderingService - WARNING - No particle buffer available for rendering
2025-09-29 17:38:36,577 - backend.services.StreamingWebService - WARNING - render_frame returned None without an exception. This indicates a potential logic flaw.
2025-09-29 17:38:36,580 - backend.engine.qualia_particle_engine - WARNING - Cannot compute: buffers not initialized or shader missing
2025-09-29 17:38:36,598 - backend.engine.qualia_particle_engine - WARNING - Cannot compute: buffers not initialized or shader missing
2025-09-29 17:38:36,610 - backend.services.RenderingService - WARNING - No particle buffer available for rendering
2025-09-29 17:38:36,610 - backend.services.StreamingWebService - WARNING - render_frame returned None without an exception. This indicates a potential logic flaw.
2025-09-29 17:38:36,615 - backend.engine.qualia_particle_engine - WARNING - Cannot compute: buffers not initialized or shader missing
2025-09-29 17:38:36,631 - backend.engine.qualia_particle_engine - WARNING - Cannot compute: buffers not initialized or shader missing
2025-09-29 17:38:36,644 - backend.services.RenderingService - WARNING - No particle buffer available for rendering
2025-09-29 17:38:36,645 - backend.services.StreamingWebService - WARNING - render_frame returned None without an exception. This indicates a potential logic flaw.
2025-09-29 17:38:36,647 - backend.engine.qualia_particle_engine - WARNING - Cannot compute: buffers not initialized or shader missing
2025-09-29 17:38:36,664 - backend.engine.qualia_particle_engine - WARNING - Cannot compute: buffers not initialized or shader missing
2025-09-29 17:38:36,677 - backend.services.RenderingService - WARNING - No particle buffer available for rendering
2025-09-29 17:38:36,678 - backend.services.StreamingWebService - WARNING - render_frame returned None without an exception. This indicates a potential logic flaw.
2025-09-29 17:38:36,680 - backend.engine.qualia_particle_engine - WARNING - Cannot compute: buffers not initialized or shader missing
2025-09-29 17:38:36,696 - backend.engine.qualia_particle_engine - WARNING - Cannot compute: buffers not initialized or shader missing
2025-09-29 17:38:36,710 - backend.services.RenderingService - WARNING - No particle buffer available for rendering
2025-09-29 17:38:36,710 - backend.services.StreamingWebService - WARNING - render_frame returned None without an exception. This indicates a potential logic flaw.
2025-09-29 17:38:36,712 - backend.engine.qualia_particle_engine - WARNING - Cannot compute: buffers not initialized or shader missing
2025-09-29 17:38:36,729 - backend.engine.qualia_particle_engine - WARNING - Cannot compute: buffers not initialized or shader missing
2025-09-29 17:38:36,743 - backend.services.RenderingService - WARNING - No particle buffer available for rendering
2025-09-29 17:38:36,743 - backend.services.StreamingWebService - WARNING - render_frame returned None without an exception. This indicates a potential logic flaw.
2025-09-29 17:38:36,745 - backend.engine.qualia_particle_engine - WARNING - Cannot compute: buffers not initialized or shader missing
2025-09-29 17:38:36,763 - backend.engine.qualia_particle_engine - WARNING - Cannot compute: buffers not initialized or shader missing
2025-09-29 17:38:36,776 - backend.services.RenderingService - WARNING - No particle buffer available for rendering
2025-09-29 17:38:36,776 - backend.services.StreamingWebService - WARNING - render_frame returned None without an exception. This indicates a potential logic flaw.
2025-09-29 17:38:36,779 - backend.engine.qualia_particle_engine - WARNING - Cannot compute: buffers not initialized or shader missing
2025-09-29 17:38:36,797 - backend.engine.qualia_particle_engine - WARNING - Cannot compute: buffers not initialized or shader missing
2025-09-29 17:38:36,809 - backend.services.RenderingService - WARNING - No particle buffer available for rendering
2025-09-29 17:38:36,809 - backend.services.StreamingWebService - WARNING - render_frame returned None without an exception. This indicates a potential logic flaw.
2025-09-29 17:38:36,813 - backend.engine.qualia_particle_engine - WARNING - Cannot compute: buffers not initialized or shader missing
2025-09-29 17:38:36,831 - backend.engine.qualia_particle_engine - WARNING - Cannot compute: buffers not initialized or shader missing
2025-09-29 17:38:36,842 - backend.services.RenderingService - WARNING - No particle buffer available for rendering
2025-09-29 17:38:36,842 - backend.services.StreamingWebService - WARNING - render_frame returned None without an exception. This indicates a potential logic flaw.
2025-09-29 17:38:36,847 - backend.engine.qualia_particle_engine - WARNING - Cannot compute: buffers not initialized or shader missing
2025-09-29 17:38:36,865 - backend.engine.qualia_particle_engine - WARNING - Cannot compute: buffers not initialized or shader missing
2025-09-29 17:38:36,875 - backend.services.RenderingService - WARNING - No particle buffer available for rendering
2025-09-29 17:38:36,875 - backend.services.StreamingWebService - WARNING - render_frame returned None without an exception. This indicates a potential logic flaw.
2025-09-29 17:38:36,881 - backend.engine.qualia_particle_engine - WARNING - Cannot compute: buffers not initialized or shader missing
2025-09-29 17:38:36,899 - backend.engine.qualia_particle_engine - WARNING - Cannot compute: buffers not initialized or shader missing
2025-09-29 17:38:36,908 - backend.services.RenderingService - WARNING - No particle buffer available for rendering
2025-09-29 17:38:36,908 - backend.services.StreamingWebService - WARNING - render_frame returned None without an exception. This indicates a potential logic flaw.
2025-09-29 17:38:36,916 - backend.engine.qualia_particle_engine - WARNING - Cannot compute: buffers not initialized or shader missing
2025-09-29 17:38:36,932 - backend.engine.qualia_particle_engine - WARNING - Cannot compute: buffers not initialized or shader missing
2025-09-29 17:38:36,941 - backend.services.RenderingService - WARNING - No particle buffer available for rendering
2025-09-29 17:38:36,942 - backend.services.StreamingWebService - WARNING - render_frame returned None without an exception. This indicates a potential logic flaw.
2025-09-29 17:38:36,948 - backend.engine.qualia_particle_engine - WARNING - Cannot compute: buffers not initialized or shader missing
2025-09-29 17:38:36,964 - backend.engine.qualia_particle_engine - WARNING - Cannot compute: buffers not initialized or shader missing
2025-09-29 17:38:36,975 - backend.services.RenderingService - WARNING - No particle buffer available for rendering
2025-09-29 17:38:36,975 - backend.services.StreamingWebService - WARNING - render_frame returned None without an exception. This indicates a potential logic flaw.
2025-09-29 17:38:36,980 - backend.engine.qualia_particle_engine - WARNING - Cannot compute: buffers not initialized or shader missing
2025-09-29 17:38:36,997 - backend.engine.qualia_particle_engine - WARNING - Cannot compute: buffers not initialized or shader missing
2025-09-29 17:38:37,008 - backend.services.RenderingService - WARNING - No particle buffer available for rendering
2025-09-29 17:38:37,008 - backend.services.StreamingWebService - WARNING - render_frame returned None without an exception. This indicates a potential logic flaw.
2025-09-29 17:38:37,013 - backend.engine.qualia_particle_engine - WARNING - Cannot compute: buffers not initialized or shader missing
2025-09-29 17:38:37,029 - backend.engine.qualia_particle_engine - WARNING - Cannot compute: buffers not initialized or shader missing
2025-09-29 17:38:37,041 - backend.services.RenderingService - WARNING - No particle buffer available for rendering
2025-09-29 17:38:37,041 - backend.services.StreamingWebService - WARNING - render_frame returned None without an exception. This indicates a potential logic flaw.
2025-09-29 17:38:37,045 - backend.engine.qualia_particle_engine - WARNING - Cannot compute: buffers not initialized or shader missing
2025-09-29 17:38:37,062 - backend.engine.qualia_particle_engine - WARNING - Cannot compute: buffers not initialized or shader missing
2025-09-29 17:38:37,074 - backend.services.RenderingService - WARNING - No particle buffer available for rendering
2025-09-29 17:38:37,074 - backend.services.StreamingWebService - WARNING - render_frame returned None without an exception. This indicates a potential logic flaw.
2025-09-29 17:38:37,079 - backend.engine.qualia_particle_engine - WARNING - Cannot compute: buffers not initialized or shader missing
2025-09-29 17:38:37,096 - backend.engine.qualia_particle_engine - WARNING - Cannot compute: buffers not initialized or shader missing
2025-09-29 17:38:37,107 - backend.services.RenderingService - WARNING - No particle buffer available for rendering
2025-09-29 17:38:37,108 - backend.services.StreamingWebService - WARNING - render_frame returned None without an exception. This indicates a potential logic flaw.
2025-09-29 17:38:37,112 - backend.engine.qualia_particle_engine - WARNING - Cannot compute: buffers not initialized or shader missing
2025-09-29 17:38:37,128 - backend.engine.qualia_particle_engine - WARNING - Cannot compute: buffers not initialized or shader missing
2025-09-29 17:38:37,140 - backend.services.RenderingService - WARNING - No particle buffer available for rendering
2025-09-29 17:38:37,140 - backend.services.StreamingWebService - WARNING - render_frame returned None without an exception. This indicates a potential logic flaw.
2025-09-29 17:38:37,145 - backend.engine.qualia_particle_engine - WARNING - Cannot compute: buffers not initialized or shader missing
2025-09-29 17:38:37,162 - backend.engine.qualia_particle_engine - WARNING - Cannot compute: buffers not initialized or shader missing
2025-09-29 17:38:37,173 - backend.services.RenderingService - WARNING - No particle buffer available for rendering
2025-09-29 17:38:37,173 - backend.services.StreamingWebService - WARNING - render_frame returned None without an exception. This indicates a potential logic flaw.
2025-09-29 17:38:37,179 - backend.engine.qualia_particle_engine - WARNING - Cannot compute: buffers not initialized or shader missing
2025-09-29 17:38:37,196 - backend.engine.qualia_particle_engine - WARNING - Cannot compute: buffers not initialized or shader missing
2025-09-29 17:38:37,207 - backend.services.RenderingService - WARNING - No particle buffer available for rendering
2025-09-29 17:38:37,207 - backend.services.StreamingWebService - WARNING - render_frame returned None without an exception. This indicates a potential logic flaw.
2025-09-29 17:38:37,212 - backend.engine.qualia_particle_engine - WARNING - Cannot compute: buffers not initialized or shader missing
2025-09-29 17:38:37,228 - backend.engine.qualia_particle_engine - WARNING - Cannot compute: buffers not initialized or shader missing
2025-09-29 17:38:37,239 - backend.services.RenderingService - WARNING - No particle buffer available for rendering
2025-09-29 17:38:37,239 - backend.services.StreamingWebService - WARNING - render_frame returned None without an exception. This indicates a potential logic flaw.
2025-09-29 17:38:37,246 - backend.engine.qualia_particle_engine - WARNING - Cannot compute: buffers not initialized or shader missing
2025-09-29 17:38:37,262 - backend.engine.qualia_particle_engine - WARNING - Cannot compute: buffers not initialized or shader missing
2025-09-29 17:38:37,272 - backend.services.RenderingService - WARNING - No particle buffer available for rendering
2025-09-29 17:38:37,273 - backend.services.StreamingWebService - WARNING - render_frame returned None without an exception. This indicates a potential logic flaw.
2025-09-29 17:38:37,278 - backend.engine.qualia_particle_engine - WARNING - Cannot compute: buffers not initialized or shader missing
2025-09-29 17:38:37,294 - backend.engine.qualia_particle_engine - WARNING - Cannot compute: buffers not initialized or shader missing
2025-09-29 17:38:37,305 - backend.services.RenderingService - WARNING - No particle buffer available for rendering
2025-09-29 17:38:37,305 - backend.services.StreamingWebService - WARNING - render_frame returned None without an exception. This indicates a potential logic flaw.
2025-09-29 17:38:37,311 - backend.engine.qualia_particle_engine - WARNING - Cannot compute: buffers not initialized or shader missing
2025-09-29 17:38:37,328 - backend.engine.qualia_particle_engine - WARNING - Cannot compute: buffers not initialized or shader missing
2025-09-29 17:38:37,338 - backend.services.RenderingService - WARNING - No particle buffer available for rendering
2025-09-29 17:38:37,339 - backend.services.StreamingWebService - WARNING - render_frame returned None without an exception. This indicates a potential logic flaw.
2025-09-29 17:38:37,344 - backend.engine.qualia_particle_engine - WARNING - Cannot compute: buffers not initialized or shader missing
2025-09-29 17:38:37,360 - backend.engine.qualia_particle_engine - WARNING - Cannot compute: buffers not initialized or shader missing
2025-09-29 17:38:37,371 - backend.services.RenderingService - WARNING - No particle buffer available for rendering
2025-09-29 17:38:37,371 - backend.services.StreamingWebService - WARNING - render_frame returned None without an exception. This indicates a potential logic flaw.
2025-09-29 17:38:37,377 - backend.engine.qualia_particle_engine - WARNING - Cannot compute: buffers not initialized or shader missing
2025-09-29 17:38:37,394 - backend.engine.qualia_particle_engine - WARNING - Cannot compute: buffers not initialized or shader missing
2025-09-29 17:38:37,404 - backend.services.RenderingService - WARNING - No particle buffer available for rendering
2025-09-29 17:38:37,404 - backend.services.StreamingWebService - WARNING - render_frame returned None without an exception. This indicates a potential logic flaw.
2025-09-29 17:38:37,410 - backend.engine.qualia_particle_engine - WARNING - Cannot compute: buffers not initialized or shader missing
2025-09-29 17:38:37,426 - backend.engine.qualia_particle_engine - WARNING - Cannot compute: buffers not initialized or shader missing
2025-09-29 17:38:37,438 - backend.services.RenderingService - WARNING - No particle buffer available for rendering
2025-09-29 17:38:37,438 - backend.services.StreamingWebService - WARNING - render_frame returned None without an exception. This indicates a potential logic flaw.
2025-09-29 17:38:37,442 - backend.engine.qualia_particle_engine - WARNING - Cannot compute: buffers not initialized or shader missing
2025-09-29 17:38:37,459 - backend.engine.qualia_particle_engine - WARNING - Cannot compute: buffers not initialized or shader missing
2025-09-29 17:38:37,471 - backend.services.RenderingService - WARNING - No particle buffer available for rendering
2025-09-29 17:38:37,471 - backend.services.StreamingWebService - WARNING - render_frame returned None without an exception. This indicates a potential logic flaw.
2025-09-29 17:38:37,475 - backend.engine.qualia_particle_engine - WARNING - Cannot compute: buffers not initialized or shader missing
2025-09-29 17:38:37,492 - backend.engine.qualia_particle_engine - WARNING - Cannot compute: buffers not initialized or shader missing
2025-09-29 17:38:37,504 - backend.services.RenderingService - WARNING - No particle buffer available for rendering
2025-09-29 17:38:37,505 - backend.services.StreamingWebService - WARNING - render_frame returned None without an exception. This indicates a potential logic flaw.
2025-09-29 17:38:37,508 - backend.engine.qualia_particle_engine - WARNING - Cannot compute: buffers not initialized or shader missing
2025-09-29 17:38:37,524 - backend.engine.qualia_particle_engine - WARNING - Cannot compute: buffers not initialized or shader missing
2025-09-29 17:38:37,537 - backend.services.RenderingService - WARNING - No particle buffer available for rendering
2025-09-29 17:38:37,537 - backend.services.StreamingWebService - WARNING - render_frame returned None without an exception. This indicates a potential logic flaw.
2025-09-29 17:38:37,541 - backend.engine.qualia_particle_engine - WARNING - Cannot compute: buffers not initialized or shader missing
2025-09-29 17:38:37,558 - backend.engine.qualia_particle_engine - WARNING - Cannot compute: buffers not initialized or shader missing
2025-09-29 17:38:37,570 - backend.services.RenderingService - WARNING - No particle buffer available for rendering
2025-09-29 17:38:37,570 - backend.services.StreamingWebService - WARNING - render_frame returned None without an exception. This indicates a potential logic flaw.
2025-09-29 17:38:37,575 - backend.engine.qualia_particle_engine - WARNING - Cannot compute: buffers not initialized or shader missing
2025-09-29 17:38:37,591 - backend.engine.qualia_particle_engine - WARNING - Cannot compute: buffers not initialized or shader missing
2025-09-29 17:38:37,603 - backend.services.RenderingService - WARNING - No particle buffer available for rendering
2025-09-29 17:38:37,603 - backend.services.StreamingWebService - WARNING - render_frame returned None without an exception. This indicates a potential logic flaw.
2025-09-29 17:38:37,607 - backend.engine.qualia_particle_engine - WARNING - Cannot compute: buffers not initialized or shader missing
2025-09-29 17:38:37,623 - backend.engine.qualia_particle_engine - WARNING - Cannot compute: buffers not initialized or shader missing
2025-09-29 17:38:37,636 - backend.services.RenderingService - WARNING - No particle buffer available for rendering
2025-09-29 17:38:37,636 - backend.services.StreamingWebService - WARNING - render_frame returned None without an exception. This indicates a potential logic flaw.
2025-09-29 17:38:37,640 - backend.engine.qualia_particle_engine - WARNING - Cannot compute: buffers not initialized or shader missing
2025-09-29 17:38:37,657 - backend.engine.qualia_particle_engine - WARNING - Cannot compute: buffers not initialized or shader missing
2025-09-29 17:38:37,669 - backend.services.RenderingService - WARNING - No particle buffer available for rendering
2025-09-29 17:38:37,669 - backend.services.StreamingWebService - WARNING - render_frame returned None without an exception. This indicates a potential logic flaw.
2025-09-29 17:38:37,674 - backend.engine.qualia_particle_engine - WARNING - Cannot compute: buffers not initialized or shader missing
2025-09-29 17:38:37,690 - backend.engine.qualia_particle_engine - WARNING - Cannot compute: buffers not initialized or shader missing
2025-09-29 17:38:37,702 - backend.services.RenderingService - WARNING - No particle buffer available for rendering
2025-09-29 17:38:37,703 - backend.services.StreamingWebService - WARNING - render_frame returned None without an exception. This indicates a potential logic flaw.
2025-09-29 17:38:37,706 - backend.engine.qualia_particle_engine - WARNING - Cannot compute: buffers not initialized or shader missing
2025-09-29 17:38:37,722 - backend.engine.qualia_particle_engine - WARNING - Cannot compute: buffers not initialized or shader missing
2025-09-29 17:38:37,736 - backend.services.RenderingService - WARNING - No particle buffer available for rendering
2025-09-29 17:38:37,736 - backend.services.StreamingWebService - WARNING - render_frame returned None without an exception. This indicates a potential logic flaw.
2025-09-29 17:38:37,739 - backend.engine.qualia_particle_engine - WARNING - Cannot compute: buffers not initialized or shader missing
2025-09-29 17:38:37,756 - backend.engine.qualia_particle_engine - WARNING - Cannot compute: buffers not initialized or shader missing
2025-09-29 17:38:37,769 - backend.services.RenderingService - WARNING - No particle buffer available for rendering
2025-09-29 17:38:37,769 - backend.services.StreamingWebService - WARNING - render_frame returned None without an exception. This indicates a potential logic flaw.
2025-09-29 17:38:37,772 - backend.engine.qualia_particle_engine - WARNING - Cannot compute: buffers not initialized or shader missing
2025-09-29 17:38:37,790 - backend.engine.qualia_particle_engine - WARNING - Cannot compute: buffers not initialized or shader missing
2025-09-29 17:38:37,802 - backend.services.RenderingService - WARNING - No particle buffer available for rendering
2025-09-29 17:38:37,802 - backend.services.StreamingWebService - WARNING - render_frame returned None without an exception. This indicates a potential logic flaw.
2025-09-29 17:38:37,807 - backend.engine.qualia_particle_engine - WARNING - Cannot compute: buffers not initialized or shader missing
2025-09-29 17:38:37,825 - backend.engine.qualia_particle_engine - WARNING - Cannot compute: buffers not initialized or shader missing
2025-09-29 17:38:37,836 - backend.services.RenderingService - WARNING - No particle buffer available for rendering
2025-09-29 17:38:37,836 - backend.services.StreamingWebService - WARNING - render_frame returned None without an exception. This indicates a potential logic flaw.
2025-09-29 17:38:37,842 - backend.engine.qualia_particle_engine - WARNING - Cannot compute: buffers not initialized or shader missing
2025-09-29 17:38:37,859 - backend.engine.qualia_particle_engine - WARNING - Cannot compute: buffers not initialized or shader missing
2025-09-29 17:38:37,869 - backend.services.RenderingService - WARNING - No particle buffer available for rendering
2025-09-29 17:38:37,869 - backend.services.StreamingWebService - WARNING - render_frame returned None without an exception. This indicates a potential logic flaw.
2025-09-29 17:38:37,877 - backend.engine.qualia_particle_engine - WARNING - Cannot compute: buffers not initialized or shader missing
2025-09-29 17:38:37,894 - backend.engine.qualia_particle_engine - WARNING - Cannot compute: buffers not initialized or shader missing
2025-09-29 17:38:37,902 - backend.services.RenderingService - WARNING - No particle buffer available for rendering
2025-09-29 17:38:37,903 - backend.services.StreamingWebService - WARNING - render_frame returned None without an exception. This indicates a potential logic flaw.
2025-09-29 17:38:37,911 - backend.engine.qualia_particle_engine - WARNING - Cannot compute: buffers not initialized or shader missing
2025-09-29 17:38:37,928 - backend.engine.qualia_particle_engine - WARNING - Cannot compute: buffers not initialized or shader missing
2025-09-29 17:38:37,935 - backend.services.RenderingService - WARNING - No particle buffer available for rendering
2025-09-29 17:38:37,935 - backend.services.StreamingWebService - WARNING - render_frame returned None without an exception. This indicates a potential logic flaw.
2025-09-29 17:38:37,946 - backend.engine.qualia_particle_engine - WARNING - Cannot compute: buffers not initialized or shader missing
2025-09-29 17:38:37,963 - backend.engine.qualia_particle_engine - WARNING - Cannot compute: buffers not initialized or shader missing
2025-09-29 17:38:37,968 - backend.services.RenderingService - WARNING - No particle buffer available for rendering
2025-09-29 17:38:37,968 - backend.services.StreamingWebService - WARNING - render_frame returned None without an exception. This indicates a potential logic flaw.
2025-09-29 17:38:37,980 - backend.engine.qualia_particle_engine - WARNING - Cannot compute: buffers not initialized or shader missing
2025-09-29 17:38:37,998 - backend.engine.qualia_particle_engine - WARNING - Cannot compute: buffers not initialized or shader missing
2025-09-29 17:38:38,001 - backend.services.RenderingService - WARNING - No particle buffer available for rendering
2025-09-29 17:38:38,001 - backend.services.StreamingWebService - WARNING - render_frame returned None without an exception. This indicates a potential logic flaw.
2025-09-29 17:38:38,015 - backend.engine.qualia_particle_engine - WARNING - Cannot compute: buffers not initialized or shader missing
2025-09-29 17:38:38,032 - backend.engine.qualia_particle_engine - WARNING - Cannot compute: buffers not initialized or shader missing
2025-09-29 17:38:38,034 - backend.services.RenderingService - WARNING - No particle buffer available for rendering
2025-09-29 17:38:38,034 - backend.services.StreamingWebService - WARNING - render_frame returned None without an exception. This indicates a potential logic flaw.
2025-09-29 17:38:38,049 - backend.engine.qualia_particle_engine - WARNING - Cannot compute: buffers not initialized or shader missing
2025-09-29 17:38:38,066 - backend.engine.qualia_particle_engine - WARNING - Cannot compute: buffers not initialized or shader missing
2025-09-29 17:38:38,067 - backend.services.RenderingService - WARNING - No particle buffer available for rendering
2025-09-29 17:38:38,067 - backend.services.StreamingWebService - WARNING - render_frame returned None without an exception. This indicates a potential logic flaw.
2025-09-29 17:38:38,082 - backend.engine.qualia_particle_engine - WARNING - Cannot compute: buffers not initialized or shader missing
2025-09-29 17:38:38,099 - backend.engine.qualia_particle_engine - WARNING - Cannot compute: buffers not initialized or shader missing
2025-09-29 17:38:38,100 - backend.services.RenderingService - WARNING - No particle buffer available for rendering
2025-09-29 17:38:38,100 - backend.services.StreamingWebService - WARNING - render_frame returned None without an exception. This indicates a potential logic flaw.
2025-09-29 17:38:38,116 - backend.engine.qualia_particle_engine - WARNING - Cannot compute: buffers not initialized or shader missing
2025-09-29 17:38:38,132 - backend.engine.qualia_particle_engine - WARNING - Cannot compute: buffers not initialized or shader missing
2025-09-29 17:38:38,134 - backend.services.RenderingService - WARNING - No particle buffer available for rendering
2025-09-29 17:38:38,134 - backend.services.StreamingWebService - WARNING - render_frame returned None without an exception. This indicates a potential logic flaw.
2025-09-29 17:38:38,150 - backend.engine.qualia_particle_engine - WARNING - Cannot compute: buffers not initialized or shader missing
2025-09-29 17:38:38,167 - backend.services.RenderingService - WARNING - No particle buffer available for rendering
2025-09-29 17:38:38,167 - backend.services.StreamingWebService - WARNING - render_frame returned None without an exception. This indicates a potential logic flaw.
2025-09-29 17:38:38,167 - backend.engine.qualia_particle_engine - WARNING - Cannot compute: buffers not initialized or shader missing
2025-09-29 17:38:38,185 - backend.engine.qualia_particle_engine - WARNING - Cannot compute: buffers not initialized or shader missing
2025-09-29 17:38:38,200 - backend.services.RenderingService - WARNING - No particle buffer available for rendering
2025-09-29 17:38:38,200 - backend.services.StreamingWebService - WARNING - render_frame returned None without an exception. This indicates a potential logic flaw.
2025-09-29 17:38:38,202 - backend.engine.qualia_particle_engine - WARNING - Cannot compute: buffers not initialized or shader missing
2025-09-29 17:38:38,219 - backend.engine.qualia_particle_engine - WARNING - Cannot compute: buffers not initialized or shader missing
2025-09-29 17:38:38,233 - backend.services.RenderingService - WARNING - No particle buffer available for rendering
2025-09-29 17:38:38,233 - backend.services.StreamingWebService - WARNING - render_frame returned None without an exception. This indicates a potential logic flaw.
2025-09-29 17:38:38,235 - backend.engine.qualia_particle_engine - WARNING - Cannot compute: buffers not initialized or shader missing
2025-09-29 17:38:38,252 - backend.engine.qualia_particle_engine - WARNING - Cannot compute: buffers not initialized or shader missing
2025-09-29 17:38:38,266 - backend.services.RenderingService - WARNING - No particle buffer available for rendering
2025-09-29 17:38:38,266 - backend.services.StreamingWebService - WARNING - render_frame returned None without an exception. This indicates a potential logic flaw.
2025-09-29 17:38:38,269 - backend.engine.qualia_particle_engine - WARNING - Cannot compute: buffers not initialized or shader missing
2025-09-29 17:38:38,285 - backend.engine.qualia_particle_engine - WARNING - Cannot compute: buffers not initialized or shader missing
2025-09-29 17:38:38,299 - backend.services.RenderingService - WARNING - No particle buffer available for rendering
2025-09-29 17:38:38,300 - backend.services.StreamingWebService - WARNING - render_frame returned None without an exception. This indicates a potential logic flaw.
2025-09-29 17:38:38,302 - backend.engine.qualia_particle_engine - WARNING - Cannot compute: buffers not initialized or shader missing
2025-09-29 17:38:38,319 - backend.engine.qualia_particle_engine - WARNING - Cannot compute: buffers not initialized or shader missing
2025-09-29 17:38:38,333 - backend.services.RenderingService - WARNING - No particle buffer available for rendering
2025-09-29 17:38:38,333 - backend.services.StreamingWebService - WARNING - render_frame returned None without an exception. This indicates a potential logic flaw.
2025-09-29 17:38:38,336 - backend.engine.qualia_particle_engine - WARNING - Cannot compute: buffers not initialized or shader missing
2025-09-29 17:38:38,352 - backend.engine.qualia_particle_engine - WARNING - Cannot compute: buffers not initialized or shader missing
2025-09-29 17:38:38,366 - backend.services.RenderingService - WARNING - No particle buffer available for rendering
2025-09-29 17:38:38,366 - backend.services.StreamingWebService - WARNING - render_frame returned None without an exception. This indicates a potential logic flaw.
2025-09-29 17:38:38,370 - backend.engine.qualia_particle_engine - WARNING - Cannot compute: buffers not initialized or shader missing
2025-09-29 17:38:38,387 - backend.engine.qualia_particle_engine - WARNING - Cannot compute: buffers not initialized or shader missing
2025-09-29 17:38:38,399 - backend.services.RenderingService - WARNING - No particle buffer available for rendering
2025-09-29 17:38:38,399 - backend.services.StreamingWebService - WARNING - render_frame returned None without an exception. This indicates a potential logic flaw.
2025-09-29 17:38:38,404 - backend.engine.qualia_particle_engine - WARNING - Cannot compute: buffers not initialized or shader missing
2025-09-29 17:38:38,420 - backend.engine.qualia_particle_engine - WARNING - Cannot compute: buffers not initialized or shader missing
2025-09-29 17:38:38,432 - backend.services.RenderingService - WARNING - No particle buffer available for rendering
2025-09-29 17:38:38,432 - backend.services.StreamingWebService - WARNING - render_frame returned None without an exception. This indicates a potential logic flaw.
2025-09-29 17:38:38,437 - backend.engine.qualia_particle_engine - WARNING - Cannot compute: buffers not initialized or shader missing
2025-09-29 17:38:38,454 - backend.engine.qualia_particle_engine - WARNING - Cannot compute: buffers not initialized or shader missing
2025-09-29 17:38:38,465 - backend.services.RenderingService - WARNING - No particle buffer available for rendering
2025-09-29 17:38:38,465 - backend.services.StreamingWebService - WARNING - render_frame returned None without an exception. This indicates a potential logic flaw.
2025-09-29 17:38:38,471 - backend.engine.qualia_particle_engine - WARNING - Cannot compute: buffers not initialized or shader missing
2025-09-29 17:38:38,487 - backend.engine.qualia_particle_engine - WARNING - Cannot compute: buffers not initialized or shader missing
2025-09-29 17:38:38,498 - backend.services.RenderingService - WARNING - No particle buffer available for rendering
2025-09-29 17:38:38,498 - backend.services.StreamingWebService - WARNING - render_frame returned None without an exception. This indicates a potential logic flaw.
2025-09-29 17:38:38,504 - backend.engine.qualia_particle_engine - WARNING - Cannot compute: buffers not initialized or shader missing
2025-09-29 17:38:38,521 - backend.engine.qualia_particle_engine - WARNING - Cannot compute: buffers not initialized or shader missing
2025-09-29 17:38:38,531 - backend.services.RenderingService - WARNING - No particle buffer available for rendering
2025-09-29 17:38:38,531 - backend.services.StreamingWebService - WARNING - render_frame returned None without an exception. This indicates a potential logic flaw.
2025-09-29 17:38:38,538 - backend.engine.qualia_particle_engine - WARNING - Cannot compute: buffers not initialized or shader missing
2025-09-29 17:38:38,556 - backend.engine.qualia_particle_engine - WARNING - Cannot compute: buffers not initialized or shader missing
2025-09-29 17:38:38,564 - backend.services.RenderingService - WARNING - No particle buffer available for rendering
2025-09-29 17:38:38,564 - backend.services.StreamingWebService - WARNING - render_frame returned None without an exception. This indicates a potential logic flaw.
2025-09-29 17:38:38,573 - backend.engine.qualia_particle_engine - WARNING - Cannot compute: buffers not initialized or shader missing
2025-09-29 17:38:38,589 - backend.engine.qualia_particle_engine - WARNING - Cannot compute: buffers not initialized or shader missing
2025-09-29 17:38:38,597 - backend.services.RenderingService - WARNING - No particle buffer available for rendering
2025-09-29 17:38:38,598 - backend.services.StreamingWebService - WARNING - render_frame returned None without an exception. This indicates a potential logic flaw.
2025-09-29 17:38:38,605 - backend.engine.qualia_particle_engine - WARNING - Cannot compute: buffers not initialized or shader missing
2025-09-29 17:38:38,622 - backend.engine.qualia_particle_engine - WARNING - Cannot compute: buffers not initialized or shader missing
2025-09-29 17:38:38,630 - backend.services.RenderingService - WARNING - No particle buffer available for rendering
2025-09-29 17:38:38,631 - backend.services.StreamingWebService - WARNING - render_frame returned None without an exception. This indicates a potential logic flaw.
2025-09-29 17:38:38,639 - backend.engine.qualia_particle_engine - WARNING - Cannot compute: buffers not initialized or shader missing
2025-09-29 17:38:38,656 - backend.engine.qualia_particle_engine - WARNING - Cannot compute: buffers not initialized or shader missing
2025-09-29 17:38:38,663 - backend.services.RenderingService - WARNING - No particle buffer available for rendering
2025-09-29 17:38:38,663 - backend.services.StreamingWebService - WARNING - render_frame returned None without an exception. This indicates a potential logic flaw.
2025-09-29 17:38:38,673 - backend.engine.qualia_particle_engine - WARNING - Cannot compute: buffers not initialized or shader missing
2025-09-29 17:38:38,689 - backend.engine.qualia_particle_engine - WARNING - Cannot compute: buffers not initialized or shader missing
2025-09-29 17:38:38,697 - backend.services.RenderingService - WARNING - No particle buffer available for rendering
2025-09-29 17:38:38,697 - backend.services.StreamingWebService - WARNING - render_frame returned None without an exception. This indicates a potential logic flaw.
2025-09-29 17:38:38,705 - backend.engine.qualia_particle_engine - WARNING - Cannot compute: buffers not initialized or shader missing
2025-09-29 17:38:38,721 - backend.engine.qualia_particle_engine - WARNING - Cannot compute: buffers not initialized or shader missing
2025-09-29 17:38:38,730 - backend.services.RenderingService - WARNING - No particle buffer available for rendering
2025-09-29 17:38:38,730 - backend.services.StreamingWebService - WARNING - render_frame returned None without an exception. This indicates a potential logic flaw.
2025-09-29 17:38:38,738 - backend.engine.qualia_particle_engine - WARNING - Cannot compute: buffers not initialized or shader missing
2025-09-29 17:38:38,755 - backend.engine.qualia_particle_engine - WARNING - Cannot compute: buffers not initialized or shader missing
2025-09-29 17:38:38,763 - backend.services.RenderingService - WARNING - No particle buffer available for rendering
2025-09-29 17:38:38,764 - backend.services.StreamingWebService - WARNING - render_frame returned None without an exception. This indicates a potential logic flaw.
2025-09-29 17:38:38,772 - backend.engine.qualia_particle_engine - WARNING - Cannot compute: buffers not initialized or shader missing
2025-09-29 17:38:38,789 - backend.engine.qualia_particle_engine - WARNING - Cannot compute: buffers not initialized or shader missing
2025-09-29 17:38:38,795 - backend.services.RenderingService - WARNING - No particle buffer available for rendering
2025-09-29 17:38:38,796 - backend.services.StreamingWebService - WARNING - render_frame returned None without an exception. This indicates a potential logic flaw.
2025-09-29 17:38:38,805 - backend.engine.qualia_particle_engine - WARNING - Cannot compute: buffers not initialized or shader missing
2025-09-29 17:38:38,822 - backend.engine.qualia_particle_engine - WARNING - Cannot compute: buffers not initialized or shader missing
2025-09-29 17:38:38,829 - backend.services.RenderingService - WARNING - No particle buffer available for rendering
2025-09-29 17:38:38,829 - backend.services.StreamingWebService - WARNING - render_frame returned None without an exception. This indicates a potential logic flaw.
2025-09-29 17:38:38,839 - backend.engine.qualia_particle_engine - WARNING - Cannot compute: buffers not initialized or shader missing
2025-09-29 17:38:38,856 - backend.engine.qualia_particle_engine - WARNING - Cannot compute: buffers not initialized or shader missing
2025-09-29 17:38:38,864 - backend.services.RenderingService - WARNING - No particle buffer available for rendering
2025-09-29 17:38:38,864 - backend.services.StreamingWebService - WARNING - render_frame returned None without an exception. This indicates a potential logic flaw.
2025-09-29 17:38:38,873 - backend.engine.qualia_particle_engine - WARNING - Cannot compute: buffers not initialized or shader missing
2025-09-29 17:38:38,890 - backend.engine.qualia_particle_engine - WARNING - Cannot compute: buffers not initialized or shader missing
2025-09-29 17:38:38,897 - backend.services.RenderingService - WARNING - No particle buffer available for rendering
2025-09-29 17:38:38,897 - backend.services.StreamingWebService - WARNING - render_frame returned None without an exception. This indicates a potential logic flaw.
2025-09-29 17:38:38,906 - backend.engine.qualia_particle_engine - WARNING - Cannot compute: buffers not initialized or shader missing
2025-09-29 17:38:38,923 - backend.engine.qualia_particle_engine - WARNING - Cannot compute: buffers not initialized or shader missing
2025-09-29 17:38:38,930 - backend.services.RenderingService - WARNING - No particle buffer available for rendering
2025-09-29 17:38:38,930 - backend.services.StreamingWebService - WARNING - render_frame returned None without an exception. This indicates a potential logic flaw.
2025-09-29 17:38:38,939 - backend.engine.qualia_particle_engine - WARNING - Cannot compute: buffers not initialized or shader missing
2025-09-29 17:38:38,956 - backend.engine.qualia_particle_engine - WARNING - Cannot compute: buffers not initialized or shader missing
2025-09-29 17:38:38,963 - backend.services.RenderingService - WARNING - No particle buffer available for rendering
2025-09-29 17:38:38,963 - backend.services.StreamingWebService - WARNING - render_frame returned None without an exception. This indicates a potential logic flaw.
2025-09-29 17:38:38,973 - backend.engine.qualia_particle_engine - WARNING - Cannot compute: buffers not initialized or shader missing
2025-09-29 17:38:38,991 - backend.engine.qualia_particle_engine - WARNING - Cannot compute: buffers not initialized or shader missing
2025-09-29 17:38:38,996 - backend.services.RenderingService - WARNING - No particle buffer available for rendering
2025-09-29 17:38:38,996 - backend.services.StreamingWebService - WARNING - render_frame returned None without an exception. This indicates a potential logic flaw.
2025-09-29 17:38:39,008 - backend.engine.qualia_particle_engine - WARNING - Cannot compute: buffers not initialized or shader missing
2025-09-29 17:38:39,024 - backend.engine.qualia_particle_engine - WARNING - Cannot compute: buffers not initialized or shader missing
2025-09-29 17:38:39,029 - backend.services.RenderingService - WARNING - No particle buffer available for rendering
2025-09-29 17:38:39,030 - backend.services.StreamingWebService - WARNING - render_frame returned None without an exception. This indicates a potential logic flaw.
2025-09-29 17:38:39,040 - backend.engine.qualia_particle_engine - WARNING - Cannot compute: buffers not initialized or shader missing
2025-09-29 17:38:39,056 - backend.engine.qualia_particle_engine - WARNING - Cannot compute: buffers not initialized or shader missing
2025-09-29 17:38:39,062 - backend.services.RenderingService - WARNING - No particle buffer available for rendering
2025-09-29 17:38:39,062 - backend.services.StreamingWebService - WARNING - render_frame returned None without an exception. This indicates a potential logic flaw.
2025-09-29 17:38:39,073 - backend.engine.qualia_particle_engine - WARNING - Cannot compute: buffers not initialized or shader missing
2025-09-29 17:38:39,091 - backend.engine.qualia_particle_engine - WARNING - Cannot compute: buffers not initialized or shader missing
2025-09-29 17:38:39,095 - backend.services.RenderingService - WARNING - No particle buffer available for rendering
2025-09-29 17:38:39,095 - backend.services.StreamingWebService - WARNING - render_frame returned None without an exception. This indicates a potential logic flaw.
2025-09-29 17:38:39,107 - backend.engine.qualia_particle_engine - WARNING - Cannot compute: buffers not initialized or shader missing
2025-09-29 17:38:39,124 - backend.engine.qualia_particle_engine - WARNING - Cannot compute: buffers not initialized or shader missing
2025-09-29 17:38:39,128 - backend.services.RenderingService - WARNING - No particle buffer available for rendering
2025-09-29 17:38:39,128 - backend.services.StreamingWebService - WARNING - render_frame returned None without an exception. This indicates a potential logic flaw.
2025-09-29 17:38:39,141 - backend.engine.qualia_particle_engine - WARNING - Cannot compute: buffers not initialized or shader missing
2025-09-29 17:38:39,157 - backend.engine.qualia_particle_engine - WARNING - Cannot compute: buffers not initialized or shader missing
2025-09-29 17:38:39,162 - backend.services.RenderingService - WARNING - No particle buffer available for rendering
2025-09-29 17:38:39,162 - backend.services.StreamingWebService - WARNING - render_frame returned None without an exception. This indicates a potential logic flaw.
2025-09-29 17:38:39,173 - backend.engine.qualia_particle_engine - WARNING - Cannot compute: buffers not initialized or shader missing
2025-09-29 17:38:39,189 - backend.engine.qualia_particle_engine - WARNING - Cannot compute: buffers not initialized or shader missing
2025-09-29 17:38:39,194 - backend.services.RenderingService - WARNING - No particle buffer available for rendering
2025-09-29 17:38:39,194 - backend.services.StreamingWebService - WARNING - render_frame returned None without an exception. This indicates a potential logic flaw.
2025-09-29 17:38:39,207 - backend.engine.qualia_particle_engine - WARNING - Cannot compute: buffers not initialized or shader missing
2025-09-29 17:38:39,223 - backend.engine.qualia_particle_engine - WARNING - Cannot compute: buffers not initialized or shader missing
2025-09-29 17:38:39,228 - backend.services.RenderingService - WARNING - No particle buffer available for rendering
2025-09-29 17:38:39,228 - backend.services.StreamingWebService - WARNING - render_frame returned None without an exception. This indicates a potential logic flaw.
2025-09-29 17:38:39,239 - backend.engine.qualia_particle_engine - WARNING - Cannot compute: buffers not initialized or shader missing
2025-09-29 17:38:39,255 - backend.engine.qualia_particle_engine - WARNING - Cannot compute: buffers not initialized or shader missing
2025-09-29 17:38:39,261 - backend.services.RenderingService - WARNING - No particle buffer available for rendering
2025-09-29 17:38:39,261 - backend.services.StreamingWebService - WARNING - render_frame returned None without an exception. This indicates a potential logic flaw.
2025-09-29 17:38:39,271 - backend.engine.qualia_particle_engine - WARNING - Cannot compute: buffers not initialized or shader missing
2025-09-29 17:38:39,288 - backend.engine.qualia_particle_engine - WARNING - Cannot compute: buffers not initialized or shader missing
2025-09-29 17:38:39,294 - backend.services.RenderingService - WARNING - No particle buffer available for rendering
2025-09-29 17:38:39,294 - backend.services.StreamingWebService - WARNING - render_frame returned None without an exception. This indicates a potential logic flaw.
2025-09-29 17:38:39,305 - backend.engine.qualia_particle_engine - WARNING - Cannot compute: buffers not initialized or shader missing
2025-09-29 17:38:39,321 - backend.engine.qualia_particle_engine - WARNING - Cannot compute: buffers not initialized or shader missing
2025-09-29 17:38:39,327 - backend.services.RenderingService - WARNING - No particle buffer available for rendering
2025-09-29 17:38:39,328 - backend.services.StreamingWebService - WARNING - render_frame returned None without an exception. This indicates a potential logic flaw.
2025-09-29 17:38:39,337 - backend.engine.qualia_particle_engine - WARNING - Cannot compute: buffers not initialized or shader missing
2025-09-29 17:38:39,353 - backend.engine.qualia_particle_engine - WARNING - Cannot compute: buffers not initialized or shader missing
2025-09-29 17:38:39,361 - backend.services.RenderingService - WARNING - No particle buffer available for rendering
2025-09-29 17:38:39,361 - backend.services.StreamingWebService - WARNING - render_frame returned None without an exception. This indicates a potential logic flaw.
2025-09-29 17:38:39,369 - backend.engine.qualia_particle_engine - WARNING - Cannot compute: buffers not initialized or shader missing
2025-09-29 17:38:39,386 - backend.engine.qualia_particle_engine - WARNING - Cannot compute: buffers not initialized or shader missing
2025-09-29 17:38:39,394 - backend.services.RenderingService - WARNING - No particle buffer available for rendering
2025-09-29 17:38:39,394 - backend.services.StreamingWebService - WARNING - render_frame returned None without an exception. This indicates a potential logic flaw.
2025-09-29 17:38:39,403 - backend.engine.qualia_particle_engine - WARNING - Cannot compute: buffers not initialized or shader missing
2025-09-29 17:38:39,419 - backend.engine.qualia_particle_engine - WARNING - Cannot compute: buffers not initialized or shader missing
2025-09-29 17:38:39,428 - backend.services.RenderingService - WARNING - No particle buffer available for rendering
2025-09-29 17:38:39,428 - backend.services.StreamingWebService - WARNING - render_frame returned None without an exception. This indicates a potential logic flaw.
2025-09-29 17:38:39,435 - backend.engine.qualia_particle_engine - WARNING - Cannot compute: buffers not initialized or shader missing
2025-09-29 17:38:39,452 - backend.engine.qualia_particle_engine - WARNING - Cannot compute: buffers not initialized or shader missing
2025-09-29 17:38:39,460 - backend.services.RenderingService - WARNING - No particle buffer available for rendering
2025-09-29 17:38:39,460 - backend.services.StreamingWebService - WARNING - render_frame returned None without an exception. This indicates a potential logic flaw.
2025-09-29 17:38:39,468 - backend.engine.qualia_particle_engine - WARNING - Cannot compute: buffers not initialized or shader missing
2025-09-29 17:38:39,485 - backend.engine.qualia_particle_engine - WARNING - Cannot compute: buffers not initialized or shader missing
2025-09-29 17:38:39,493 - backend.services.RenderingService - WARNING - No particle buffer available for rendering
2025-09-29 17:38:39,493 - backend.services.StreamingWebService - WARNING - render_frame returned None without an exception. This indicates a potential logic flaw.
2025-09-29 17:38:39,502 - backend.engine.qualia_particle_engine - WARNING - Cannot compute: buffers not initialized or shader missing
2025-09-29 17:38:39,518 - backend.engine.qualia_particle_engine - WARNING - Cannot compute: buffers not initialized or shader missing
2025-09-29 17:38:39,527 - backend.services.RenderingService - WARNING - No particle buffer available for rendering
2025-09-29 17:38:39,527 - backend.services.StreamingWebService - WARNING - render_frame returned None without an exception. This indicates a potential logic flaw.
2025-09-29 17:38:39,534 - backend.engine.qualia_particle_engine - WARNING - Cannot compute: buffers not initialized or shader missing
2025-09-29 17:38:39,551 - backend.engine.qualia_particle_engine - WARNING - Cannot compute: buffers not initialized or shader missing
2025-09-29 17:38:39,560 - backend.services.RenderingService - WARNING - No particle buffer available for rendering
2025-09-29 17:38:39,560 - backend.services.StreamingWebService - WARNING - render_frame returned None without an exception. This indicates a potential logic flaw.
2025-09-29 17:38:39,567 - backend.engine.qualia_particle_engine - WARNING - Cannot compute: buffers not initialized or shader missing
2025-09-29 17:38:39,583 - backend.engine.qualia_particle_engine - WARNING - Cannot compute: buffers not initialized or shader missing
2025-09-29 17:38:39,594 - backend.services.RenderingService - WARNING - No particle buffer available for rendering
2025-09-29 17:38:39,594 - backend.services.StreamingWebService - WARNING - render_frame returned None without an exception. This indicates a potential logic flaw.
2025-09-29 17:38:39,599 - backend.engine.qualia_particle_engine - WARNING - Cannot compute: buffers not initialized or shader missing
2025-09-29 17:38:39,616 - backend.engine.qualia_particle_engine - WARNING - Cannot compute: buffers not initialized or shader missing
2025-09-29 17:38:39,627 - backend.services.RenderingService - WARNING - No particle buffer available for rendering
2025-09-29 17:38:39,627 - backend.services.StreamingWebService - WARNING - render_frame returned None without an exception. This indicates a potential logic flaw.
2025-09-29 17:38:39,632 - backend.engine.qualia_particle_engine - WARNING - Cannot compute: buffers not initialized or shader missing
2025-09-29 17:38:39,650 - backend.engine.qualia_particle_engine - WARNING - Cannot compute: buffers not initialized or shader missing
2025-09-29 17:38:39,660 - backend.services.RenderingService - WARNING - No particle buffer available for rendering
2025-09-29 17:38:39,660 - backend.services.StreamingWebService - WARNING - render_frame returned None without an exception. This indicates a potential logic flaw.
2025-09-29 17:38:39,666 - backend.engine.qualia_particle_engine - WARNING - Cannot compute: buffers not initialized or shader missing
2025-09-29 17:38:39,684 - backend.engine.qualia_particle_engine - WARNING - Cannot compute: buffers not initialized or shader missing
2025-09-29 17:38:39,693 - backend.services.RenderingService - WARNING - No particle buffer available for rendering
2025-09-29 17:38:39,693 - backend.services.StreamingWebService - WARNING - render_frame returned None without an exception. This indicates a potential logic flaw.
2025-09-29 17:38:39,700 - backend.engine.qualia_particle_engine - WARNING - Cannot compute: buffers not initialized or shader missing
2025-09-29 17:38:39,717 - backend.engine.qualia_particle_engine - WARNING - Cannot compute: buffers not initialized or shader missing
2025-09-29 17:38:39,726 - backend.services.RenderingService - WARNING - No particle buffer available for rendering
2025-09-29 17:38:39,726 - backend.services.StreamingWebService - WARNING - render_frame returned None without an exception. This indicates a potential logic flaw.
2025-09-29 17:38:39,735 - backend.engine.qualia_particle_engine - WARNING - Cannot compute: buffers not initialized or shader missing
2025-09-29 17:38:39,752 - backend.engine.qualia_particle_engine - WARNING - Cannot compute: buffers not initialized or shader missing
2025-09-29 17:38:39,760 - backend.services.RenderingService - WARNING - No particle buffer available for rendering
2025-09-29 17:38:39,760 - backend.services.StreamingWebService - WARNING - render_frame returned None without an exception. This indicates a potential logic flaw.
2025-09-29 17:38:39,768 - backend.engine.qualia_particle_engine - WARNING - Cannot compute: buffers not initialized or shader missing
2025-09-29 17:38:39,785 - backend.engine.qualia_particle_engine - WARNING - Cannot compute: buffers not initialized or shader missing
2025-09-29 17:38:39,793 - backend.services.RenderingService - WARNING - No particle buffer available for rendering
2025-09-29 17:38:39,794 - backend.services.StreamingWebService - WARNING - render_frame returned None without an exception. This indicates a potential logic flaw.
2025-09-29 17:38:39,802 - backend.engine.qualia_particle_engine - WARNING - Cannot compute: buffers not initialized or shader missing
2025-09-29 17:38:39,819 - backend.engine.qualia_particle_engine - WARNING - Cannot compute: buffers not initialized or shader missing
2025-09-29 17:38:39,826 - backend.services.RenderingService - WARNING - No particle buffer available for rendering
2025-09-29 17:38:39,827 - backend.services.StreamingWebService - WARNING - render_frame returned None without an exception. This indicates a potential logic flaw.
2025-09-29 17:38:39,835 - backend.engine.qualia_particle_engine - WARNING - Cannot compute: buffers not initialized or shader missing
2025-09-29 17:38:39,852 - backend.engine.qualia_particle_engine - WARNING - Cannot compute: buffers not initialized or shader missing
2025-09-29 17:38:39,859 - backend.services.RenderingService - WARNING - No particle buffer available for rendering
2025-09-29 17:38:39,860 - backend.services.StreamingWebService - WARNING - render_frame returned None without an exception. This indicates a potential logic flaw.
2025-09-29 17:38:39,868 - backend.engine.qualia_particle_engine - WARNING - Cannot compute: buffers not initialized or shader missing
2025-09-29 17:38:39,885 - backend.engine.qualia_particle_engine - WARNING - Cannot compute: buffers not initialized or shader missing
2025-09-29 17:38:39,892 - backend.services.RenderingService - WARNING - No particle buffer available for rendering
2025-09-29 17:38:39,893 - backend.services.StreamingWebService - WARNING - render_frame returned None without an exception. This indicates a potential logic flaw.
2025-09-29 17:38:39,901 - backend.engine.qualia_particle_engine - WARNING - Cannot compute: buffers not initialized or shader missing
2025-09-29 17:38:39,917 - backend.engine.qualia_particle_engine - WARNING - Cannot compute: buffers not initialized or shader missing
2025-09-29 17:38:39,925 - backend.services.RenderingService - WARNING - No particle buffer available for rendering
2025-09-29 17:38:39,925 - backend.services.StreamingWebService - WARNING - render_frame returned None without an exception. This indicates a potential logic flaw.
2025-09-29 17:38:39,930 - backend.services.StreamingWebService - INFO - 🔌 Client removed from streaming. Total connections: 0
2025-09-29 17:38:39,930 - backend.services.StreamingWebService - INFO - → ENTER backend.services.StreamingWebService.StreamingWebService._stop_streaming
2025-09-29 17:38:39,930 - backend.services.StreamingWebService - INFO - ← EXIT backend.services.StreamingWebService.StreamingWebService._stop_streaming (⏱️ 0.000s)
2025-09-29 17:38:39,930 - backend.services.StreamingWebService - INFO - Attempting to cancel streaming task: 134355804127296
2025-09-29 17:38:39,930 - backend.services.StreamingWebService - INFO - 🛑 Streaming loop cancelled successfully
2025-09-29 17:38:39,930 - backend.services.StreamingWebService - INFO - 🛑 Streaming loop terminated
2025-09-29 17:38:39,931 - backend.services.StreamingWebService - INFO - Streaming task 134355804127296 confirmed cancelled.
2025-09-29 17:38:39,931 - backend.services.StreamingWebService - INFO - 🔌 WebSocket connection handled and cleaned up
INFO:     connection closed
2025-09-29 17:38:39,934 - backend.engine.qualia_particle_engine - WARNING - Cannot compute: buffers not initialized or shader missing
2025-09-29 17:38:39,950 - backend.engine.qualia_particle_engine - WARNING - Cannot compute: buffers not initialized or shader missing
2025-09-29 17:38:39,967 - backend.engine.qualia_particle_engine - WARNING - Cannot compute: buffers not initialized or shader missing
2025-09-29 17:38:39,984 - backend.engine.qualia_particle_engine - WARNING - Cannot compute: buffers not initialized or shader missing
2025-09-29 17:38:40,000 - backend.engine.qualia_particle_engine - WARNING - Cannot compute: buffers not initialized or shader missing
2025-09-29 17:38:40,017 - backend.engine.qualia_particle_engine - WARNING - Cannot compute: buffers not initialized or shader missing
2025-09-29 17:38:40,033 - backend.engine.qualia_particle_engine - WARNING - Cannot compute: buffers not initialized or shader missing
2025-09-29 17:38:40,050 - backend.engine.qualia_particle_engine - WARNING - Cannot compute: buffers not initialized or shader missing
2025-09-29 17:38:40,066 - backend.engine.qualia_particle_engine - WARNING - Cannot compute: buffers not initialized or shader missing
2025-09-29 17:38:40,082 - backend.engine.qualia_particle_engine - WARNING - Cannot compute: buffers not initialized or shader missing
2025-09-29 17:38:40,099 - backend.engine.qualia_particle_engine - WARNING - Cannot compute: buffers not initialized or shader missing
INFO:     Shutting down
2025-09-29 17:38:40,115 - backend.engine.qualia_particle_engine - WARNING - Cannot compute: buffers not initialized or shader missing
2025-09-29 17:38:40,132 - backend.engine.qualia_particle_engine - WARNING - Cannot compute: buffers not initialized or shader missing
2025-09-29 17:38:40,148 - backend.engine.qualia_particle_engine - WARNING - Cannot compute: buffers not initialized or shader missing
2025-09-29 17:38:40,165 - backend.engine.qualia_particle_engine - WARNING - Cannot compute: buffers not initialized or shader missing
2025-09-29 17:38:40,181 - backend.engine.qualia_particle_engine - WARNING - Cannot compute: buffers not initialized or shader missing
2025-09-29 17:38:40,197 - backend.engine.qualia_particle_engine - WARNING - Cannot compute: buffers not initialized or shader missing
INFO:     Waiting for application shutdown.
2025-09-29 17:38:40,204 - backend.api.routes - INFO - 🚨 Shutting down QUALIA.CODE services...
2025-09-29 17:38:40,204 - backend.CompositionRoot - INFO - → ENTER backend.CompositionRoot.CompositionRoot.shutdown
2025-09-29 17:38:40,204 - backend.CompositionRoot - INFO - ← EXIT backend.CompositionRoot.CompositionRoot.shutdown (⏱️ 0.000s)
2025-09-29 17:38:40,204 - backend.CompositionRoot - INFO - 🔌 Gracefully shutting down QUALIA.CODE services...
2025-09-29 17:38:40,204 - backend.CompositionRoot - INFO - 🛑 Shutting down rendering_service...
2025-09-29 17:38:40,204 - backend.services.RenderingService - INFO - → ENTER backend.services.RenderingService.RenderingService.shutdown
2025-09-29 17:38:40,205 - backend.services.RenderingService - INFO - RenderingService shutdown complete
2025-09-29 17:38:40,205 - backend.services.RenderingService - INFO - ← EXIT backend.services.RenderingService.RenderingService.shutdown (⏱️ 0.000s)
2025-09-29 17:38:40,205 - backend.CompositionRoot - CRITICAL - ✅ rendering_service TERMINATED.
2025-09-29 17:38:40,205 - backend.CompositionRoot - INFO - 🛑 Shutting down streaming_web_service...
2025-09-29 17:38:40,205 - backend.services.StreamingWebService - INFO - → ENTER backend.services.StreamingWebService.StreamingWebService.shutdown
2025-09-29 17:38:40,205 - backend.services.StreamingWebService - INFO - ← EXIT backend.services.StreamingWebService.StreamingWebService.shutdown (⏱️ 0.000s)
2025-09-29 17:38:40,205 - backend.services.StreamingWebService - INFO - Shutting down StreamingWebService...
2025-09-29 17:38:40,205 - backend.services.StreamingWebService - INFO - → ENTER backend.services.StreamingWebService.StreamingWebService._stop_streaming
2025-09-29 17:38:40,205 - backend.services.StreamingWebService - INFO - ← EXIT backend.services.StreamingWebService.StreamingWebService._stop_streaming (⏱️ 0.000s)
2025-09-29 17:38:40,205 - backend.services.StreamingWebService - INFO - Streaming is already stopped.
2025-09-29 17:38:40,205 - backend.services.StreamingWebService - INFO - ✅ StreamingWebService shutdown complete.
2025-09-29 17:38:40,206 - backend.CompositionRoot - CRITICAL - ✅ streaming_web_service TERMINATED.
2025-09-29 17:38:40,206 - backend.CompositionRoot - INFO - 🛑 Shutting down qualia_processor...
2025-09-29 17:38:40,206 - backend.services.QualiaProcessor - INFO - 🛑 Shutting down QualiaProcessor...
2025-09-29 17:38:40,206 - backend.CompositionRoot - CRITICAL - ✅ qualia_processor TERMINATED.
2025-09-29 17:38:40,206 - backend.CompositionRoot - INFO - 🛑 Shutting down particle_system...
2025-09-29 17:38:40,206 - backend.engine.qualia_particle_engine - INFO - → ENTER backend.engine.qualia_particle_engine.QualiaParticleEngine.shutdown
2025-09-29 17:38:40,206 - backend.engine.qualia_particle_engine - INFO - ← EXIT backend.engine.qualia_particle_engine.QualiaParticleEngine.shutdown (⏱️ 0.000s)
2025-09-29 17:38:40,206 - backend.engine.qualia_particle_engine - INFO - → ENTER backend.engine.qualia_particle_engine.QualiaParticleEngine._stop_autonomous_simulation
2025-09-29 17:38:40,206 - backend.engine.qualia_particle_engine - INFO - ← EXIT backend.engine.qualia_particle_engine.QualiaParticleEngine._stop_autonomous_simulation (⏱️ 0.000s)
2025-09-29 17:38:40,206 - backend.engine.qualia_particle_engine - INFO - 🛑 Autonomous simulation loop cancelled
2025-09-29 17:38:40,206 - backend.engine.qualia_particle_engine - INFO - 🛑 Autonomous simulation loop terminated
2025-09-29 17:38:40,206 - backend.engine.qualia_particle_engine - INFO - ✅ Autonomous simulation loop cancelled
2025-09-29 17:38:40,207 - backend.engine.qualia_particle_engine - INFO - ✅ QualiaParticleEngine shutdown complete
2025-09-29 17:38:40,207 - backend.CompositionRoot - CRITICAL - ✅ particle_system TERMINATED.
2025-09-29 17:38:40,207 - backend.CompositionRoot - CRITICAL - 💀 ALL SERVICES TERMINATED. CompositionRoot shutdown is complete.
2025-09-29 17:38:40,207 - backend.api.routes - INFO - ✅ All services terminated gracefully.
INFO:     Application shutdown complete.
INFO:     Finished server process [335699]
