INFO:     Started server process [332534]
INFO:     Waiting for application startup.
2025-09-29 17:34:49,405 - backend.CompositionRoot - INFO - → ENTER backend.CompositionRoot.CompositionRoot.initialize
2025-09-29 17:34:49,405 - backend.CompositionRoot - INFO - ← EXIT backend.CompositionRoot.CompositionRoot.initialize (⏱️ 0.000s)
2025-09-29 17:34:49,405 - backend.CompositionRoot - INFO - 🚀 Initializing QUALIA.CODE CompositionRoot...
2025-09-29 17:34:49,623 - backend.CompositionRoot - INFO - ✅ Created shared EGL OpenGL context
2025-09-29 17:34:49,629 - backend.services.SecurityService - INFO - SecurityService initialized with auth_enabled=False
2025-09-29 17:34:49,744 - backend.engine.qualia_particle_engine - INFO - → ENTER backend.engine.qualia_particle_engine.QualiaParticleEngine._initialize_shader
2025-09-29 17:34:49,744 - backend.engine.qualia_particle_engine - INFO - 🔧 Compiling and linking GLSL shaders...
2025-09-29 17:34:49,745 - backend.engine.qualia_particle_engine - INFO - 🔍 Shader introspection complete: 1 uniforms, format: f
2025-09-29 17:34:49,749 - backend.engine.qualia_particle_engine - INFO - ✅ Shaders compiled and linked successfully.
2025-09-29 17:34:49,749 - backend.engine.qualia_particle_engine - INFO - 🔍 Detected uniforms in shader program: []
2025-09-29 17:34:49,749 - backend.engine.qualia_particle_engine - INFO - ← EXIT backend.engine.qualia_particle_engine.QualiaParticleEngine._initialize_shader (⏱️ 0.005s)
2025-09-29 17:34:49,749 - backend.engine.qualia_particle_engine - INFO - QualiaParticleEngine initialized (max_particles=10000)
2025-09-29 17:34:49,749 - backend.engine.qualia_particle_engine - INFO - → ENTER backend.engine.qualia_particle_engine.QualiaParticleEngine.start
2025-09-29 17:34:49,749 - backend.engine.qualia_particle_engine - INFO - → ENTER backend.engine.qualia_particle_engine.QualiaParticleEngine._start_autonomous_simulation
2025-09-29 17:34:49,749 - backend.engine.qualia_particle_engine - INFO - 🎯 Started autonomous simulation loop at 60.0fps
2025-09-29 17:34:49,749 - backend.engine.qualia_particle_engine - INFO - ← EXIT backend.engine.qualia_particle_engine.QualiaParticleEngine._start_autonomous_simulation (⏱️ 0.000s)
2025-09-29 17:34:49,749 - backend.engine.qualia_particle_engine - INFO - 🎆 QualiaParticleEngine started with autonomous simulation loop and subscribed to QualiaState events
2025-09-29 17:34:49,750 - backend.engine.qualia_particle_engine - INFO - ← EXIT backend.engine.qualia_particle_engine.QualiaParticleEngine.start (⏱️ 0.000s)
2025-09-29 17:34:49,756 - backend.services.RenderingService - INFO - RenderingService graphics resources initialized
2025-09-29 17:34:49,764 - backend.CompositionRoot - INFO - ✅ CompositionRoot initialization complete
2025-09-29 17:34:49,764 - backend.api.routes - INFO - ✅ QUALIA.CODE services initialized successfully on startup
2025-09-29 17:34:49,764 - backend.engine.qualia_particle_engine - WARNING - Cannot compute: buffers not initialized or shader missing
INFO:     Application startup complete.
INFO:     Uvicorn running on http://127.0.0.1:8000 (Press CTRL+C to quit)
2025-09-29 17:34:49,782 - backend.engine.qualia_particle_engine - WARNING - Cannot compute: buffers not initialized or shader missing
2025-09-29 17:34:49,799 - backend.engine.qualia_particle_engine - WARNING - Cannot compute: buffers not initialized or shader missing
2025-09-29 17:34:49,816 - backend.engine.qualia_particle_engine - WARNING - Cannot compute: buffers not initialized or shader missing
2025-09-29 17:34:49,834 - backend.engine.qualia_particle_engine - WARNING - Cannot compute: buffers not initialized or shader missing
2025-09-29 17:34:49,850 - backend.engine.qualia_particle_engine - WARNING - Cannot compute: buffers not initialized or shader missing
2025-09-29 17:34:49,868 - backend.engine.qualia_particle_engine - WARNING - Cannot compute: buffers not initialized or shader missing
2025-09-29 17:34:49,884 - backend.engine.qualia_particle_engine - WARNING - Cannot compute: buffers not initialized or shader missing
2025-09-29 17:34:49,900 - backend.engine.qualia_particle_engine - WARNING - Cannot compute: buffers not initialized or shader missing
2025-09-29 17:34:49,917 - backend.engine.qualia_particle_engine - WARNING - Cannot compute: buffers not initialized or shader missing
2025-09-29 17:34:49,933 - backend.engine.qualia_particle_engine - WARNING - Cannot compute: buffers not initialized or shader missing
2025-09-29 17:34:49,950 - backend.engine.qualia_particle_engine - WARNING - Cannot compute: buffers not initialized or shader missing
2025-09-29 17:34:49,967 - backend.engine.qualia_particle_engine - WARNING - Cannot compute: buffers not initialized or shader missing
2025-09-29 17:34:49,983 - backend.engine.qualia_particle_engine - WARNING - Cannot compute: buffers not initialized or shader missing
2025-09-29 17:34:50,000 - backend.engine.qualia_particle_engine - WARNING - Cannot compute: buffers not initialized or shader missing
2025-09-29 17:34:50,016 - backend.engine.qualia_particle_engine - WARNING - Cannot compute: buffers not initialized or shader missing
2025-09-29 17:34:50,032 - backend.engine.qualia_particle_engine - WARNING - Cannot compute: buffers not initialized or shader missing
2025-09-29 17:34:50,049 - backend.engine.qualia_particle_engine - WARNING - Cannot compute: buffers not initialized or shader missing
2025-09-29 17:34:50,065 - backend.engine.qualia_particle_engine - WARNING - Cannot compute: buffers not initialized or shader missing
2025-09-29 17:34:50,081 - backend.engine.qualia_particle_engine - WARNING - Cannot compute: buffers not initialized or shader missing
2025-09-29 17:34:50,097 - backend.engine.qualia_particle_engine - WARNING - Cannot compute: buffers not initialized or shader missing
2025-09-29 17:34:50,114 - backend.engine.qualia_particle_engine - WARNING - Cannot compute: buffers not initialized or shader missing
2025-09-29 17:34:50,130 - backend.engine.qualia_particle_engine - WARNING - Cannot compute: buffers not initialized or shader missing
2025-09-29 17:34:50,147 - backend.engine.qualia_particle_engine - WARNING - Cannot compute: buffers not initialized or shader missing
2025-09-29 17:34:50,163 - backend.engine.qualia_particle_engine - WARNING - Cannot compute: buffers not initialized or shader missing
2025-09-29 17:34:50,180 - backend.engine.qualia_particle_engine - WARNING - Cannot compute: buffers not initialized or shader missing
2025-09-29 17:34:50,196 - backend.engine.qualia_particle_engine - WARNING - Cannot compute: buffers not initialized or shader missing
2025-09-29 17:34:50,212 - backend.engine.qualia_particle_engine - WARNING - Cannot compute: buffers not initialized or shader missing
2025-09-29 17:34:50,229 - backend.engine.qualia_particle_engine - WARNING - Cannot compute: buffers not initialized or shader missing
2025-09-29 17:34:50,245 - backend.engine.qualia_particle_engine - WARNING - Cannot compute: buffers not initialized or shader missing
2025-09-29 17:34:50,262 - backend.engine.qualia_particle_engine - WARNING - Cannot compute: buffers not initialized or shader missing
2025-09-29 17:34:50,278 - backend.engine.qualia_particle_engine - WARNING - Cannot compute: buffers not initialized or shader missing
2025-09-29 17:34:50,295 - backend.engine.qualia_particle_engine - WARNING - Cannot compute: buffers not initialized or shader missing
2025-09-29 17:34:50,311 - backend.engine.qualia_particle_engine - WARNING - Cannot compute: buffers not initialized or shader missing
2025-09-29 17:34:50,328 - backend.engine.qualia_particle_engine - WARNING - Cannot compute: buffers not initialized or shader missing
2025-09-29 17:34:50,344 - backend.engine.qualia_particle_engine - WARNING - Cannot compute: buffers not initialized or shader missing
2025-09-29 17:34:50,360 - backend.engine.qualia_particle_engine - WARNING - Cannot compute: buffers not initialized or shader missing
2025-09-29 17:34:50,377 - backend.engine.qualia_particle_engine - WARNING - Cannot compute: buffers not initialized or shader missing
2025-09-29 17:34:50,393 - backend.engine.qualia_particle_engine - WARNING - Cannot compute: buffers not initialized or shader missing
2025-09-29 17:34:50,410 - backend.engine.qualia_particle_engine - WARNING - Cannot compute: buffers not initialized or shader missing
2025-09-29 17:34:50,426 - backend.engine.qualia_particle_engine - WARNING - Cannot compute: buffers not initialized or shader missing
2025-09-29 17:34:50,443 - backend.engine.qualia_particle_engine - WARNING - Cannot compute: buffers not initialized or shader missing
2025-09-29 17:34:50,459 - backend.engine.qualia_particle_engine - WARNING - Cannot compute: buffers not initialized or shader missing
2025-09-29 17:34:50,475 - backend.engine.qualia_particle_engine - WARNING - Cannot compute: buffers not initialized or shader missing
2025-09-29 17:34:50,491 - backend.engine.qualia_particle_engine - WARNING - Cannot compute: buffers not initialized or shader missing
2025-09-29 17:34:50,508 - backend.engine.qualia_particle_engine - WARNING - Cannot compute: buffers not initialized or shader missing
2025-09-29 17:34:50,524 - backend.engine.qualia_particle_engine - WARNING - Cannot compute: buffers not initialized or shader missing
2025-09-29 17:34:50,540 - backend.engine.qualia_particle_engine - WARNING - Cannot compute: buffers not initialized or shader missing
2025-09-29 17:34:50,557 - backend.engine.qualia_particle_engine - WARNING - Cannot compute: buffers not initialized or shader missing
2025-09-29 17:34:50,574 - backend.engine.qualia_particle_engine - WARNING - Cannot compute: buffers not initialized or shader missing
2025-09-29 17:34:50,590 - backend.engine.qualia_particle_engine - WARNING - Cannot compute: buffers not initialized or shader missing
🎵 Starting Qualia Tempo Visual Engine (QUALIA.CODE v1.0)...
🔥 Backend ready to receive rhythm data from frontend
🌟 Visual effects generated via EventBus architecture

Backend running on: http://127.0.0.1:8000
API Documentation: http://127.0.0.1:8000/docs
Architecture: IoC + EventBus + Dependency Injection

INFO:     127.0.0.1:40464 - "GET /health HTTP/1.1" 200 OK
2025-09-29 17:34:50,607 - backend.engine.qualia_particle_engine - WARNING - Cannot compute: buffers not initialized or shader missing
2025-09-29 17:34:50,623 - backend.engine.qualia_particle_engine - WARNING - Cannot compute: buffers not initialized or shader missing
2025-09-29 17:34:50,640 - backend.engine.qualia_particle_engine - WARNING - Cannot compute: buffers not initialized or shader missing
2025-09-29 17:34:50,656 - backend.engine.qualia_particle_engine - WARNING - Cannot compute: buffers not initialized or shader missing
2025-09-29 17:34:50,672 - backend.engine.qualia_particle_engine - WARNING - Cannot compute: buffers not initialized or shader missing
2025-09-29 17:34:50,688 - backend.engine.qualia_particle_engine - WARNING - Cannot compute: buffers not initialized or shader missing
2025-09-29 17:34:50,705 - backend.engine.qualia_particle_engine - WARNING - Cannot compute: buffers not initialized or shader missing
2025-09-29 17:34:50,721 - backend.engine.qualia_particle_engine - WARNING - Cannot compute: buffers not initialized or shader missing
2025-09-29 17:34:50,737 - backend.engine.qualia_particle_engine - WARNING - Cannot compute: buffers not initialized or shader missing
2025-09-29 17:34:50,753 - backend.engine.qualia_particle_engine - WARNING - Cannot compute: buffers not initialized or shader missing
2025-09-29 17:34:50,769 - backend.engine.qualia_particle_engine - WARNING - Cannot compute: buffers not initialized or shader missing
2025-09-29 17:34:50,786 - backend.engine.qualia_particle_engine - WARNING - Cannot compute: buffers not initialized or shader missing
2025-09-29 17:34:50,802 - backend.engine.qualia_particle_engine - WARNING - Cannot compute: buffers not initialized or shader missing
2025-09-29 17:34:50,818 - backend.engine.qualia_particle_engine - WARNING - Cannot compute: buffers not initialized or shader missing
2025-09-29 17:34:50,835 - backend.engine.qualia_particle_engine - WARNING - Cannot compute: buffers not initialized or shader missing
2025-09-29 17:34:50,851 - backend.engine.qualia_particle_engine - WARNING - Cannot compute: buffers not initialized or shader missing
2025-09-29 17:34:50,867 - backend.engine.qualia_particle_engine - WARNING - Cannot compute: buffers not initialized or shader missing
2025-09-29 17:34:50,884 - backend.engine.qualia_particle_engine - WARNING - Cannot compute: buffers not initialized or shader missing
2025-09-29 17:34:50,900 - backend.engine.qualia_particle_engine - WARNING - Cannot compute: buffers not initialized or shader missing
2025-09-29 17:34:50,917 - backend.engine.qualia_particle_engine - WARNING - Cannot compute: buffers not initialized or shader missing
2025-09-29 17:34:50,933 - backend.engine.qualia_particle_engine - WARNING - Cannot compute: buffers not initialized or shader missing
2025-09-29 17:34:50,949 - backend.engine.qualia_particle_engine - WARNING - Cannot compute: buffers not initialized or shader missing
2025-09-29 17:34:50,966 - backend.engine.qualia_particle_engine - WARNING - Cannot compute: buffers not initialized or shader missing
2025-09-29 17:34:50,983 - backend.engine.qualia_particle_engine - WARNING - Cannot compute: buffers not initialized or shader missing
2025-09-29 17:34:51,000 - backend.engine.qualia_particle_engine - WARNING - Cannot compute: buffers not initialized or shader missing
2025-09-29 17:34:51,017 - backend.engine.qualia_particle_engine - WARNING - Cannot compute: buffers not initialized or shader missing
2025-09-29 17:34:51,033 - backend.engine.qualia_particle_engine - WARNING - Cannot compute: buffers not initialized or shader missing
2025-09-29 17:34:51,050 - backend.engine.qualia_particle_engine - WARNING - Cannot compute: buffers not initialized or shader missing
2025-09-29 17:34:51,067 - backend.engine.qualia_particle_engine - WARNING - Cannot compute: buffers not initialized or shader missing
2025-09-29 17:34:51,083 - backend.engine.qualia_particle_engine - WARNING - Cannot compute: buffers not initialized or shader missing
2025-09-29 17:34:51,099 - backend.engine.qualia_particle_engine - WARNING - Cannot compute: buffers not initialized or shader missing
2025-09-29 17:34:51,115 - backend.engine.qualia_particle_engine - WARNING - Cannot compute: buffers not initialized or shader missing
2025-09-29 17:34:51,132 - backend.engine.qualia_particle_engine - WARNING - Cannot compute: buffers not initialized or shader missing
2025-09-29 17:34:51,149 - backend.engine.qualia_particle_engine - WARNING - Cannot compute: buffers not initialized or shader missing
2025-09-29 17:34:51,166 - backend.engine.qualia_particle_engine - WARNING - Cannot compute: buffers not initialized or shader missing
2025-09-29 17:34:51,183 - backend.engine.qualia_particle_engine - WARNING - Cannot compute: buffers not initialized or shader missing
2025-09-29 17:34:51,200 - backend.engine.qualia_particle_engine - WARNING - Cannot compute: buffers not initialized or shader missing
2025-09-29 17:34:51,217 - backend.engine.qualia_particle_engine - WARNING - Cannot compute: buffers not initialized or shader missing
2025-09-29 17:34:51,234 - backend.engine.qualia_particle_engine - WARNING - Cannot compute: buffers not initialized or shader missing
2025-09-29 17:34:51,251 - backend.engine.qualia_particle_engine - WARNING - Cannot compute: buffers not initialized or shader missing
2025-09-29 17:34:51,267 - backend.engine.qualia_particle_engine - WARNING - Cannot compute: buffers not initialized or shader missing
2025-09-29 17:34:51,284 - backend.engine.qualia_particle_engine - WARNING - Cannot compute: buffers not initialized or shader missing
2025-09-29 17:34:51,300 - backend.engine.qualia_particle_engine - WARNING - Cannot compute: buffers not initialized or shader missing
2025-09-29 17:34:51,316 - backend.engine.qualia_particle_engine - WARNING - Cannot compute: buffers not initialized or shader missing
2025-09-29 17:34:51,333 - backend.engine.qualia_particle_engine - WARNING - Cannot compute: buffers not initialized or shader missing
2025-09-29 17:34:51,349 - backend.engine.qualia_particle_engine - WARNING - Cannot compute: buffers not initialized or shader missing
2025-09-29 17:34:51,366 - backend.engine.qualia_particle_engine - WARNING - Cannot compute: buffers not initialized or shader missing
2025-09-29 17:34:51,382 - backend.engine.qualia_particle_engine - WARNING - Cannot compute: buffers not initialized or shader missing
2025-09-29 17:34:51,398 - backend.engine.qualia_particle_engine - WARNING - Cannot compute: buffers not initialized or shader missing
2025-09-29 17:34:51,415 - backend.engine.qualia_particle_engine - WARNING - Cannot compute: buffers not initialized or shader missing
2025-09-29 17:34:51,431 - backend.engine.qualia_particle_engine - WARNING - Cannot compute: buffers not initialized or shader missing
2025-09-29 17:34:51,448 - backend.engine.qualia_particle_engine - WARNING - Cannot compute: buffers not initialized or shader missing
2025-09-29 17:34:51,464 - backend.engine.qualia_particle_engine - WARNING - Cannot compute: buffers not initialized or shader missing
2025-09-29 17:34:51,481 - backend.engine.qualia_particle_engine - WARNING - Cannot compute: buffers not initialized or shader missing
2025-09-29 17:34:51,497 - backend.engine.qualia_particle_engine - WARNING - Cannot compute: buffers not initialized or shader missing
2025-09-29 17:34:51,513 - backend.engine.qualia_particle_engine - WARNING - Cannot compute: buffers not initialized or shader missing
2025-09-29 17:34:51,530 - backend.engine.qualia_particle_engine - WARNING - Cannot compute: buffers not initialized or shader missing
2025-09-29 17:34:51,546 - backend.engine.qualia_particle_engine - WARNING - Cannot compute: buffers not initialized or shader missing
2025-09-29 17:34:51,562 - backend.engine.qualia_particle_engine - WARNING - Cannot compute: buffers not initialized or shader missing
2025-09-29 17:34:51,578 - backend.engine.qualia_particle_engine - WARNING - Cannot compute: buffers not initialized or shader missing
2025-09-29 17:34:51,594 - backend.engine.qualia_particle_engine - WARNING - Cannot compute: buffers not initialized or shader missing
2025-09-29 17:34:51,611 - backend.engine.qualia_particle_engine - WARNING - Cannot compute: buffers not initialized or shader missing
2025-09-29 17:34:51,627 - backend.engine.qualia_particle_engine - WARNING - Cannot compute: buffers not initialized or shader missing
2025-09-29 17:34:51,643 - backend.engine.qualia_particle_engine - WARNING - Cannot compute: buffers not initialized or shader missing
2025-09-29 17:34:51,660 - backend.engine.qualia_particle_engine - WARNING - Cannot compute: buffers not initialized or shader missing
2025-09-29 17:34:51,676 - backend.engine.qualia_particle_engine - WARNING - Cannot compute: buffers not initialized or shader missing
2025-09-29 17:34:51,693 - backend.engine.qualia_particle_engine - WARNING - Cannot compute: buffers not initialized or shader missing
2025-09-29 17:34:51,709 - backend.engine.qualia_particle_engine - WARNING - Cannot compute: buffers not initialized or shader missing
2025-09-29 17:34:51,725 - backend.engine.qualia_particle_engine - WARNING - Cannot compute: buffers not initialized or shader missing
2025-09-29 17:34:51,741 - backend.engine.qualia_particle_engine - WARNING - Cannot compute: buffers not initialized or shader missing
2025-09-29 17:34:51,757 - backend.engine.qualia_particle_engine - WARNING - Cannot compute: buffers not initialized or shader missing
2025-09-29 17:34:51,774 - backend.engine.qualia_particle_engine - WARNING - Cannot compute: buffers not initialized or shader missing
2025-09-29 17:34:51,790 - backend.engine.qualia_particle_engine - WARNING - Cannot compute: buffers not initialized or shader missing
2025-09-29 17:34:51,806 - backend.engine.qualia_particle_engine - WARNING - Cannot compute: buffers not initialized or shader missing
2025-09-29 17:34:51,823 - backend.engine.qualia_particle_engine - WARNING - Cannot compute: buffers not initialized or shader missing
2025-09-29 17:34:51,839 - backend.engine.qualia_particle_engine - WARNING - Cannot compute: buffers not initialized or shader missing
2025-09-29 17:34:51,855 - backend.engine.qualia_particle_engine - WARNING - Cannot compute: buffers not initialized or shader missing
2025-09-29 17:34:51,872 - backend.engine.qualia_particle_engine - WARNING - Cannot compute: buffers not initialized or shader missing
2025-09-29 17:34:51,888 - backend.engine.qualia_particle_engine - WARNING - Cannot compute: buffers not initialized or shader missing
2025-09-29 17:34:51,905 - backend.engine.qualia_particle_engine - WARNING - Cannot compute: buffers not initialized or shader missing
2025-09-29 17:34:51,921 - backend.engine.qualia_particle_engine - WARNING - Cannot compute: buffers not initialized or shader missing
2025-09-29 17:34:51,938 - backend.engine.qualia_particle_engine - WARNING - Cannot compute: buffers not initialized or shader missing
2025-09-29 17:34:51,954 - backend.engine.qualia_particle_engine - WARNING - Cannot compute: buffers not initialized or shader missing
2025-09-29 17:34:51,970 - backend.engine.qualia_particle_engine - WARNING - Cannot compute: buffers not initialized or shader missing
2025-09-29 17:34:51,987 - backend.engine.qualia_particle_engine - WARNING - Cannot compute: buffers not initialized or shader missing
2025-09-29 17:34:52,003 - backend.engine.qualia_particle_engine - WARNING - Cannot compute: buffers not initialized or shader missing
2025-09-29 17:34:52,019 - backend.engine.qualia_particle_engine - WARNING - Cannot compute: buffers not initialized or shader missing
2025-09-29 17:34:52,036 - backend.engine.qualia_particle_engine - WARNING - Cannot compute: buffers not initialized or shader missing
2025-09-29 17:34:52,052 - backend.engine.qualia_particle_engine - WARNING - Cannot compute: buffers not initialized or shader missing
2025-09-29 17:34:52,069 - backend.engine.qualia_particle_engine - WARNING - Cannot compute: buffers not initialized or shader missing
2025-09-29 17:34:52,085 - backend.engine.qualia_particle_engine - WARNING - Cannot compute: buffers not initialized or shader missing
2025-09-29 17:34:52,102 - backend.engine.qualia_particle_engine - WARNING - Cannot compute: buffers not initialized or shader missing
2025-09-29 17:34:52,120 - backend.engine.qualia_particle_engine - WARNING - Cannot compute: buffers not initialized or shader missing
2025-09-29 17:34:52,137 - backend.engine.qualia_particle_engine - WARNING - Cannot compute: buffers not initialized or shader missing
2025-09-29 17:34:52,153 - backend.engine.qualia_particle_engine - WARNING - Cannot compute: buffers not initialized or shader missing
2025-09-29 17:34:52,170 - backend.engine.qualia_particle_engine - WARNING - Cannot compute: buffers not initialized or shader missing
2025-09-29 17:34:52,186 - backend.engine.qualia_particle_engine - WARNING - Cannot compute: buffers not initialized or shader missing
2025-09-29 17:34:52,202 - backend.engine.qualia_particle_engine - WARNING - Cannot compute: buffers not initialized or shader missing
2025-09-29 17:34:52,219 - backend.engine.qualia_particle_engine - WARNING - Cannot compute: buffers not initialized or shader missing
2025-09-29 17:34:52,235 - backend.engine.qualia_particle_engine - WARNING - Cannot compute: buffers not initialized or shader missing
2025-09-29 17:34:52,252 - backend.engine.qualia_particle_engine - WARNING - Cannot compute: buffers not initialized or shader missing
2025-09-29 17:34:52,268 - backend.engine.qualia_particle_engine - WARNING - Cannot compute: buffers not initialized or shader missing
2025-09-29 17:34:52,284 - backend.engine.qualia_particle_engine - WARNING - Cannot compute: buffers not initialized or shader missing
2025-09-29 17:34:52,301 - backend.engine.qualia_particle_engine - WARNING - Cannot compute: buffers not initialized or shader missing
2025-09-29 17:34:52,318 - backend.engine.qualia_particle_engine - WARNING - Cannot compute: buffers not initialized or shader missing
2025-09-29 17:34:52,334 - backend.engine.qualia_particle_engine - WARNING - Cannot compute: buffers not initialized or shader missing
2025-09-29 17:34:52,352 - backend.engine.qualia_particle_engine - WARNING - Cannot compute: buffers not initialized or shader missing
2025-09-29 17:34:52,369 - backend.engine.qualia_particle_engine - WARNING - Cannot compute: buffers not initialized or shader missing
2025-09-29 17:34:52,386 - backend.engine.qualia_particle_engine - WARNING - Cannot compute: buffers not initialized or shader missing
2025-09-29 17:34:52,403 - backend.engine.qualia_particle_engine - WARNING - Cannot compute: buffers not initialized or shader missing
2025-09-29 17:34:52,420 - backend.engine.qualia_particle_engine - WARNING - Cannot compute: buffers not initialized or shader missing
2025-09-29 17:34:52,437 - backend.engine.qualia_particle_engine - WARNING - Cannot compute: buffers not initialized or shader missing
2025-09-29 17:34:52,455 - backend.engine.qualia_particle_engine - WARNING - Cannot compute: buffers not initialized or shader missing
2025-09-29 17:34:52,472 - backend.engine.qualia_particle_engine - WARNING - Cannot compute: buffers not initialized or shader missing
2025-09-29 17:34:52,490 - backend.engine.qualia_particle_engine - WARNING - Cannot compute: buffers not initialized or shader missing
2025-09-29 17:34:52,506 - backend.engine.qualia_particle_engine - WARNING - Cannot compute: buffers not initialized or shader missing
2025-09-29 17:34:52,522 - backend.engine.qualia_particle_engine - WARNING - Cannot compute: buffers not initialized or shader missing
2025-09-29 17:34:52,539 - backend.engine.qualia_particle_engine - WARNING - Cannot compute: buffers not initialized or shader missing
2025-09-29 17:34:52,555 - backend.engine.qualia_particle_engine - WARNING - Cannot compute: buffers not initialized or shader missing
2025-09-29 17:34:52,572 - backend.engine.qualia_particle_engine - WARNING - Cannot compute: buffers not initialized or shader missing
2025-09-29 17:34:52,588 - backend.engine.qualia_particle_engine - WARNING - Cannot compute: buffers not initialized or shader missing
2025-09-29 17:34:52,604 - backend.engine.qualia_particle_engine - WARNING - Cannot compute: buffers not initialized or shader missing
2025-09-29 17:34:52,621 - backend.engine.qualia_particle_engine - WARNING - Cannot compute: buffers not initialized or shader missing
2025-09-29 17:34:52,637 - backend.engine.qualia_particle_engine - WARNING - Cannot compute: buffers not initialized or shader missing
2025-09-29 17:34:52,653 - backend.engine.qualia_particle_engine - WARNING - Cannot compute: buffers not initialized or shader missing
2025-09-29 17:34:52,670 - backend.engine.qualia_particle_engine - WARNING - Cannot compute: buffers not initialized or shader missing
2025-09-29 17:34:52,686 - backend.engine.qualia_particle_engine - WARNING - Cannot compute: buffers not initialized or shader missing
2025-09-29 17:34:52,702 - backend.engine.qualia_particle_engine - WARNING - Cannot compute: buffers not initialized or shader missing
2025-09-29 17:34:52,719 - backend.engine.qualia_particle_engine - WARNING - Cannot compute: buffers not initialized or shader missing
2025-09-29 17:34:52,735 - backend.engine.qualia_particle_engine - WARNING - Cannot compute: buffers not initialized or shader missing
2025-09-29 17:34:52,752 - backend.engine.qualia_particle_engine - WARNING - Cannot compute: buffers not initialized or shader missing
2025-09-29 17:34:52,768 - backend.engine.qualia_particle_engine - WARNING - Cannot compute: buffers not initialized or shader missing
2025-09-29 17:34:52,785 - backend.engine.qualia_particle_engine - WARNING - Cannot compute: buffers not initialized or shader missing
2025-09-29 17:34:52,801 - backend.engine.qualia_particle_engine - WARNING - Cannot compute: buffers not initialized or shader missing
2025-09-29 17:34:52,818 - backend.engine.qualia_particle_engine - WARNING - Cannot compute: buffers not initialized or shader missing
2025-09-29 17:34:52,834 - backend.engine.qualia_particle_engine - WARNING - Cannot compute: buffers not initialized or shader missing
2025-09-29 17:34:52,850 - backend.engine.qualia_particle_engine - WARNING - Cannot compute: buffers not initialized or shader missing
2025-09-29 17:34:52,867 - backend.engine.qualia_particle_engine - WARNING - Cannot compute: buffers not initialized or shader missing
2025-09-29 17:34:52,883 - backend.engine.qualia_particle_engine - WARNING - Cannot compute: buffers not initialized or shader missing
2025-09-29 17:34:52,900 - backend.engine.qualia_particle_engine - WARNING - Cannot compute: buffers not initialized or shader missing
2025-09-29 17:34:52,916 - backend.engine.qualia_particle_engine - WARNING - Cannot compute: buffers not initialized or shader missing
2025-09-29 17:34:52,932 - backend.engine.qualia_particle_engine - WARNING - Cannot compute: buffers not initialized or shader missing
2025-09-29 17:34:52,949 - backend.engine.qualia_particle_engine - WARNING - Cannot compute: buffers not initialized or shader missing
2025-09-29 17:34:52,965 - backend.engine.qualia_particle_engine - WARNING - Cannot compute: buffers not initialized or shader missing
2025-09-29 17:34:52,981 - backend.engine.qualia_particle_engine - WARNING - Cannot compute: buffers not initialized or shader missing
2025-09-29 17:34:52,997 - backend.engine.qualia_particle_engine - WARNING - Cannot compute: buffers not initialized or shader missing
2025-09-29 17:34:53,014 - backend.engine.qualia_particle_engine - WARNING - Cannot compute: buffers not initialized or shader missing
2025-09-29 17:34:53,030 - backend.engine.qualia_particle_engine - WARNING - Cannot compute: buffers not initialized or shader missing
2025-09-29 17:34:53,046 - backend.engine.qualia_particle_engine - WARNING - Cannot compute: buffers not initialized or shader missing
2025-09-29 17:34:53,063 - backend.engine.qualia_particle_engine - WARNING - Cannot compute: buffers not initialized or shader missing
2025-09-29 17:34:53,080 - backend.engine.qualia_particle_engine - WARNING - Cannot compute: buffers not initialized or shader missing
2025-09-29 17:34:53,096 - backend.engine.qualia_particle_engine - WARNING - Cannot compute: buffers not initialized or shader missing
2025-09-29 17:34:53,112 - backend.engine.qualia_particle_engine - WARNING - Cannot compute: buffers not initialized or shader missing
2025-09-29 17:34:53,129 - backend.engine.qualia_particle_engine - WARNING - Cannot compute: buffers not initialized or shader missing
2025-09-29 17:34:53,145 - backend.engine.qualia_particle_engine - WARNING - Cannot compute: buffers not initialized or shader missing
2025-09-29 17:34:53,162 - backend.engine.qualia_particle_engine - WARNING - Cannot compute: buffers not initialized or shader missing
2025-09-29 17:34:53,178 - backend.engine.qualia_particle_engine - WARNING - Cannot compute: buffers not initialized or shader missing
2025-09-29 17:34:53,195 - backend.engine.qualia_particle_engine - WARNING - Cannot compute: buffers not initialized or shader missing
2025-09-29 17:34:53,211 - backend.engine.qualia_particle_engine - WARNING - Cannot compute: buffers not initialized or shader missing
2025-09-29 17:34:53,227 - backend.engine.qualia_particle_engine - WARNING - Cannot compute: buffers not initialized or shader missing
2025-09-29 17:34:53,244 - backend.engine.qualia_particle_engine - WARNING - Cannot compute: buffers not initialized or shader missing
2025-09-29 17:34:53,260 - backend.engine.qualia_particle_engine - WARNING - Cannot compute: buffers not initialized or shader missing
2025-09-29 17:34:53,276 - backend.engine.qualia_particle_engine - WARNING - Cannot compute: buffers not initialized or shader missing
2025-09-29 17:34:53,292 - backend.engine.qualia_particle_engine - WARNING - Cannot compute: buffers not initialized or shader missing
2025-09-29 17:34:53,309 - backend.engine.qualia_particle_engine - WARNING - Cannot compute: buffers not initialized or shader missing
2025-09-29 17:34:53,325 - backend.engine.qualia_particle_engine - WARNING - Cannot compute: buffers not initialized or shader missing
2025-09-29 17:34:53,342 - backend.engine.qualia_particle_engine - WARNING - Cannot compute: buffers not initialized or shader missing
2025-09-29 17:34:53,358 - backend.engine.qualia_particle_engine - WARNING - Cannot compute: buffers not initialized or shader missing
2025-09-29 17:34:53,374 - backend.engine.qualia_particle_engine - WARNING - Cannot compute: buffers not initialized or shader missing
2025-09-29 17:34:53,390 - backend.engine.qualia_particle_engine - WARNING - Cannot compute: buffers not initialized or shader missing
2025-09-29 17:34:53,407 - backend.engine.qualia_particle_engine - WARNING - Cannot compute: buffers not initialized or shader missing
2025-09-29 17:34:53,423 - backend.engine.qualia_particle_engine - WARNING - Cannot compute: buffers not initialized or shader missing
2025-09-29 17:34:53,439 - backend.engine.qualia_particle_engine - WARNING - Cannot compute: buffers not initialized or shader missing
2025-09-29 17:34:53,456 - backend.engine.qualia_particle_engine - WARNING - Cannot compute: buffers not initialized or shader missing
2025-09-29 17:34:53,472 - backend.engine.qualia_particle_engine - WARNING - Cannot compute: buffers not initialized or shader missing
2025-09-29 17:34:53,488 - backend.engine.qualia_particle_engine - WARNING - Cannot compute: buffers not initialized or shader missing
2025-09-29 17:34:53,504 - backend.engine.qualia_particle_engine - WARNING - Cannot compute: buffers not initialized or shader missing
2025-09-29 17:34:53,521 - backend.engine.qualia_particle_engine - WARNING - Cannot compute: buffers not initialized or shader missing
2025-09-29 17:34:53,537 - backend.engine.qualia_particle_engine - WARNING - Cannot compute: buffers not initialized or shader missing
2025-09-29 17:34:53,553 - backend.engine.qualia_particle_engine - WARNING - Cannot compute: buffers not initialized or shader missing
2025-09-29 17:34:53,570 - backend.engine.qualia_particle_engine - WARNING - Cannot compute: buffers not initialized or shader missing
2025-09-29 17:34:53,587 - backend.engine.qualia_particle_engine - WARNING - Cannot compute: buffers not initialized or shader missing
2025-09-29 17:34:53,603 - backend.engine.qualia_particle_engine - WARNING - Cannot compute: buffers not initialized or shader missing
2025-09-29 17:34:53,619 - backend.engine.qualia_particle_engine - WARNING - Cannot compute: buffers not initialized or shader missing
2025-09-29 17:34:53,635 - backend.engine.qualia_particle_engine - WARNING - Cannot compute: buffers not initialized or shader missing
2025-09-29 17:34:53,651 - backend.engine.qualia_particle_engine - WARNING - Cannot compute: buffers not initialized or shader missing
2025-09-29 17:34:53,668 - backend.engine.qualia_particle_engine - WARNING - Cannot compute: buffers not initialized or shader missing
2025-09-29 17:34:53,684 - backend.engine.qualia_particle_engine - WARNING - Cannot compute: buffers not initialized or shader missing
2025-09-29 17:34:53,701 - backend.engine.qualia_particle_engine - WARNING - Cannot compute: buffers not initialized or shader missing
2025-09-29 17:34:53,717 - backend.engine.qualia_particle_engine - WARNING - Cannot compute: buffers not initialized or shader missing
2025-09-29 17:34:53,733 - backend.engine.qualia_particle_engine - WARNING - Cannot compute: buffers not initialized or shader missing
2025-09-29 17:34:53,750 - backend.engine.qualia_particle_engine - WARNING - Cannot compute: buffers not initialized or shader missing
2025-09-29 17:34:53,766 - backend.engine.qualia_particle_engine - WARNING - Cannot compute: buffers not initialized or shader missing
2025-09-29 17:34:53,783 - backend.engine.qualia_particle_engine - WARNING - Cannot compute: buffers not initialized or shader missing
2025-09-29 17:34:53,799 - backend.engine.qualia_particle_engine - WARNING - Cannot compute: buffers not initialized or shader missing
2025-09-29 17:34:53,816 - backend.engine.qualia_particle_engine - WARNING - Cannot compute: buffers not initialized or shader missing
2025-09-29 17:34:53,832 - backend.engine.qualia_particle_engine - WARNING - Cannot compute: buffers not initialized or shader missing
2025-09-29 17:34:53,849 - backend.engine.qualia_particle_engine - WARNING - Cannot compute: buffers not initialized or shader missing
2025-09-29 17:34:53,865 - backend.engine.qualia_particle_engine - WARNING - Cannot compute: buffers not initialized or shader missing
2025-09-29 17:34:53,882 - backend.engine.qualia_particle_engine - WARNING - Cannot compute: buffers not initialized or shader missing
2025-09-29 17:34:53,898 - backend.engine.qualia_particle_engine - WARNING - Cannot compute: buffers not initialized or shader missing
2025-09-29 17:34:53,914 - backend.engine.qualia_particle_engine - WARNING - Cannot compute: buffers not initialized or shader missing
2025-09-29 17:34:53,930 - backend.engine.qualia_particle_engine - WARNING - Cannot compute: buffers not initialized or shader missing
2025-09-29 17:34:53,946 - backend.engine.qualia_particle_engine - WARNING - Cannot compute: buffers not initialized or shader missing
2025-09-29 17:34:53,963 - backend.engine.qualia_particle_engine - WARNING - Cannot compute: buffers not initialized or shader missing
2025-09-29 17:34:53,979 - backend.engine.qualia_particle_engine - WARNING - Cannot compute: buffers not initialized or shader missing
2025-09-29 17:34:53,996 - backend.engine.qualia_particle_engine - WARNING - Cannot compute: buffers not initialized or shader missing
2025-09-29 17:34:54,012 - backend.engine.qualia_particle_engine - WARNING - Cannot compute: buffers not initialized or shader missing
2025-09-29 17:34:54,028 - backend.engine.qualia_particle_engine - WARNING - Cannot compute: buffers not initialized or shader missing
2025-09-29 17:34:54,044 - backend.engine.qualia_particle_engine - WARNING - Cannot compute: buffers not initialized or shader missing
2025-09-29 17:34:54,060 - backend.engine.qualia_particle_engine - WARNING - Cannot compute: buffers not initialized or shader missing
2025-09-29 17:34:54,077 - backend.engine.qualia_particle_engine - WARNING - Cannot compute: buffers not initialized or shader missing
2025-09-29 17:34:54,093 - backend.engine.qualia_particle_engine - WARNING - Cannot compute: buffers not initialized or shader missing
2025-09-29 17:34:54,109 - backend.engine.qualia_particle_engine - WARNING - Cannot compute: buffers not initialized or shader missing
2025-09-29 17:34:54,126 - backend.engine.qualia_particle_engine - WARNING - Cannot compute: buffers not initialized or shader missing
2025-09-29 17:34:54,142 - backend.engine.qualia_particle_engine - WARNING - Cannot compute: buffers not initialized or shader missing
2025-09-29 17:34:54,159 - backend.engine.qualia_particle_engine - WARNING - Cannot compute: buffers not initialized or shader missing
2025-09-29 17:34:54,175 - backend.engine.qualia_particle_engine - WARNING - Cannot compute: buffers not initialized or shader missing
2025-09-29 17:34:54,192 - backend.engine.qualia_particle_engine - WARNING - Cannot compute: buffers not initialized or shader missing
2025-09-29 17:34:54,208 - backend.engine.qualia_particle_engine - WARNING - Cannot compute: buffers not initialized or shader missing
2025-09-29 17:34:54,224 - backend.engine.qualia_particle_engine - WARNING - Cannot compute: buffers not initialized or shader missing
2025-09-29 17:34:54,241 - backend.engine.qualia_particle_engine - WARNING - Cannot compute: buffers not initialized or shader missing
2025-09-29 17:34:54,257 - backend.engine.qualia_particle_engine - WARNING - Cannot compute: buffers not initialized or shader missing
2025-09-29 17:34:54,274 - backend.engine.qualia_particle_engine - WARNING - Cannot compute: buffers not initialized or shader missing
2025-09-29 17:34:54,290 - backend.engine.qualia_particle_engine - WARNING - Cannot compute: buffers not initialized or shader missing
2025-09-29 17:34:54,306 - backend.engine.qualia_particle_engine - WARNING - Cannot compute: buffers not initialized or shader missing
2025-09-29 17:34:54,323 - backend.engine.qualia_particle_engine - WARNING - Cannot compute: buffers not initialized or shader missing
2025-09-29 17:34:54,339 - backend.engine.qualia_particle_engine - WARNING - Cannot compute: buffers not initialized or shader missing
2025-09-29 17:34:54,356 - backend.engine.qualia_particle_engine - WARNING - Cannot compute: buffers not initialized or shader missing
2025-09-29 17:34:54,372 - backend.engine.qualia_particle_engine - WARNING - Cannot compute: buffers not initialized or shader missing
2025-09-29 17:34:54,389 - backend.engine.qualia_particle_engine - WARNING - Cannot compute: buffers not initialized or shader missing
2025-09-29 17:34:54,405 - backend.engine.qualia_particle_engine - WARNING - Cannot compute: buffers not initialized or shader missing
2025-09-29 17:34:54,421 - backend.engine.qualia_particle_engine - WARNING - Cannot compute: buffers not initialized or shader missing
2025-09-29 17:34:54,438 - backend.engine.qualia_particle_engine - WARNING - Cannot compute: buffers not initialized or shader missing
2025-09-29 17:34:54,454 - backend.engine.qualia_particle_engine - WARNING - Cannot compute: buffers not initialized or shader missing
2025-09-29 17:34:54,471 - backend.engine.qualia_particle_engine - WARNING - Cannot compute: buffers not initialized or shader missing
2025-09-29 17:34:54,487 - backend.engine.qualia_particle_engine - WARNING - Cannot compute: buffers not initialized or shader missing
2025-09-29 17:34:54,503 - backend.engine.qualia_particle_engine - WARNING - Cannot compute: buffers not initialized or shader missing
2025-09-29 17:34:54,519 - backend.engine.qualia_particle_engine - WARNING - Cannot compute: buffers not initialized or shader missing
2025-09-29 17:34:54,536 - backend.engine.qualia_particle_engine - WARNING - Cannot compute: buffers not initialized or shader missing
2025-09-29 17:34:54,552 - backend.engine.qualia_particle_engine - WARNING - Cannot compute: buffers not initialized or shader missing
2025-09-29 17:34:54,569 - backend.engine.qualia_particle_engine - WARNING - Cannot compute: buffers not initialized or shader missing
2025-09-29 17:34:54,585 - backend.engine.qualia_particle_engine - WARNING - Cannot compute: buffers not initialized or shader missing
2025-09-29 17:34:54,602 - backend.engine.qualia_particle_engine - WARNING - Cannot compute: buffers not initialized or shader missing
2025-09-29 17:34:54,618 - backend.engine.qualia_particle_engine - WARNING - Cannot compute: buffers not initialized or shader missing
2025-09-29 17:34:54,634 - backend.engine.qualia_particle_engine - WARNING - Cannot compute: buffers not initialized or shader missing
2025-09-29 17:34:54,651 - backend.engine.qualia_particle_engine - WARNING - Cannot compute: buffers not initialized or shader missing
2025-09-29 17:34:54,667 - backend.engine.qualia_particle_engine - WARNING - Cannot compute: buffers not initialized or shader missing
2025-09-29 17:34:54,683 - backend.engine.qualia_particle_engine - WARNING - Cannot compute: buffers not initialized or shader missing
2025-09-29 17:34:54,699 - backend.engine.qualia_particle_engine - WARNING - Cannot compute: buffers not initialized or shader missing
2025-09-29 17:34:54,716 - backend.engine.qualia_particle_engine - WARNING - Cannot compute: buffers not initialized or shader missing
2025-09-29 17:34:54,732 - backend.engine.qualia_particle_engine - WARNING - Cannot compute: buffers not initialized or shader missing
2025-09-29 17:34:54,749 - backend.engine.qualia_particle_engine - WARNING - Cannot compute: buffers not initialized or shader missing
2025-09-29 17:34:54,765 - backend.engine.qualia_particle_engine - WARNING - Cannot compute: buffers not initialized or shader missing
2025-09-29 17:34:54,782 - backend.engine.qualia_particle_engine - WARNING - Cannot compute: buffers not initialized or shader missing
2025-09-29 17:34:54,798 - backend.engine.qualia_particle_engine - WARNING - Cannot compute: buffers not initialized or shader missing
2025-09-29 17:34:54,815 - backend.engine.qualia_particle_engine - WARNING - Cannot compute: buffers not initialized or shader missing
2025-09-29 17:34:54,831 - backend.engine.qualia_particle_engine - WARNING - Cannot compute: buffers not initialized or shader missing
2025-09-29 17:34:54,847 - backend.engine.qualia_particle_engine - WARNING - Cannot compute: buffers not initialized or shader missing
2025-09-29 17:34:54,864 - backend.engine.qualia_particle_engine - WARNING - Cannot compute: buffers not initialized or shader missing
2025-09-29 17:34:54,881 - backend.engine.qualia_particle_engine - WARNING - Cannot compute: buffers not initialized or shader missing
2025-09-29 17:34:54,897 - backend.engine.qualia_particle_engine - WARNING - Cannot compute: buffers not initialized or shader missing
2025-09-29 17:34:54,913 - backend.engine.qualia_particle_engine - WARNING - Cannot compute: buffers not initialized or shader missing
2025-09-29 17:34:54,930 - backend.engine.qualia_particle_engine - WARNING - Cannot compute: buffers not initialized or shader missing
2025-09-29 17:34:54,946 - backend.engine.qualia_particle_engine - WARNING - Cannot compute: buffers not initialized or shader missing
2025-09-29 17:34:54,962 - backend.engine.qualia_particle_engine - WARNING - Cannot compute: buffers not initialized or shader missing
2025-09-29 17:34:54,978 - backend.engine.qualia_particle_engine - WARNING - Cannot compute: buffers not initialized or shader missing
2025-09-29 17:34:54,995 - backend.engine.qualia_particle_engine - WARNING - Cannot compute: buffers not initialized or shader missing
2025-09-29 17:34:55,011 - backend.engine.qualia_particle_engine - WARNING - Cannot compute: buffers not initialized or shader missing
2025-09-29 17:34:55,028 - backend.engine.qualia_particle_engine - WARNING - Cannot compute: buffers not initialized or shader missing
2025-09-29 17:34:55,044 - backend.engine.qualia_particle_engine - WARNING - Cannot compute: buffers not initialized or shader missing
2025-09-29 17:34:55,060 - backend.engine.qualia_particle_engine - WARNING - Cannot compute: buffers not initialized or shader missing
2025-09-29 17:34:55,076 - backend.engine.qualia_particle_engine - WARNING - Cannot compute: buffers not initialized or shader missing
2025-09-29 17:34:55,092 - backend.engine.qualia_particle_engine - WARNING - Cannot compute: buffers not initialized or shader missing
2025-09-29 17:34:55,109 - backend.engine.qualia_particle_engine - WARNING - Cannot compute: buffers not initialized or shader missing
2025-09-29 17:34:55,125 - backend.engine.qualia_particle_engine - WARNING - Cannot compute: buffers not initialized or shader missing
2025-09-29 17:34:55,141 - backend.engine.qualia_particle_engine - WARNING - Cannot compute: buffers not initialized or shader missing
2025-09-29 17:34:55,158 - backend.engine.qualia_particle_engine - WARNING - Cannot compute: buffers not initialized or shader missing
2025-09-29 17:34:55,174 - backend.engine.qualia_particle_engine - WARNING - Cannot compute: buffers not initialized or shader missing
2025-09-29 17:34:55,190 - backend.engine.qualia_particle_engine - WARNING - Cannot compute: buffers not initialized or shader missing
2025-09-29 17:34:55,206 - backend.engine.qualia_particle_engine - WARNING - Cannot compute: buffers not initialized or shader missing
2025-09-29 17:34:55,223 - backend.engine.qualia_particle_engine - WARNING - Cannot compute: buffers not initialized or shader missing
2025-09-29 17:34:55,239 - backend.engine.qualia_particle_engine - WARNING - Cannot compute: buffers not initialized or shader missing
2025-09-29 17:34:55,256 - backend.engine.qualia_particle_engine - WARNING - Cannot compute: buffers not initialized or shader missing
2025-09-29 17:34:55,272 - backend.engine.qualia_particle_engine - WARNING - Cannot compute: buffers not initialized or shader missing
2025-09-29 17:34:55,289 - backend.engine.qualia_particle_engine - WARNING - Cannot compute: buffers not initialized or shader missing
2025-09-29 17:34:55,305 - backend.engine.qualia_particle_engine - WARNING - Cannot compute: buffers not initialized or shader missing
2025-09-29 17:34:55,321 - backend.engine.qualia_particle_engine - WARNING - Cannot compute: buffers not initialized or shader missing
2025-09-29 17:34:55,338 - backend.engine.qualia_particle_engine - WARNING - Cannot compute: buffers not initialized or shader missing
2025-09-29 17:34:55,354 - backend.engine.qualia_particle_engine - WARNING - Cannot compute: buffers not initialized or shader missing
2025-09-29 17:34:55,371 - backend.engine.qualia_particle_engine - WARNING - Cannot compute: buffers not initialized or shader missing
2025-09-29 17:34:55,387 - backend.engine.qualia_particle_engine - WARNING - Cannot compute: buffers not initialized or shader missing
2025-09-29 17:34:55,404 - backend.engine.qualia_particle_engine - WARNING - Cannot compute: buffers not initialized or shader missing
2025-09-29 17:34:55,420 - backend.engine.qualia_particle_engine - WARNING - Cannot compute: buffers not initialized or shader missing
2025-09-29 17:34:55,437 - backend.engine.qualia_particle_engine - WARNING - Cannot compute: buffers not initialized or shader missing
2025-09-29 17:34:55,453 - backend.engine.qualia_particle_engine - WARNING - Cannot compute: buffers not initialized or shader missing
2025-09-29 17:34:55,469 - backend.engine.qualia_particle_engine - WARNING - Cannot compute: buffers not initialized or shader missing
2025-09-29 17:34:55,486 - backend.engine.qualia_particle_engine - WARNING - Cannot compute: buffers not initialized or shader missing
2025-09-29 17:34:55,502 - backend.engine.qualia_particle_engine - WARNING - Cannot compute: buffers not initialized or shader missing
2025-09-29 17:34:55,519 - backend.engine.qualia_particle_engine - WARNING - Cannot compute: buffers not initialized or shader missing
2025-09-29 17:34:55,535 - backend.engine.qualia_particle_engine - WARNING - Cannot compute: buffers not initialized or shader missing
2025-09-29 17:34:55,552 - backend.engine.qualia_particle_engine - WARNING - Cannot compute: buffers not initialized or shader missing
2025-09-29 17:34:55,568 - backend.engine.qualia_particle_engine - WARNING - Cannot compute: buffers not initialized or shader missing
2025-09-29 17:34:55,584 - backend.engine.qualia_particle_engine - WARNING - Cannot compute: buffers not initialized or shader missing
2025-09-29 17:34:55,601 - backend.engine.qualia_particle_engine - WARNING - Cannot compute: buffers not initialized or shader missing
2025-09-29 17:34:55,617 - backend.engine.qualia_particle_engine - WARNING - Cannot compute: buffers not initialized or shader missing
2025-09-29 17:34:55,634 - backend.engine.qualia_particle_engine - WARNING - Cannot compute: buffers not initialized or shader missing
2025-09-29 17:34:55,650 - backend.engine.qualia_particle_engine - WARNING - Cannot compute: buffers not initialized or shader missing
2025-09-29 17:34:55,667 - backend.engine.qualia_particle_engine - WARNING - Cannot compute: buffers not initialized or shader missing
2025-09-29 17:34:55,683 - backend.engine.qualia_particle_engine - WARNING - Cannot compute: buffers not initialized or shader missing
2025-09-29 17:34:55,700 - backend.engine.qualia_particle_engine - WARNING - Cannot compute: buffers not initialized or shader missing
2025-09-29 17:34:55,716 - backend.engine.qualia_particle_engine - WARNING - Cannot compute: buffers not initialized or shader missing
2025-09-29 17:34:55,732 - backend.engine.qualia_particle_engine - WARNING - Cannot compute: buffers not initialized or shader missing
2025-09-29 17:34:55,749 - backend.engine.qualia_particle_engine - WARNING - Cannot compute: buffers not initialized or shader missing
2025-09-29 17:34:55,765 - backend.engine.qualia_particle_engine - WARNING - Cannot compute: buffers not initialized or shader missing
2025-09-29 17:34:55,781 - backend.engine.qualia_particle_engine - WARNING - Cannot compute: buffers not initialized or shader missing
2025-09-29 17:34:55,797 - backend.engine.qualia_particle_engine - WARNING - Cannot compute: buffers not initialized or shader missing
2025-09-29 17:34:55,814 - backend.engine.qualia_particle_engine - WARNING - Cannot compute: buffers not initialized or shader missing
2025-09-29 17:34:55,830 - backend.engine.qualia_particle_engine - WARNING - Cannot compute: buffers not initialized or shader missing
2025-09-29 17:34:55,847 - backend.engine.qualia_particle_engine - WARNING - Cannot compute: buffers not initialized or shader missing
2025-09-29 17:34:55,863 - backend.engine.qualia_particle_engine - WARNING - Cannot compute: buffers not initialized or shader missing
2025-09-29 17:34:55,880 - backend.engine.qualia_particle_engine - WARNING - Cannot compute: buffers not initialized or shader missing
2025-09-29 17:34:55,896 - backend.engine.qualia_particle_engine - WARNING - Cannot compute: buffers not initialized or shader missing
2025-09-29 17:34:55,912 - backend.engine.qualia_particle_engine - WARNING - Cannot compute: buffers not initialized or shader missing
2025-09-29 17:34:55,929 - backend.engine.qualia_particle_engine - WARNING - Cannot compute: buffers not initialized or shader missing
2025-09-29 17:34:55,945 - backend.engine.qualia_particle_engine - WARNING - Cannot compute: buffers not initialized or shader missing
2025-09-29 17:34:55,962 - backend.engine.qualia_particle_engine - WARNING - Cannot compute: buffers not initialized or shader missing
2025-09-29 17:34:55,978 - backend.engine.qualia_particle_engine - WARNING - Cannot compute: buffers not initialized or shader missing
2025-09-29 17:34:55,995 - backend.engine.qualia_particle_engine - WARNING - Cannot compute: buffers not initialized or shader missing
2025-09-29 17:34:56,011 - backend.engine.qualia_particle_engine - WARNING - Cannot compute: buffers not initialized or shader missing
2025-09-29 17:34:56,027 - backend.engine.qualia_particle_engine - WARNING - Cannot compute: buffers not initialized or shader missing
2025-09-29 17:34:56,044 - backend.engine.qualia_particle_engine - WARNING - Cannot compute: buffers not initialized or shader missing
2025-09-29 17:34:56,060 - backend.engine.qualia_particle_engine - WARNING - Cannot compute: buffers not initialized or shader missing
2025-09-29 17:34:56,076 - backend.engine.qualia_particle_engine - WARNING - Cannot compute: buffers not initialized or shader missing
2025-09-29 17:34:56,093 - backend.engine.qualia_particle_engine - WARNING - Cannot compute: buffers not initialized or shader missing
2025-09-29 17:34:56,109 - backend.engine.qualia_particle_engine - WARNING - Cannot compute: buffers not initialized or shader missing
2025-09-29 17:34:56,126 - backend.engine.qualia_particle_engine - WARNING - Cannot compute: buffers not initialized or shader missing
2025-09-29 17:34:56,142 - backend.engine.qualia_particle_engine - WARNING - Cannot compute: buffers not initialized or shader missing
2025-09-29 17:34:56,159 - backend.engine.qualia_particle_engine - WARNING - Cannot compute: buffers not initialized or shader missing
2025-09-29 17:34:56,175 - backend.engine.qualia_particle_engine - WARNING - Cannot compute: buffers not initialized or shader missing
2025-09-29 17:34:56,192 - backend.engine.qualia_particle_engine - WARNING - Cannot compute: buffers not initialized or shader missing
2025-09-29 17:34:56,208 - backend.engine.qualia_particle_engine - WARNING - Cannot compute: buffers not initialized or shader missing
2025-09-29 17:34:56,225 - backend.engine.qualia_particle_engine - WARNING - Cannot compute: buffers not initialized or shader missing
2025-09-29 17:34:56,241 - backend.engine.qualia_particle_engine - WARNING - Cannot compute: buffers not initialized or shader missing
2025-09-29 17:34:56,257 - backend.engine.qualia_particle_engine - WARNING - Cannot compute: buffers not initialized or shader missing
2025-09-29 17:34:56,274 - backend.engine.qualia_particle_engine - WARNING - Cannot compute: buffers not initialized or shader missing
2025-09-29 17:34:56,290 - backend.engine.qualia_particle_engine - WARNING - Cannot compute: buffers not initialized or shader missing
2025-09-29 17:34:56,307 - backend.engine.qualia_particle_engine - WARNING - Cannot compute: buffers not initialized or shader missing
2025-09-29 17:34:56,323 - backend.engine.qualia_particle_engine - WARNING - Cannot compute: buffers not initialized or shader missing
2025-09-29 17:34:56,340 - backend.engine.qualia_particle_engine - WARNING - Cannot compute: buffers not initialized or shader missing
2025-09-29 17:34:56,356 - backend.engine.qualia_particle_engine - WARNING - Cannot compute: buffers not initialized or shader missing
2025-09-29 17:34:56,372 - backend.engine.qualia_particle_engine - WARNING - Cannot compute: buffers not initialized or shader missing
2025-09-29 17:34:56,389 - backend.engine.qualia_particle_engine - WARNING - Cannot compute: buffers not initialized or shader missing
2025-09-29 17:34:56,405 - backend.engine.qualia_particle_engine - WARNING - Cannot compute: buffers not initialized or shader missing
2025-09-29 17:34:56,422 - backend.engine.qualia_particle_engine - WARNING - Cannot compute: buffers not initialized or shader missing
2025-09-29 17:34:56,438 - backend.engine.qualia_particle_engine - WARNING - Cannot compute: buffers not initialized or shader missing
2025-09-29 17:34:56,455 - backend.engine.qualia_particle_engine - WARNING - Cannot compute: buffers not initialized or shader missing
2025-09-29 17:34:56,471 - backend.engine.qualia_particle_engine - WARNING - Cannot compute: buffers not initialized or shader missing
2025-09-29 17:34:56,488 - backend.engine.qualia_particle_engine - WARNING - Cannot compute: buffers not initialized or shader missing
2025-09-29 17:34:56,504 - backend.engine.qualia_particle_engine - WARNING - Cannot compute: buffers not initialized or shader missing
2025-09-29 17:34:56,520 - backend.engine.qualia_particle_engine - WARNING - Cannot compute: buffers not initialized or shader missing
2025-09-29 17:34:56,537 - backend.engine.qualia_particle_engine - WARNING - Cannot compute: buffers not initialized or shader missing
2025-09-29 17:34:56,553 - backend.engine.qualia_particle_engine - WARNING - Cannot compute: buffers not initialized or shader missing
2025-09-29 17:34:56,570 - backend.engine.qualia_particle_engine - WARNING - Cannot compute: buffers not initialized or shader missing
2025-09-29 17:34:56,586 - backend.engine.qualia_particle_engine - WARNING - Cannot compute: buffers not initialized or shader missing
2025-09-29 17:34:56,603 - backend.engine.qualia_particle_engine - WARNING - Cannot compute: buffers not initialized or shader missing
2025-09-29 17:34:56,619 - backend.engine.qualia_particle_engine - WARNING - Cannot compute: buffers not initialized or shader missing
2025-09-29 17:34:56,636 - backend.engine.qualia_particle_engine - WARNING - Cannot compute: buffers not initialized or shader missing
2025-09-29 17:34:56,652 - backend.engine.qualia_particle_engine - WARNING - Cannot compute: buffers not initialized or shader missing
2025-09-29 17:34:56,668 - backend.engine.qualia_particle_engine - WARNING - Cannot compute: buffers not initialized or shader missing
2025-09-29 17:34:56,685 - backend.engine.qualia_particle_engine - WARNING - Cannot compute: buffers not initialized or shader missing
2025-09-29 17:34:56,702 - backend.engine.qualia_particle_engine - WARNING - Cannot compute: buffers not initialized or shader missing
2025-09-29 17:34:56,718 - backend.engine.qualia_particle_engine - WARNING - Cannot compute: buffers not initialized or shader missing
2025-09-29 17:34:56,734 - backend.engine.qualia_particle_engine - WARNING - Cannot compute: buffers not initialized or shader missing
2025-09-29 17:34:56,750 - backend.engine.qualia_particle_engine - WARNING - Cannot compute: buffers not initialized or shader missing
2025-09-29 17:34:56,766 - backend.engine.qualia_particle_engine - WARNING - Cannot compute: buffers not initialized or shader missing
2025-09-29 17:34:56,782 - backend.engine.qualia_particle_engine - WARNING - Cannot compute: buffers not initialized or shader missing
2025-09-29 17:34:56,798 - backend.engine.qualia_particle_engine - WARNING - Cannot compute: buffers not initialized or shader missing
2025-09-29 17:34:56,815 - backend.engine.qualia_particle_engine - WARNING - Cannot compute: buffers not initialized or shader missing
2025-09-29 17:34:56,831 - backend.engine.qualia_particle_engine - WARNING - Cannot compute: buffers not initialized or shader missing
2025-09-29 17:34:56,848 - backend.engine.qualia_particle_engine - WARNING - Cannot compute: buffers not initialized or shader missing
2025-09-29 17:34:56,864 - backend.engine.qualia_particle_engine - WARNING - Cannot compute: buffers not initialized or shader missing
2025-09-29 17:34:56,880 - backend.engine.qualia_particle_engine - WARNING - Cannot compute: buffers not initialized or shader missing
2025-09-29 17:34:56,897 - backend.engine.qualia_particle_engine - WARNING - Cannot compute: buffers not initialized or shader missing
2025-09-29 17:34:56,913 - backend.engine.qualia_particle_engine - WARNING - Cannot compute: buffers not initialized or shader missing
2025-09-29 17:34:56,930 - backend.engine.qualia_particle_engine - WARNING - Cannot compute: buffers not initialized or shader missing
2025-09-29 17:34:56,946 - backend.engine.qualia_particle_engine - WARNING - Cannot compute: buffers not initialized or shader missing
2025-09-29 17:34:56,962 - backend.engine.qualia_particle_engine - WARNING - Cannot compute: buffers not initialized or shader missing
2025-09-29 17:34:56,979 - backend.engine.qualia_particle_engine - WARNING - Cannot compute: buffers not initialized or shader missing
2025-09-29 17:34:56,995 - backend.engine.qualia_particle_engine - WARNING - Cannot compute: buffers not initialized or shader missing
2025-09-29 17:34:57,012 - backend.engine.qualia_particle_engine - WARNING - Cannot compute: buffers not initialized or shader missing
2025-09-29 17:34:57,028 - backend.engine.qualia_particle_engine - WARNING - Cannot compute: buffers not initialized or shader missing
2025-09-29 17:34:57,045 - backend.engine.qualia_particle_engine - WARNING - Cannot compute: buffers not initialized or shader missing
2025-09-29 17:34:57,061 - backend.engine.qualia_particle_engine - WARNING - Cannot compute: buffers not initialized or shader missing
2025-09-29 17:34:57,077 - backend.engine.qualia_particle_engine - WARNING - Cannot compute: buffers not initialized or shader missing
2025-09-29 17:34:57,093 - backend.engine.qualia_particle_engine - WARNING - Cannot compute: buffers not initialized or shader missing
2025-09-29 17:34:57,109 - backend.engine.qualia_particle_engine - WARNING - Cannot compute: buffers not initialized or shader missing
2025-09-29 17:34:57,126 - backend.engine.qualia_particle_engine - WARNING - Cannot compute: buffers not initialized or shader missing
2025-09-29 17:34:57,142 - backend.engine.qualia_particle_engine - WARNING - Cannot compute: buffers not initialized or shader missing
2025-09-29 17:34:57,158 - backend.engine.qualia_particle_engine - WARNING - Cannot compute: buffers not initialized or shader missing
2025-09-29 17:34:57,175 - backend.engine.qualia_particle_engine - WARNING - Cannot compute: buffers not initialized or shader missing
2025-09-29 17:34:57,191 - backend.engine.qualia_particle_engine - WARNING - Cannot compute: buffers not initialized or shader missing
2025-09-29 17:34:57,208 - backend.engine.qualia_particle_engine - WARNING - Cannot compute: buffers not initialized or shader missing
2025-09-29 17:34:57,224 - backend.engine.qualia_particle_engine - WARNING - Cannot compute: buffers not initialized or shader missing
2025-09-29 17:34:57,241 - backend.engine.qualia_particle_engine - WARNING - Cannot compute: buffers not initialized or shader missing
2025-09-29 17:34:57,257 - backend.engine.qualia_particle_engine - WARNING - Cannot compute: buffers not initialized or shader missing
2025-09-29 17:34:57,274 - backend.engine.qualia_particle_engine - WARNING - Cannot compute: buffers not initialized or shader missing
2025-09-29 17:34:57,290 - backend.engine.qualia_particle_engine - WARNING - Cannot compute: buffers not initialized or shader missing
2025-09-29 17:34:57,307 - backend.engine.qualia_particle_engine - WARNING - Cannot compute: buffers not initialized or shader missing
2025-09-29 17:34:57,324 - backend.engine.qualia_particle_engine - WARNING - Cannot compute: buffers not initialized or shader missing
2025-09-29 17:34:57,340 - backend.engine.qualia_particle_engine - WARNING - Cannot compute: buffers not initialized or shader missing
2025-09-29 17:34:57,356 - backend.engine.qualia_particle_engine - WARNING - Cannot compute: buffers not initialized or shader missing
2025-09-29 17:34:57,373 - backend.engine.qualia_particle_engine - WARNING - Cannot compute: buffers not initialized or shader missing
2025-09-29 17:34:57,389 - backend.engine.qualia_particle_engine - WARNING - Cannot compute: buffers not initialized or shader missing
2025-09-29 17:34:57,406 - backend.engine.qualia_particle_engine - WARNING - Cannot compute: buffers not initialized or shader missing
2025-09-29 17:34:57,423 - backend.engine.qualia_particle_engine - WARNING - Cannot compute: buffers not initialized or shader missing
2025-09-29 17:34:57,440 - backend.engine.qualia_particle_engine - WARNING - Cannot compute: buffers not initialized or shader missing
2025-09-29 17:34:57,456 - backend.engine.qualia_particle_engine - WARNING - Cannot compute: buffers not initialized or shader missing
2025-09-29 17:34:57,472 - backend.engine.qualia_particle_engine - WARNING - Cannot compute: buffers not initialized or shader missing
2025-09-29 17:34:57,489 - backend.engine.qualia_particle_engine - WARNING - Cannot compute: buffers not initialized or shader missing
2025-09-29 17:34:57,506 - backend.engine.qualia_particle_engine - WARNING - Cannot compute: buffers not initialized or shader missing
2025-09-29 17:34:57,522 - backend.engine.qualia_particle_engine - WARNING - Cannot compute: buffers not initialized or shader missing
2025-09-29 17:34:57,538 - backend.engine.qualia_particle_engine - WARNING - Cannot compute: buffers not initialized or shader missing
2025-09-29 17:34:57,555 - backend.engine.qualia_particle_engine - WARNING - Cannot compute: buffers not initialized or shader missing
2025-09-29 17:34:57,571 - backend.engine.qualia_particle_engine - WARNING - Cannot compute: buffers not initialized or shader missing
2025-09-29 17:34:57,587 - backend.engine.qualia_particle_engine - WARNING - Cannot compute: buffers not initialized or shader missing
2025-09-29 17:34:57,603 - backend.engine.qualia_particle_engine - WARNING - Cannot compute: buffers not initialized or shader missing
2025-09-29 17:34:57,620 - backend.engine.qualia_particle_engine - WARNING - Cannot compute: buffers not initialized or shader missing
2025-09-29 17:34:57,636 - backend.engine.qualia_particle_engine - WARNING - Cannot compute: buffers not initialized or shader missing
2025-09-29 17:34:57,652 - backend.engine.qualia_particle_engine - WARNING - Cannot compute: buffers not initialized or shader missing
2025-09-29 17:34:57,669 - backend.engine.qualia_particle_engine - WARNING - Cannot compute: buffers not initialized or shader missing
2025-09-29 17:34:57,685 - backend.engine.qualia_particle_engine - WARNING - Cannot compute: buffers not initialized or shader missing
2025-09-29 17:34:57,701 - backend.engine.qualia_particle_engine - WARNING - Cannot compute: buffers not initialized or shader missing
2025-09-29 17:34:57,718 - backend.engine.qualia_particle_engine - WARNING - Cannot compute: buffers not initialized or shader missing
2025-09-29 17:34:57,734 - backend.engine.qualia_particle_engine - WARNING - Cannot compute: buffers not initialized or shader missing
2025-09-29 17:34:57,751 - backend.engine.qualia_particle_engine - WARNING - Cannot compute: buffers not initialized or shader missing
2025-09-29 17:34:57,767 - backend.engine.qualia_particle_engine - WARNING - Cannot compute: buffers not initialized or shader missing
2025-09-29 17:34:57,783 - backend.engine.qualia_particle_engine - WARNING - Cannot compute: buffers not initialized or shader missing
2025-09-29 17:34:57,799 - backend.engine.qualia_particle_engine - WARNING - Cannot compute: buffers not initialized or shader missing
2025-09-29 17:34:57,815 - backend.engine.qualia_particle_engine - WARNING - Cannot compute: buffers not initialized or shader missing
2025-09-29 17:34:57,831 - backend.engine.qualia_particle_engine - WARNING - Cannot compute: buffers not initialized or shader missing
2025-09-29 17:34:57,847 - backend.engine.qualia_particle_engine - WARNING - Cannot compute: buffers not initialized or shader missing
2025-09-29 17:34:57,864 - backend.engine.qualia_particle_engine - WARNING - Cannot compute: buffers not initialized or shader missing
2025-09-29 17:34:57,880 - backend.engine.qualia_particle_engine - WARNING - Cannot compute: buffers not initialized or shader missing
2025-09-29 17:34:57,896 - backend.engine.qualia_particle_engine - WARNING - Cannot compute: buffers not initialized or shader missing
2025-09-29 17:34:57,912 - backend.engine.qualia_particle_engine - WARNING - Cannot compute: buffers not initialized or shader missing
2025-09-29 17:34:57,929 - backend.engine.qualia_particle_engine - WARNING - Cannot compute: buffers not initialized or shader missing
2025-09-29 17:34:57,945 - backend.engine.qualia_particle_engine - WARNING - Cannot compute: buffers not initialized or shader missing
2025-09-29 17:34:57,962 - backend.engine.qualia_particle_engine - WARNING - Cannot compute: buffers not initialized or shader missing
2025-09-29 17:34:57,978 - backend.engine.qualia_particle_engine - WARNING - Cannot compute: buffers not initialized or shader missing
2025-09-29 17:34:57,995 - backend.engine.qualia_particle_engine - WARNING - Cannot compute: buffers not initialized or shader missing
2025-09-29 17:34:58,012 - backend.engine.qualia_particle_engine - WARNING - Cannot compute: buffers not initialized or shader missing
2025-09-29 17:34:58,028 - backend.engine.qualia_particle_engine - WARNING - Cannot compute: buffers not initialized or shader missing
2025-09-29 17:34:58,044 - backend.engine.qualia_particle_engine - WARNING - Cannot compute: buffers not initialized or shader missing
2025-09-29 17:34:58,061 - backend.engine.qualia_particle_engine - WARNING - Cannot compute: buffers not initialized or shader missing
2025-09-29 17:34:58,077 - backend.engine.qualia_particle_engine - WARNING - Cannot compute: buffers not initialized or shader missing
2025-09-29 17:34:58,094 - backend.engine.qualia_particle_engine - WARNING - Cannot compute: buffers not initialized or shader missing
2025-09-29 17:34:58,110 - backend.engine.qualia_particle_engine - WARNING - Cannot compute: buffers not initialized or shader missing
2025-09-29 17:34:58,126 - backend.engine.qualia_particle_engine - WARNING - Cannot compute: buffers not initialized or shader missing
2025-09-29 17:34:58,143 - backend.engine.qualia_particle_engine - WARNING - Cannot compute: buffers not initialized or shader missing
2025-09-29 17:34:58,159 - backend.engine.qualia_particle_engine - WARNING - Cannot compute: buffers not initialized or shader missing
2025-09-29 17:34:58,176 - backend.engine.qualia_particle_engine - WARNING - Cannot compute: buffers not initialized or shader missing
2025-09-29 17:34:58,192 - backend.engine.qualia_particle_engine - WARNING - Cannot compute: buffers not initialized or shader missing
2025-09-29 17:34:58,209 - backend.engine.qualia_particle_engine - WARNING - Cannot compute: buffers not initialized or shader missing
2025-09-29 17:34:58,225 - backend.engine.qualia_particle_engine - WARNING - Cannot compute: buffers not initialized or shader missing
2025-09-29 17:34:58,242 - backend.engine.qualia_particle_engine - WARNING - Cannot compute: buffers not initialized or shader missing
2025-09-29 17:34:58,258 - backend.engine.qualia_particle_engine - WARNING - Cannot compute: buffers not initialized or shader missing
2025-09-29 17:34:58,275 - backend.engine.qualia_particle_engine - WARNING - Cannot compute: buffers not initialized or shader missing
2025-09-29 17:34:58,291 - backend.engine.qualia_particle_engine - WARNING - Cannot compute: buffers not initialized or shader missing
2025-09-29 17:34:58,308 - backend.engine.qualia_particle_engine - WARNING - Cannot compute: buffers not initialized or shader missing
2025-09-29 17:34:58,324 - backend.engine.qualia_particle_engine - WARNING - Cannot compute: buffers not initialized or shader missing
2025-09-29 17:34:58,341 - backend.engine.qualia_particle_engine - WARNING - Cannot compute: buffers not initialized or shader missing
2025-09-29 17:34:58,357 - backend.engine.qualia_particle_engine - WARNING - Cannot compute: buffers not initialized or shader missing
2025-09-29 17:34:58,373 - backend.engine.qualia_particle_engine - WARNING - Cannot compute: buffers not initialized or shader missing
2025-09-29 17:34:58,390 - backend.engine.qualia_particle_engine - WARNING - Cannot compute: buffers not initialized or shader missing
2025-09-29 17:34:58,406 - backend.engine.qualia_particle_engine - WARNING - Cannot compute: buffers not initialized or shader missing
2025-09-29 17:34:58,423 - backend.engine.qualia_particle_engine - WARNING - Cannot compute: buffers not initialized or shader missing
2025-09-29 17:34:58,439 - backend.engine.qualia_particle_engine - WARNING - Cannot compute: buffers not initialized or shader missing
2025-09-29 17:34:58,455 - backend.engine.qualia_particle_engine - WARNING - Cannot compute: buffers not initialized or shader missing
2025-09-29 17:34:58,471 - backend.engine.qualia_particle_engine - WARNING - Cannot compute: buffers not initialized or shader missing
2025-09-29 17:34:58,487 - backend.engine.qualia_particle_engine - WARNING - Cannot compute: buffers not initialized or shader missing
2025-09-29 17:34:58,503 - backend.engine.qualia_particle_engine - WARNING - Cannot compute: buffers not initialized or shader missing
2025-09-29 17:34:58,520 - backend.engine.qualia_particle_engine - WARNING - Cannot compute: buffers not initialized or shader missing
2025-09-29 17:34:58,536 - backend.engine.qualia_particle_engine - WARNING - Cannot compute: buffers not initialized or shader missing
2025-09-29 17:34:58,553 - backend.engine.qualia_particle_engine - WARNING - Cannot compute: buffers not initialized or shader missing
2025-09-29 17:34:58,569 - backend.engine.qualia_particle_engine - WARNING - Cannot compute: buffers not initialized or shader missing
2025-09-29 17:34:58,586 - backend.engine.qualia_particle_engine - WARNING - Cannot compute: buffers not initialized or shader missing
2025-09-29 17:34:58,602 - backend.engine.qualia_particle_engine - WARNING - Cannot compute: buffers not initialized or shader missing
2025-09-29 17:34:58,618 - backend.engine.qualia_particle_engine - WARNING - Cannot compute: buffers not initialized or shader missing
2025-09-29 17:34:58,635 - backend.engine.qualia_particle_engine - WARNING - Cannot compute: buffers not initialized or shader missing
2025-09-29 17:34:58,651 - backend.engine.qualia_particle_engine - WARNING - Cannot compute: buffers not initialized or shader missing
2025-09-29 17:34:58,668 - backend.engine.qualia_particle_engine - WARNING - Cannot compute: buffers not initialized or shader missing
2025-09-29 17:34:58,684 - backend.engine.qualia_particle_engine - WARNING - Cannot compute: buffers not initialized or shader missing
2025-09-29 17:34:58,701 - backend.engine.qualia_particle_engine - WARNING - Cannot compute: buffers not initialized or shader missing
2025-09-29 17:34:58,717 - backend.engine.qualia_particle_engine - WARNING - Cannot compute: buffers not initialized or shader missing
2025-09-29 17:34:58,734 - backend.engine.qualia_particle_engine - WARNING - Cannot compute: buffers not initialized or shader missing
2025-09-29 17:34:58,750 - backend.engine.qualia_particle_engine - WARNING - Cannot compute: buffers not initialized or shader missing
2025-09-29 17:34:58,767 - backend.engine.qualia_particle_engine - WARNING - Cannot compute: buffers not initialized or shader missing
2025-09-29 17:34:58,783 - backend.engine.qualia_particle_engine - WARNING - Cannot compute: buffers not initialized or shader missing
2025-09-29 17:34:58,800 - backend.engine.qualia_particle_engine - WARNING - Cannot compute: buffers not initialized or shader missing
2025-09-29 17:34:58,816 - backend.engine.qualia_particle_engine - WARNING - Cannot compute: buffers not initialized or shader missing
2025-09-29 17:34:58,832 - backend.engine.qualia_particle_engine - WARNING - Cannot compute: buffers not initialized or shader missing
2025-09-29 17:34:58,849 - backend.engine.qualia_particle_engine - WARNING - Cannot compute: buffers not initialized or shader missing
2025-09-29 17:34:58,865 - backend.engine.qualia_particle_engine - WARNING - Cannot compute: buffers not initialized or shader missing
2025-09-29 17:34:58,882 - backend.engine.qualia_particle_engine - WARNING - Cannot compute: buffers not initialized or shader missing
2025-09-29 17:34:58,898 - backend.engine.qualia_particle_engine - WARNING - Cannot compute: buffers not initialized or shader missing
2025-09-29 17:34:58,915 - backend.engine.qualia_particle_engine - WARNING - Cannot compute: buffers not initialized or shader missing
2025-09-29 17:34:58,931 - backend.engine.qualia_particle_engine - WARNING - Cannot compute: buffers not initialized or shader missing
2025-09-29 17:34:58,947 - backend.engine.qualia_particle_engine - WARNING - Cannot compute: buffers not initialized or shader missing
2025-09-29 17:34:58,964 - backend.engine.qualia_particle_engine - WARNING - Cannot compute: buffers not initialized or shader missing
2025-09-29 17:34:58,980 - backend.engine.qualia_particle_engine - WARNING - Cannot compute: buffers not initialized or shader missing
2025-09-29 17:34:58,997 - backend.engine.qualia_particle_engine - WARNING - Cannot compute: buffers not initialized or shader missing
2025-09-29 17:34:59,013 - backend.engine.qualia_particle_engine - WARNING - Cannot compute: buffers not initialized or shader missing
2025-09-29 17:34:59,030 - backend.engine.qualia_particle_engine - WARNING - Cannot compute: buffers not initialized or shader missing
2025-09-29 17:34:59,046 - backend.engine.qualia_particle_engine - WARNING - Cannot compute: buffers not initialized or shader missing
2025-09-29 17:34:59,063 - backend.engine.qualia_particle_engine - WARNING - Cannot compute: buffers not initialized or shader missing
2025-09-29 17:34:59,079 - backend.engine.qualia_particle_engine - WARNING - Cannot compute: buffers not initialized or shader missing
2025-09-29 17:34:59,096 - backend.engine.qualia_particle_engine - WARNING - Cannot compute: buffers not initialized or shader missing
2025-09-29 17:34:59,112 - backend.engine.qualia_particle_engine - WARNING - Cannot compute: buffers not initialized or shader missing
2025-09-29 17:34:59,129 - backend.engine.qualia_particle_engine - WARNING - Cannot compute: buffers not initialized or shader missing
2025-09-29 17:34:59,145 - backend.engine.qualia_particle_engine - WARNING - Cannot compute: buffers not initialized or shader missing
2025-09-29 17:34:59,162 - backend.engine.qualia_particle_engine - WARNING - Cannot compute: buffers not initialized or shader missing
2025-09-29 17:34:59,178 - backend.engine.qualia_particle_engine - WARNING - Cannot compute: buffers not initialized or shader missing
2025-09-29 17:34:59,194 - backend.engine.qualia_particle_engine - WARNING - Cannot compute: buffers not initialized or shader missing
2025-09-29 17:34:59,210 - backend.engine.qualia_particle_engine - WARNING - Cannot compute: buffers not initialized or shader missing
2025-09-29 17:34:59,226 - backend.engine.qualia_particle_engine - WARNING - Cannot compute: buffers not initialized or shader missing
2025-09-29 17:34:59,243 - backend.engine.qualia_particle_engine - WARNING - Cannot compute: buffers not initialized or shader missing
2025-09-29 17:34:59,259 - backend.engine.qualia_particle_engine - WARNING - Cannot compute: buffers not initialized or shader missing
2025-09-29 17:34:59,276 - backend.engine.qualia_particle_engine - WARNING - Cannot compute: buffers not initialized or shader missing
2025-09-29 17:34:59,292 - backend.engine.qualia_particle_engine - WARNING - Cannot compute: buffers not initialized or shader missing
2025-09-29 17:34:59,309 - backend.engine.qualia_particle_engine - WARNING - Cannot compute: buffers not initialized or shader missing
2025-09-29 17:34:59,325 - backend.engine.qualia_particle_engine - WARNING - Cannot compute: buffers not initialized or shader missing
2025-09-29 17:34:59,341 - backend.engine.qualia_particle_engine - WARNING - Cannot compute: buffers not initialized or shader missing
2025-09-29 17:34:59,358 - backend.engine.qualia_particle_engine - WARNING - Cannot compute: buffers not initialized or shader missing
2025-09-29 17:34:59,374 - backend.engine.qualia_particle_engine - WARNING - Cannot compute: buffers not initialized or shader missing
2025-09-29 17:34:59,391 - backend.engine.qualia_particle_engine - WARNING - Cannot compute: buffers not initialized or shader missing
2025-09-29 17:34:59,407 - backend.engine.qualia_particle_engine - WARNING - Cannot compute: buffers not initialized or shader missing
2025-09-29 17:34:59,423 - backend.engine.qualia_particle_engine - WARNING - Cannot compute: buffers not initialized or shader missing
2025-09-29 17:34:59,440 - backend.engine.qualia_particle_engine - WARNING - Cannot compute: buffers not initialized or shader missing
2025-09-29 17:34:59,456 - backend.engine.qualia_particle_engine - WARNING - Cannot compute: buffers not initialized or shader missing
2025-09-29 17:34:59,473 - backend.engine.qualia_particle_engine - WARNING - Cannot compute: buffers not initialized or shader missing
2025-09-29 17:34:59,489 - backend.engine.qualia_particle_engine - WARNING - Cannot compute: buffers not initialized or shader missing
2025-09-29 17:34:59,505 - backend.engine.qualia_particle_engine - WARNING - Cannot compute: buffers not initialized or shader missing
2025-09-29 17:34:59,521 - backend.engine.qualia_particle_engine - WARNING - Cannot compute: buffers not initialized or shader missing
2025-09-29 17:34:59,538 - backend.engine.qualia_particle_engine - WARNING - Cannot compute: buffers not initialized or shader missing
2025-09-29 17:34:59,554 - backend.engine.qualia_particle_engine - WARNING - Cannot compute: buffers not initialized or shader missing
2025-09-29 17:34:59,570 - backend.engine.qualia_particle_engine - WARNING - Cannot compute: buffers not initialized or shader missing
2025-09-29 17:34:59,587 - backend.engine.qualia_particle_engine - WARNING - Cannot compute: buffers not initialized or shader missing
2025-09-29 17:34:59,604 - backend.engine.qualia_particle_engine - WARNING - Cannot compute: buffers not initialized or shader missing
2025-09-29 17:34:59,620 - backend.engine.qualia_particle_engine - WARNING - Cannot compute: buffers not initialized or shader missing
2025-09-29 17:34:59,636 - backend.engine.qualia_particle_engine - WARNING - Cannot compute: buffers not initialized or shader missing
2025-09-29 17:34:59,653 - backend.engine.qualia_particle_engine - WARNING - Cannot compute: buffers not initialized or shader missing
2025-09-29 17:34:59,669 - backend.engine.qualia_particle_engine - WARNING - Cannot compute: buffers not initialized or shader missing
2025-09-29 17:34:59,685 - backend.engine.qualia_particle_engine - WARNING - Cannot compute: buffers not initialized or shader missing
2025-09-29 17:34:59,701 - backend.engine.qualia_particle_engine - WARNING - Cannot compute: buffers not initialized or shader missing
2025-09-29 17:34:59,718 - backend.engine.qualia_particle_engine - WARNING - Cannot compute: buffers not initialized or shader missing
2025-09-29 17:34:59,734 - backend.engine.qualia_particle_engine - WARNING - Cannot compute: buffers not initialized or shader missing
2025-09-29 17:34:59,750 - backend.engine.qualia_particle_engine - WARNING - Cannot compute: buffers not initialized or shader missing
2025-09-29 17:34:59,767 - backend.engine.qualia_particle_engine - WARNING - Cannot compute: buffers not initialized or shader missing
2025-09-29 17:34:59,783 - backend.engine.qualia_particle_engine - WARNING - Cannot compute: buffers not initialized or shader missing
2025-09-29 17:34:59,799 - backend.engine.qualia_particle_engine - WARNING - Cannot compute: buffers not initialized or shader missing
2025-09-29 17:34:59,815 - backend.engine.qualia_particle_engine - WARNING - Cannot compute: buffers not initialized or shader missing
2025-09-29 17:34:59,832 - backend.engine.qualia_particle_engine - WARNING - Cannot compute: buffers not initialized or shader missing
2025-09-29 17:34:59,848 - backend.engine.qualia_particle_engine - WARNING - Cannot compute: buffers not initialized or shader missing
2025-09-29 17:34:59,865 - backend.engine.qualia_particle_engine - WARNING - Cannot compute: buffers not initialized or shader missing
2025-09-29 17:34:59,881 - backend.engine.qualia_particle_engine - WARNING - Cannot compute: buffers not initialized or shader missing
2025-09-29 17:34:59,898 - backend.engine.qualia_particle_engine - WARNING - Cannot compute: buffers not initialized or shader missing
2025-09-29 17:34:59,914 - backend.engine.qualia_particle_engine - WARNING - Cannot compute: buffers not initialized or shader missing
2025-09-29 17:34:59,931 - backend.engine.qualia_particle_engine - WARNING - Cannot compute: buffers not initialized or shader missing
2025-09-29 17:34:59,947 - backend.engine.qualia_particle_engine - WARNING - Cannot compute: buffers not initialized or shader missing
2025-09-29 17:34:59,963 - backend.engine.qualia_particle_engine - WARNING - Cannot compute: buffers not initialized or shader missing
2025-09-29 17:34:59,980 - backend.engine.qualia_particle_engine - WARNING - Cannot compute: buffers not initialized or shader missing
2025-09-29 17:34:59,996 - backend.engine.qualia_particle_engine - WARNING - Cannot compute: buffers not initialized or shader missing
2025-09-29 17:35:00,013 - backend.engine.qualia_particle_engine - WARNING - Cannot compute: buffers not initialized or shader missing
2025-09-29 17:35:00,029 - backend.engine.qualia_particle_engine - WARNING - Cannot compute: buffers not initialized or shader missing
2025-09-29 17:35:00,046 - backend.engine.qualia_particle_engine - WARNING - Cannot compute: buffers not initialized or shader missing
2025-09-29 17:35:00,062 - backend.engine.qualia_particle_engine - WARNING - Cannot compute: buffers not initialized or shader missing
2025-09-29 17:35:00,079 - backend.engine.qualia_particle_engine - WARNING - Cannot compute: buffers not initialized or shader missing
2025-09-29 17:35:00,095 - backend.engine.qualia_particle_engine - WARNING - Cannot compute: buffers not initialized or shader missing
2025-09-29 17:35:00,112 - backend.engine.qualia_particle_engine - WARNING - Cannot compute: buffers not initialized or shader missing
2025-09-29 17:35:00,128 - backend.engine.qualia_particle_engine - WARNING - Cannot compute: buffers not initialized or shader missing
2025-09-29 17:35:00,144 - backend.engine.qualia_particle_engine - WARNING - Cannot compute: buffers not initialized or shader missing
2025-09-29 17:35:00,161 - backend.engine.qualia_particle_engine - WARNING - Cannot compute: buffers not initialized or shader missing
2025-09-29 17:35:00,177 - backend.engine.qualia_particle_engine - WARNING - Cannot compute: buffers not initialized or shader missing
2025-09-29 17:35:00,193 - backend.engine.qualia_particle_engine - WARNING - Cannot compute: buffers not initialized or shader missing
2025-09-29 17:35:00,209 - backend.engine.qualia_particle_engine - WARNING - Cannot compute: buffers not initialized or shader missing
2025-09-29 17:35:00,226 - backend.engine.qualia_particle_engine - WARNING - Cannot compute: buffers not initialized or shader missing
2025-09-29 17:35:00,242 - backend.engine.qualia_particle_engine - WARNING - Cannot compute: buffers not initialized or shader missing
2025-09-29 17:35:00,259 - backend.engine.qualia_particle_engine - WARNING - Cannot compute: buffers not initialized or shader missing
2025-09-29 17:35:00,275 - backend.engine.qualia_particle_engine - WARNING - Cannot compute: buffers not initialized or shader missing
2025-09-29 17:35:00,292 - backend.engine.qualia_particle_engine - WARNING - Cannot compute: buffers not initialized or shader missing
2025-09-29 17:35:00,308 - backend.engine.qualia_particle_engine - WARNING - Cannot compute: buffers not initialized or shader missing
2025-09-29 17:35:00,325 - backend.engine.qualia_particle_engine - WARNING - Cannot compute: buffers not initialized or shader missing
2025-09-29 17:35:00,341 - backend.engine.qualia_particle_engine - WARNING - Cannot compute: buffers not initialized or shader missing
2025-09-29 17:35:00,357 - backend.engine.qualia_particle_engine - WARNING - Cannot compute: buffers not initialized or shader missing
2025-09-29 17:35:00,374 - backend.engine.qualia_particle_engine - WARNING - Cannot compute: buffers not initialized or shader missing
2025-09-29 17:35:00,390 - backend.engine.qualia_particle_engine - WARNING - Cannot compute: buffers not initialized or shader missing
2025-09-29 17:35:00,407 - backend.engine.qualia_particle_engine - WARNING - Cannot compute: buffers not initialized or shader missing
2025-09-29 17:35:00,423 - backend.engine.qualia_particle_engine - WARNING - Cannot compute: buffers not initialized or shader missing
2025-09-29 17:35:00,440 - backend.engine.qualia_particle_engine - WARNING - Cannot compute: buffers not initialized or shader missing
2025-09-29 17:35:00,456 - backend.engine.qualia_particle_engine - WARNING - Cannot compute: buffers not initialized or shader missing
2025-09-29 17:35:00,473 - backend.engine.qualia_particle_engine - WARNING - Cannot compute: buffers not initialized or shader missing
2025-09-29 17:35:00,489 - backend.engine.qualia_particle_engine - WARNING - Cannot compute: buffers not initialized or shader missing
2025-09-29 17:35:00,506 - backend.engine.qualia_particle_engine - WARNING - Cannot compute: buffers not initialized or shader missing
2025-09-29 17:35:00,522 - backend.engine.qualia_particle_engine - WARNING - Cannot compute: buffers not initialized or shader missing
2025-09-29 17:35:00,539 - backend.engine.qualia_particle_engine - WARNING - Cannot compute: buffers not initialized or shader missing
2025-09-29 17:35:00,555 - backend.engine.qualia_particle_engine - WARNING - Cannot compute: buffers not initialized or shader missing
2025-09-29 17:35:00,571 - backend.engine.qualia_particle_engine - WARNING - Cannot compute: buffers not initialized or shader missing
2025-09-29 17:35:00,588 - backend.engine.qualia_particle_engine - WARNING - Cannot compute: buffers not initialized or shader missing
2025-09-29 17:35:00,604 - backend.engine.qualia_particle_engine - WARNING - Cannot compute: buffers not initialized or shader missing
2025-09-29 17:35:00,621 - backend.engine.qualia_particle_engine - WARNING - Cannot compute: buffers not initialized or shader missing
2025-09-29 17:35:00,637 - backend.engine.qualia_particle_engine - WARNING - Cannot compute: buffers not initialized or shader missing
2025-09-29 17:35:00,654 - backend.engine.qualia_particle_engine - WARNING - Cannot compute: buffers not initialized or shader missing
2025-09-29 17:35:00,670 - backend.engine.qualia_particle_engine - WARNING - Cannot compute: buffers not initialized or shader missing
2025-09-29 17:35:00,687 - backend.engine.qualia_particle_engine - WARNING - Cannot compute: buffers not initialized or shader missing
2025-09-29 17:35:00,703 - backend.engine.qualia_particle_engine - WARNING - Cannot compute: buffers not initialized or shader missing
2025-09-29 17:35:00,719 - backend.engine.qualia_particle_engine - WARNING - Cannot compute: buffers not initialized or shader missing
2025-09-29 17:35:00,736 - backend.engine.qualia_particle_engine - WARNING - Cannot compute: buffers not initialized or shader missing
2025-09-29 17:35:00,752 - backend.engine.qualia_particle_engine - WARNING - Cannot compute: buffers not initialized or shader missing
2025-09-29 17:35:00,769 - backend.engine.qualia_particle_engine - WARNING - Cannot compute: buffers not initialized or shader missing
2025-09-29 17:35:00,785 - backend.engine.qualia_particle_engine - WARNING - Cannot compute: buffers not initialized or shader missing
2025-09-29 17:35:00,801 - backend.engine.qualia_particle_engine - WARNING - Cannot compute: buffers not initialized or shader missing
2025-09-29 17:35:00,817 - backend.engine.qualia_particle_engine - WARNING - Cannot compute: buffers not initialized or shader missing
2025-09-29 17:35:00,834 - backend.engine.qualia_particle_engine - WARNING - Cannot compute: buffers not initialized or shader missing
2025-09-29 17:35:00,850 - backend.engine.qualia_particle_engine - WARNING - Cannot compute: buffers not initialized or shader missing
2025-09-29 17:35:00,867 - backend.engine.qualia_particle_engine - WARNING - Cannot compute: buffers not initialized or shader missing
2025-09-29 17:35:00,883 - backend.engine.qualia_particle_engine - WARNING - Cannot compute: buffers not initialized or shader missing
2025-09-29 17:35:00,900 - backend.engine.qualia_particle_engine - WARNING - Cannot compute: buffers not initialized or shader missing
2025-09-29 17:35:00,916 - backend.engine.qualia_particle_engine - WARNING - Cannot compute: buffers not initialized or shader missing
2025-09-29 17:35:00,932 - backend.engine.qualia_particle_engine - WARNING - Cannot compute: buffers not initialized or shader missing
2025-09-29 17:35:00,949 - backend.engine.qualia_particle_engine - WARNING - Cannot compute: buffers not initialized or shader missing
2025-09-29 17:35:00,965 - backend.engine.qualia_particle_engine - WARNING - Cannot compute: buffers not initialized or shader missing
2025-09-29 17:35:00,982 - backend.engine.qualia_particle_engine - WARNING - Cannot compute: buffers not initialized or shader missing
2025-09-29 17:35:00,998 - backend.engine.qualia_particle_engine - WARNING - Cannot compute: buffers not initialized or shader missing
2025-09-29 17:35:01,015 - backend.engine.qualia_particle_engine - WARNING - Cannot compute: buffers not initialized or shader missing
2025-09-29 17:35:01,031 - backend.engine.qualia_particle_engine - WARNING - Cannot compute: buffers not initialized or shader missing
2025-09-29 17:35:01,048 - backend.engine.qualia_particle_engine - WARNING - Cannot compute: buffers not initialized or shader missing
2025-09-29 17:35:01,064 - backend.engine.qualia_particle_engine - WARNING - Cannot compute: buffers not initialized or shader missing
2025-09-29 17:35:01,081 - backend.engine.qualia_particle_engine - WARNING - Cannot compute: buffers not initialized or shader missing
2025-09-29 17:35:01,097 - backend.engine.qualia_particle_engine - WARNING - Cannot compute: buffers not initialized or shader missing
2025-09-29 17:35:01,114 - backend.engine.qualia_particle_engine - WARNING - Cannot compute: buffers not initialized or shader missing
2025-09-29 17:35:01,130 - backend.engine.qualia_particle_engine - WARNING - Cannot compute: buffers not initialized or shader missing
2025-09-29 17:35:01,146 - backend.engine.qualia_particle_engine - WARNING - Cannot compute: buffers not initialized or shader missing
2025-09-29 17:35:01,163 - backend.engine.qualia_particle_engine - WARNING - Cannot compute: buffers not initialized or shader missing
2025-09-29 17:35:01,179 - backend.engine.qualia_particle_engine - WARNING - Cannot compute: buffers not initialized or shader missing
2025-09-29 17:35:01,195 - backend.engine.qualia_particle_engine - WARNING - Cannot compute: buffers not initialized or shader missing
2025-09-29 17:35:01,211 - backend.engine.qualia_particle_engine - WARNING - Cannot compute: buffers not initialized or shader missing
2025-09-29 17:35:01,227 - backend.engine.qualia_particle_engine - WARNING - Cannot compute: buffers not initialized or shader missing
2025-09-29 17:35:01,243 - backend.engine.qualia_particle_engine - WARNING - Cannot compute: buffers not initialized or shader missing
2025-09-29 17:35:01,260 - backend.engine.qualia_particle_engine - WARNING - Cannot compute: buffers not initialized or shader missing
2025-09-29 17:35:01,276 - backend.engine.qualia_particle_engine - WARNING - Cannot compute: buffers not initialized or shader missing
2025-09-29 17:35:01,292 - backend.engine.qualia_particle_engine - WARNING - Cannot compute: buffers not initialized or shader missing
2025-09-29 17:35:01,308 - backend.engine.qualia_particle_engine - WARNING - Cannot compute: buffers not initialized or shader missing
2025-09-29 17:35:01,325 - backend.engine.qualia_particle_engine - WARNING - Cannot compute: buffers not initialized or shader missing
2025-09-29 17:35:01,341 - backend.engine.qualia_particle_engine - WARNING - Cannot compute: buffers not initialized or shader missing
2025-09-29 17:35:01,357 - backend.engine.qualia_particle_engine - WARNING - Cannot compute: buffers not initialized or shader missing
2025-09-29 17:35:01,374 - backend.engine.qualia_particle_engine - WARNING - Cannot compute: buffers not initialized or shader missing
2025-09-29 17:35:01,390 - backend.engine.qualia_particle_engine - WARNING - Cannot compute: buffers not initialized or shader missing
2025-09-29 17:35:01,407 - backend.engine.qualia_particle_engine - WARNING - Cannot compute: buffers not initialized or shader missing
2025-09-29 17:35:01,423 - backend.engine.qualia_particle_engine - WARNING - Cannot compute: buffers not initialized or shader missing
2025-09-29 17:35:01,439 - backend.engine.qualia_particle_engine - WARNING - Cannot compute: buffers not initialized or shader missing
2025-09-29 17:35:01,456 - backend.engine.qualia_particle_engine - WARNING - Cannot compute: buffers not initialized or shader missing
2025-09-29 17:35:01,472 - backend.engine.qualia_particle_engine - WARNING - Cannot compute: buffers not initialized or shader missing
2025-09-29 17:35:01,489 - backend.engine.qualia_particle_engine - WARNING - Cannot compute: buffers not initialized or shader missing
2025-09-29 17:35:01,505 - backend.engine.qualia_particle_engine - WARNING - Cannot compute: buffers not initialized or shader missing
2025-09-29 17:35:01,522 - backend.engine.qualia_particle_engine - WARNING - Cannot compute: buffers not initialized or shader missing
2025-09-29 17:35:01,538 - backend.engine.qualia_particle_engine - WARNING - Cannot compute: buffers not initialized or shader missing
2025-09-29 17:35:01,554 - backend.engine.qualia_particle_engine - WARNING - Cannot compute: buffers not initialized or shader missing
2025-09-29 17:35:01,571 - backend.engine.qualia_particle_engine - WARNING - Cannot compute: buffers not initialized or shader missing
2025-09-29 17:35:01,587 - backend.engine.qualia_particle_engine - WARNING - Cannot compute: buffers not initialized or shader missing
2025-09-29 17:35:01,603 - backend.engine.qualia_particle_engine - WARNING - Cannot compute: buffers not initialized or shader missing
2025-09-29 17:35:01,619 - backend.engine.qualia_particle_engine - WARNING - Cannot compute: buffers not initialized or shader missing
2025-09-29 17:35:01,636 - backend.engine.qualia_particle_engine - WARNING - Cannot compute: buffers not initialized or shader missing
2025-09-29 17:35:01,652 - backend.engine.qualia_particle_engine - WARNING - Cannot compute: buffers not initialized or shader missing
2025-09-29 17:35:01,668 - backend.engine.qualia_particle_engine - WARNING - Cannot compute: buffers not initialized or shader missing
2025-09-29 17:35:01,685 - backend.engine.qualia_particle_engine - WARNING - Cannot compute: buffers not initialized or shader missing
2025-09-29 17:35:01,702 - backend.engine.qualia_particle_engine - WARNING - Cannot compute: buffers not initialized or shader missing
2025-09-29 17:35:01,718 - backend.engine.qualia_particle_engine - WARNING - Cannot compute: buffers not initialized or shader missing
2025-09-29 17:35:01,734 - backend.engine.qualia_particle_engine - WARNING - Cannot compute: buffers not initialized or shader missing
2025-09-29 17:35:01,751 - backend.engine.qualia_particle_engine - WARNING - Cannot compute: buffers not initialized or shader missing
2025-09-29 17:35:01,767 - backend.engine.qualia_particle_engine - WARNING - Cannot compute: buffers not initialized or shader missing
2025-09-29 17:35:01,784 - backend.engine.qualia_particle_engine - WARNING - Cannot compute: buffers not initialized or shader missing
2025-09-29 17:35:01,800 - backend.engine.qualia_particle_engine - WARNING - Cannot compute: buffers not initialized or shader missing
2025-09-29 17:35:01,817 - backend.engine.qualia_particle_engine - WARNING - Cannot compute: buffers not initialized or shader missing
2025-09-29 17:35:01,833 - backend.engine.qualia_particle_engine - WARNING - Cannot compute: buffers not initialized or shader missing
2025-09-29 17:35:01,849 - backend.engine.qualia_particle_engine - WARNING - Cannot compute: buffers not initialized or shader missing
2025-09-29 17:35:01,866 - backend.engine.qualia_particle_engine - WARNING - Cannot compute: buffers not initialized or shader missing
2025-09-29 17:35:01,882 - backend.engine.qualia_particle_engine - WARNING - Cannot compute: buffers not initialized or shader missing
2025-09-29 17:35:01,898 - backend.engine.qualia_particle_engine - WARNING - Cannot compute: buffers not initialized or shader missing
2025-09-29 17:35:01,914 - backend.engine.qualia_particle_engine - WARNING - Cannot compute: buffers not initialized or shader missing
2025-09-29 17:35:01,931 - backend.engine.qualia_particle_engine - WARNING - Cannot compute: buffers not initialized or shader missing
2025-09-29 17:35:01,947 - backend.engine.qualia_particle_engine - WARNING - Cannot compute: buffers not initialized or shader missing
2025-09-29 17:35:01,963 - backend.engine.qualia_particle_engine - WARNING - Cannot compute: buffers not initialized or shader missing
2025-09-29 17:35:01,980 - backend.engine.qualia_particle_engine - WARNING - Cannot compute: buffers not initialized or shader missing
2025-09-29 17:35:01,995 - backend.engine.qualia_particle_engine - WARNING - Cannot compute: buffers not initialized or shader missing
2025-09-29 17:35:02,012 - backend.engine.qualia_particle_engine - WARNING - Cannot compute: buffers not initialized or shader missing
2025-09-29 17:35:02,028 - backend.engine.qualia_particle_engine - WARNING - Cannot compute: buffers not initialized or shader missing
2025-09-29 17:35:02,045 - backend.engine.qualia_particle_engine - WARNING - Cannot compute: buffers not initialized or shader missing
2025-09-29 17:35:02,061 - backend.engine.qualia_particle_engine - WARNING - Cannot compute: buffers not initialized or shader missing
2025-09-29 17:35:02,077 - backend.engine.qualia_particle_engine - WARNING - Cannot compute: buffers not initialized or shader missing
2025-09-29 17:35:02,094 - backend.engine.qualia_particle_engine - WARNING - Cannot compute: buffers not initialized or shader missing
2025-09-29 17:35:02,110 - backend.engine.qualia_particle_engine - WARNING - Cannot compute: buffers not initialized or shader missing
2025-09-29 17:35:02,127 - backend.engine.qualia_particle_engine - WARNING - Cannot compute: buffers not initialized or shader missing
2025-09-29 17:35:02,143 - backend.engine.qualia_particle_engine - WARNING - Cannot compute: buffers not initialized or shader missing
2025-09-29 17:35:02,159 - backend.engine.qualia_particle_engine - WARNING - Cannot compute: buffers not initialized or shader missing
2025-09-29 17:35:02,175 - backend.engine.qualia_particle_engine - WARNING - Cannot compute: buffers not initialized or shader missing
2025-09-29 17:35:02,192 - backend.engine.qualia_particle_engine - WARNING - Cannot compute: buffers not initialized or shader missing
2025-09-29 17:35:02,208 - backend.engine.qualia_particle_engine - WARNING - Cannot compute: buffers not initialized or shader missing
2025-09-29 17:35:02,225 - backend.engine.qualia_particle_engine - WARNING - Cannot compute: buffers not initialized or shader missing
2025-09-29 17:35:02,241 - backend.engine.qualia_particle_engine - WARNING - Cannot compute: buffers not initialized or shader missing
2025-09-29 17:35:02,257 - backend.engine.qualia_particle_engine - WARNING - Cannot compute: buffers not initialized or shader missing
2025-09-29 17:35:02,274 - backend.engine.qualia_particle_engine - WARNING - Cannot compute: buffers not initialized or shader missing
2025-09-29 17:35:02,290 - backend.engine.qualia_particle_engine - WARNING - Cannot compute: buffers not initialized or shader missing
2025-09-29 17:35:02,307 - backend.engine.qualia_particle_engine - WARNING - Cannot compute: buffers not initialized or shader missing
2025-09-29 17:35:02,323 - backend.engine.qualia_particle_engine - WARNING - Cannot compute: buffers not initialized or shader missing
2025-09-29 17:35:02,340 - backend.engine.qualia_particle_engine - WARNING - Cannot compute: buffers not initialized or shader missing
2025-09-29 17:35:02,356 - backend.engine.qualia_particle_engine - WARNING - Cannot compute: buffers not initialized or shader missing
2025-09-29 17:35:02,373 - backend.engine.qualia_particle_engine - WARNING - Cannot compute: buffers not initialized or shader missing
2025-09-29 17:35:02,389 - backend.engine.qualia_particle_engine - WARNING - Cannot compute: buffers not initialized or shader missing
2025-09-29 17:35:02,406 - backend.engine.qualia_particle_engine - WARNING - Cannot compute: buffers not initialized or shader missing
2025-09-29 17:35:02,422 - backend.engine.qualia_particle_engine - WARNING - Cannot compute: buffers not initialized or shader missing
2025-09-29 17:35:02,438 - backend.engine.qualia_particle_engine - WARNING - Cannot compute: buffers not initialized or shader missing
2025-09-29 17:35:02,455 - backend.engine.qualia_particle_engine - WARNING - Cannot compute: buffers not initialized or shader missing
2025-09-29 17:35:02,471 - backend.engine.qualia_particle_engine - WARNING - Cannot compute: buffers not initialized or shader missing
2025-09-29 17:35:02,488 - backend.engine.qualia_particle_engine - WARNING - Cannot compute: buffers not initialized or shader missing
2025-09-29 17:35:02,504 - backend.engine.qualia_particle_engine - WARNING - Cannot compute: buffers not initialized or shader missing
2025-09-29 17:35:02,521 - backend.engine.qualia_particle_engine - WARNING - Cannot compute: buffers not initialized or shader missing
2025-09-29 17:35:02,537 - backend.engine.qualia_particle_engine - WARNING - Cannot compute: buffers not initialized or shader missing
2025-09-29 17:35:02,554 - backend.engine.qualia_particle_engine - WARNING - Cannot compute: buffers not initialized or shader missing
2025-09-29 17:35:02,570 - backend.engine.qualia_particle_engine - WARNING - Cannot compute: buffers not initialized or shader missing
2025-09-29 17:35:02,586 - backend.engine.qualia_particle_engine - WARNING - Cannot compute: buffers not initialized or shader missing
2025-09-29 17:35:02,603 - backend.engine.qualia_particle_engine - WARNING - Cannot compute: buffers not initialized or shader missing
2025-09-29 17:35:02,620 - backend.engine.qualia_particle_engine - WARNING - Cannot compute: buffers not initialized or shader missing
2025-09-29 17:35:02,636 - backend.engine.qualia_particle_engine - WARNING - Cannot compute: buffers not initialized or shader missing
2025-09-29 17:35:02,652 - backend.engine.qualia_particle_engine - WARNING - Cannot compute: buffers not initialized or shader missing
2025-09-29 17:35:02,669 - backend.engine.qualia_particle_engine - WARNING - Cannot compute: buffers not initialized or shader missing
2025-09-29 17:35:02,685 - backend.engine.qualia_particle_engine - WARNING - Cannot compute: buffers not initialized or shader missing
2025-09-29 17:35:02,703 - backend.engine.qualia_particle_engine - WARNING - Cannot compute: buffers not initialized or shader missing
2025-09-29 17:35:02,720 - backend.engine.qualia_particle_engine - WARNING - Cannot compute: buffers not initialized or shader missing
2025-09-29 17:35:02,737 - backend.engine.qualia_particle_engine - WARNING - Cannot compute: buffers not initialized or shader missing
2025-09-29 17:35:02,754 - backend.engine.qualia_particle_engine - WARNING - Cannot compute: buffers not initialized or shader missing
2025-09-29 17:35:02,770 - backend.engine.qualia_particle_engine - WARNING - Cannot compute: buffers not initialized or shader missing
2025-09-29 17:35:02,787 - backend.engine.qualia_particle_engine - WARNING - Cannot compute: buffers not initialized or shader missing
2025-09-29 17:35:02,803 - backend.engine.qualia_particle_engine - WARNING - Cannot compute: buffers not initialized or shader missing
2025-09-29 17:35:02,820 - backend.engine.qualia_particle_engine - WARNING - Cannot compute: buffers not initialized or shader missing
2025-09-29 17:35:02,836 - backend.engine.qualia_particle_engine - WARNING - Cannot compute: buffers not initialized or shader missing
2025-09-29 17:35:02,852 - backend.engine.qualia_particle_engine - WARNING - Cannot compute: buffers not initialized or shader missing
2025-09-29 17:35:02,869 - backend.engine.qualia_particle_engine - WARNING - Cannot compute: buffers not initialized or shader missing
2025-09-29 17:35:02,885 - backend.engine.qualia_particle_engine - WARNING - Cannot compute: buffers not initialized or shader missing
2025-09-29 17:35:02,902 - backend.engine.qualia_particle_engine - WARNING - Cannot compute: buffers not initialized or shader missing
2025-09-29 17:35:02,918 - backend.engine.qualia_particle_engine - WARNING - Cannot compute: buffers not initialized or shader missing
2025-09-29 17:35:02,935 - backend.engine.qualia_particle_engine - WARNING - Cannot compute: buffers not initialized or shader missing
2025-09-29 17:35:02,951 - backend.engine.qualia_particle_engine - WARNING - Cannot compute: buffers not initialized or shader missing
2025-09-29 17:35:02,968 - backend.engine.qualia_particle_engine - WARNING - Cannot compute: buffers not initialized or shader missing
2025-09-29 17:35:02,984 - backend.engine.qualia_particle_engine - WARNING - Cannot compute: buffers not initialized or shader missing
2025-09-29 17:35:03,001 - backend.engine.qualia_particle_engine - WARNING - Cannot compute: buffers not initialized or shader missing
2025-09-29 17:35:03,017 - backend.engine.qualia_particle_engine - WARNING - Cannot compute: buffers not initialized or shader missing
2025-09-29 17:35:03,034 - backend.engine.qualia_particle_engine - WARNING - Cannot compute: buffers not initialized or shader missing
2025-09-29 17:35:03,050 - backend.engine.qualia_particle_engine - WARNING - Cannot compute: buffers not initialized or shader missing
2025-09-29 17:35:03,066 - backend.engine.qualia_particle_engine - WARNING - Cannot compute: buffers not initialized or shader missing
2025-09-29 17:35:03,083 - backend.engine.qualia_particle_engine - WARNING - Cannot compute: buffers not initialized or shader missing
2025-09-29 17:35:03,099 - backend.engine.qualia_particle_engine - WARNING - Cannot compute: buffers not initialized or shader missing
2025-09-29 17:35:03,115 - backend.engine.qualia_particle_engine - WARNING - Cannot compute: buffers not initialized or shader missing
2025-09-29 17:35:03,131 - backend.engine.qualia_particle_engine - WARNING - Cannot compute: buffers not initialized or shader missing
2025-09-29 17:35:03,148 - backend.engine.qualia_particle_engine - WARNING - Cannot compute: buffers not initialized or shader missing
2025-09-29 17:35:03,164 - backend.engine.qualia_particle_engine - WARNING - Cannot compute: buffers not initialized or shader missing
2025-09-29 17:35:03,181 - backend.engine.qualia_particle_engine - WARNING - Cannot compute: buffers not initialized or shader missing
2025-09-29 17:35:03,197 - backend.engine.qualia_particle_engine - WARNING - Cannot compute: buffers not initialized or shader missing
2025-09-29 17:35:03,214 - backend.engine.qualia_particle_engine - WARNING - Cannot compute: buffers not initialized or shader missing
2025-09-29 17:35:03,230 - backend.engine.qualia_particle_engine - WARNING - Cannot compute: buffers not initialized or shader missing
2025-09-29 17:35:03,247 - backend.engine.qualia_particle_engine - WARNING - Cannot compute: buffers not initialized or shader missing
2025-09-29 17:35:03,263 - backend.engine.qualia_particle_engine - WARNING - Cannot compute: buffers not initialized or shader missing
2025-09-29 17:35:03,279 - backend.engine.qualia_particle_engine - WARNING - Cannot compute: buffers not initialized or shader missing
2025-09-29 17:35:03,296 - backend.engine.qualia_particle_engine - WARNING - Cannot compute: buffers not initialized or shader missing
2025-09-29 17:35:03,313 - backend.engine.qualia_particle_engine - WARNING - Cannot compute: buffers not initialized or shader missing
2025-09-29 17:35:03,329 - backend.engine.qualia_particle_engine - WARNING - Cannot compute: buffers not initialized or shader missing
2025-09-29 17:35:03,345 - backend.engine.qualia_particle_engine - WARNING - Cannot compute: buffers not initialized or shader missing
2025-09-29 17:35:03,362 - backend.engine.qualia_particle_engine - WARNING - Cannot compute: buffers not initialized or shader missing
2025-09-29 17:35:03,378 - backend.engine.qualia_particle_engine - WARNING - Cannot compute: buffers not initialized or shader missing
2025-09-29 17:35:03,395 - backend.engine.qualia_particle_engine - WARNING - Cannot compute: buffers not initialized or shader missing
2025-09-29 17:35:03,411 - backend.engine.qualia_particle_engine - WARNING - Cannot compute: buffers not initialized or shader missing
2025-09-29 17:35:03,428 - backend.engine.qualia_particle_engine - WARNING - Cannot compute: buffers not initialized or shader missing
2025-09-29 17:35:03,444 - backend.engine.qualia_particle_engine - WARNING - Cannot compute: buffers not initialized or shader missing
2025-09-29 17:35:03,461 - backend.engine.qualia_particle_engine - WARNING - Cannot compute: buffers not initialized or shader missing
2025-09-29 17:35:03,477 - backend.engine.qualia_particle_engine - WARNING - Cannot compute: buffers not initialized or shader missing
2025-09-29 17:35:03,493 - backend.engine.qualia_particle_engine - WARNING - Cannot compute: buffers not initialized or shader missing
2025-09-29 17:35:03,510 - backend.engine.qualia_particle_engine - WARNING - Cannot compute: buffers not initialized or shader missing
2025-09-29 17:35:03,526 - backend.engine.qualia_particle_engine - WARNING - Cannot compute: buffers not initialized or shader missing
2025-09-29 17:35:03,543 - backend.engine.qualia_particle_engine - WARNING - Cannot compute: buffers not initialized or shader missing
2025-09-29 17:35:03,559 - backend.engine.qualia_particle_engine - WARNING - Cannot compute: buffers not initialized or shader missing
2025-09-29 17:35:03,576 - backend.engine.qualia_particle_engine - WARNING - Cannot compute: buffers not initialized or shader missing
2025-09-29 17:35:03,592 - backend.engine.qualia_particle_engine - WARNING - Cannot compute: buffers not initialized or shader missing
2025-09-29 17:35:03,608 - backend.engine.qualia_particle_engine - WARNING - Cannot compute: buffers not initialized or shader missing
2025-09-29 17:35:03,624 - backend.engine.qualia_particle_engine - WARNING - Cannot compute: buffers not initialized or shader missing
2025-09-29 17:35:03,640 - backend.engine.qualia_particle_engine - WARNING - Cannot compute: buffers not initialized or shader missing
2025-09-29 17:35:03,657 - backend.engine.qualia_particle_engine - WARNING - Cannot compute: buffers not initialized or shader missing
2025-09-29 17:35:03,673 - backend.engine.qualia_particle_engine - WARNING - Cannot compute: buffers not initialized or shader missing
2025-09-29 17:35:03,690 - backend.engine.qualia_particle_engine - WARNING - Cannot compute: buffers not initialized or shader missing
2025-09-29 17:35:03,706 - backend.engine.qualia_particle_engine - WARNING - Cannot compute: buffers not initialized or shader missing
2025-09-29 17:35:03,723 - backend.engine.qualia_particle_engine - WARNING - Cannot compute: buffers not initialized or shader missing
2025-09-29 17:35:03,739 - backend.engine.qualia_particle_engine - WARNING - Cannot compute: buffers not initialized or shader missing
2025-09-29 17:35:03,756 - backend.engine.qualia_particle_engine - WARNING - Cannot compute: buffers not initialized or shader missing
2025-09-29 17:35:03,772 - backend.engine.qualia_particle_engine - WARNING - Cannot compute: buffers not initialized or shader missing
2025-09-29 17:35:03,788 - backend.engine.qualia_particle_engine - WARNING - Cannot compute: buffers not initialized or shader missing
2025-09-29 17:35:03,805 - backend.engine.qualia_particle_engine - WARNING - Cannot compute: buffers not initialized or shader missing
2025-09-29 17:35:03,822 - backend.engine.qualia_particle_engine - WARNING - Cannot compute: buffers not initialized or shader missing
2025-09-29 17:35:03,838 - backend.engine.qualia_particle_engine - WARNING - Cannot compute: buffers not initialized or shader missing
2025-09-29 17:35:03,854 - backend.engine.qualia_particle_engine - WARNING - Cannot compute: buffers not initialized or shader missing
2025-09-29 17:35:03,871 - backend.engine.qualia_particle_engine - WARNING - Cannot compute: buffers not initialized or shader missing
2025-09-29 17:35:03,887 - backend.engine.qualia_particle_engine - WARNING - Cannot compute: buffers not initialized or shader missing
2025-09-29 17:35:03,903 - backend.engine.qualia_particle_engine - WARNING - Cannot compute: buffers not initialized or shader missing
2025-09-29 17:35:03,919 - backend.engine.qualia_particle_engine - WARNING - Cannot compute: buffers not initialized or shader missing
2025-09-29 17:35:03,936 - backend.engine.qualia_particle_engine - WARNING - Cannot compute: buffers not initialized or shader missing
2025-09-29 17:35:03,952 - backend.engine.qualia_particle_engine - WARNING - Cannot compute: buffers not initialized or shader missing
2025-09-29 17:35:03,969 - backend.engine.qualia_particle_engine - WARNING - Cannot compute: buffers not initialized or shader missing
2025-09-29 17:35:03,985 - backend.engine.qualia_particle_engine - WARNING - Cannot compute: buffers not initialized or shader missing
2025-09-29 17:35:04,002 - backend.engine.qualia_particle_engine - WARNING - Cannot compute: buffers not initialized or shader missing
2025-09-29 17:35:04,018 - backend.engine.qualia_particle_engine - WARNING - Cannot compute: buffers not initialized or shader missing
2025-09-29 17:35:04,034 - backend.engine.qualia_particle_engine - WARNING - Cannot compute: buffers not initialized or shader missing
2025-09-29 17:35:04,051 - backend.engine.qualia_particle_engine - WARNING - Cannot compute: buffers not initialized or shader missing
2025-09-29 17:35:04,067 - backend.engine.qualia_particle_engine - WARNING - Cannot compute: buffers not initialized or shader missing
2025-09-29 17:35:04,084 - backend.engine.qualia_particle_engine - WARNING - Cannot compute: buffers not initialized or shader missing
2025-09-29 17:35:04,100 - backend.engine.qualia_particle_engine - WARNING - Cannot compute: buffers not initialized or shader missing
2025-09-29 17:35:04,117 - backend.engine.qualia_particle_engine - WARNING - Cannot compute: buffers not initialized or shader missing
2025-09-29 17:35:04,133 - backend.engine.qualia_particle_engine - WARNING - Cannot compute: buffers not initialized or shader missing
2025-09-29 17:35:04,150 - backend.engine.qualia_particle_engine - WARNING - Cannot compute: buffers not initialized or shader missing
2025-09-29 17:35:04,166 - backend.engine.qualia_particle_engine - WARNING - Cannot compute: buffers not initialized or shader missing
2025-09-29 17:35:04,183 - backend.engine.qualia_particle_engine - WARNING - Cannot compute: buffers not initialized or shader missing
2025-09-29 17:35:04,199 - backend.engine.qualia_particle_engine - WARNING - Cannot compute: buffers not initialized or shader missing
2025-09-29 17:35:04,216 - backend.engine.qualia_particle_engine - WARNING - Cannot compute: buffers not initialized or shader missing
2025-09-29 17:35:04,232 - backend.engine.qualia_particle_engine - WARNING - Cannot compute: buffers not initialized or shader missing
2025-09-29 17:35:04,248 - backend.engine.qualia_particle_engine - WARNING - Cannot compute: buffers not initialized or shader missing
2025-09-29 17:35:04,265 - backend.engine.qualia_particle_engine - WARNING - Cannot compute: buffers not initialized or shader missing
2025-09-29 17:35:04,281 - backend.engine.qualia_particle_engine - WARNING - Cannot compute: buffers not initialized or shader missing
2025-09-29 17:35:04,298 - backend.engine.qualia_particle_engine - WARNING - Cannot compute: buffers not initialized or shader missing
2025-09-29 17:35:04,314 - backend.engine.qualia_particle_engine - WARNING - Cannot compute: buffers not initialized or shader missing
2025-09-29 17:35:04,331 - backend.engine.qualia_particle_engine - WARNING - Cannot compute: buffers not initialized or shader missing
2025-09-29 17:35:04,347 - backend.engine.qualia_particle_engine - WARNING - Cannot compute: buffers not initialized or shader missing
2025-09-29 17:35:04,364 - backend.engine.qualia_particle_engine - WARNING - Cannot compute: buffers not initialized or shader missing
2025-09-29 17:35:04,380 - backend.engine.qualia_particle_engine - WARNING - Cannot compute: buffers not initialized or shader missing
2025-09-29 17:35:04,397 - backend.engine.qualia_particle_engine - WARNING - Cannot compute: buffers not initialized or shader missing
2025-09-29 17:35:04,413 - backend.engine.qualia_particle_engine - WARNING - Cannot compute: buffers not initialized or shader missing
2025-09-29 17:35:04,429 - backend.engine.qualia_particle_engine - WARNING - Cannot compute: buffers not initialized or shader missing
2025-09-29 17:35:04,446 - backend.engine.qualia_particle_engine - WARNING - Cannot compute: buffers not initialized or shader missing
2025-09-29 17:35:04,462 - backend.engine.qualia_particle_engine - WARNING - Cannot compute: buffers not initialized or shader missing
2025-09-29 17:35:04,479 - backend.engine.qualia_particle_engine - WARNING - Cannot compute: buffers not initialized or shader missing
2025-09-29 17:35:04,495 - backend.engine.qualia_particle_engine - WARNING - Cannot compute: buffers not initialized or shader missing
2025-09-29 17:35:04,512 - backend.engine.qualia_particle_engine - WARNING - Cannot compute: buffers not initialized or shader missing
2025-09-29 17:35:04,528 - backend.engine.qualia_particle_engine - WARNING - Cannot compute: buffers not initialized or shader missing
2025-09-29 17:35:04,545 - backend.engine.qualia_particle_engine - WARNING - Cannot compute: buffers not initialized or shader missing
2025-09-29 17:35:04,561 - backend.engine.qualia_particle_engine - WARNING - Cannot compute: buffers not initialized or shader missing
2025-09-29 17:35:04,577 - backend.engine.qualia_particle_engine - WARNING - Cannot compute: buffers not initialized or shader missing
2025-09-29 17:35:04,594 - backend.engine.qualia_particle_engine - WARNING - Cannot compute: buffers not initialized or shader missing
2025-09-29 17:35:04,611 - backend.engine.qualia_particle_engine - WARNING - Cannot compute: buffers not initialized or shader missing
2025-09-29 17:35:04,627 - backend.engine.qualia_particle_engine - WARNING - Cannot compute: buffers not initialized or shader missing
2025-09-29 17:35:04,643 - backend.engine.qualia_particle_engine - WARNING - Cannot compute: buffers not initialized or shader missing
2025-09-29 17:35:04,660 - backend.engine.qualia_particle_engine - WARNING - Cannot compute: buffers not initialized or shader missing
2025-09-29 17:35:04,676 - backend.engine.qualia_particle_engine - WARNING - Cannot compute: buffers not initialized or shader missing
2025-09-29 17:35:04,693 - backend.engine.qualia_particle_engine - WARNING - Cannot compute: buffers not initialized or shader missing
2025-09-29 17:35:04,709 - backend.engine.qualia_particle_engine - WARNING - Cannot compute: buffers not initialized or shader missing
2025-09-29 17:35:04,725 - backend.engine.qualia_particle_engine - WARNING - Cannot compute: buffers not initialized or shader missing
2025-09-29 17:35:04,741 - backend.engine.qualia_particle_engine - WARNING - Cannot compute: buffers not initialized or shader missing
2025-09-29 17:35:04,758 - backend.engine.qualia_particle_engine - WARNING - Cannot compute: buffers not initialized or shader missing
2025-09-29 17:35:04,774 - backend.engine.qualia_particle_engine - WARNING - Cannot compute: buffers not initialized or shader missing
2025-09-29 17:35:04,790 - backend.engine.qualia_particle_engine - WARNING - Cannot compute: buffers not initialized or shader missing
2025-09-29 17:35:04,807 - backend.engine.qualia_particle_engine - WARNING - Cannot compute: buffers not initialized or shader missing
2025-09-29 17:35:04,823 - backend.engine.qualia_particle_engine - WARNING - Cannot compute: buffers not initialized or shader missing
2025-09-29 17:35:04,840 - backend.engine.qualia_particle_engine - WARNING - Cannot compute: buffers not initialized or shader missing
2025-09-29 17:35:04,856 - backend.engine.qualia_particle_engine - WARNING - Cannot compute: buffers not initialized or shader missing
2025-09-29 17:35:04,873 - backend.engine.qualia_particle_engine - WARNING - Cannot compute: buffers not initialized or shader missing
2025-09-29 17:35:04,889 - backend.engine.qualia_particle_engine - WARNING - Cannot compute: buffers not initialized or shader missing
2025-09-29 17:35:04,906 - backend.engine.qualia_particle_engine - WARNING - Cannot compute: buffers not initialized or shader missing
2025-09-29 17:35:04,922 - backend.engine.qualia_particle_engine - WARNING - Cannot compute: buffers not initialized or shader missing
2025-09-29 17:35:04,939 - backend.engine.qualia_particle_engine - WARNING - Cannot compute: buffers not initialized or shader missing
2025-09-29 17:35:04,955 - backend.engine.qualia_particle_engine - WARNING - Cannot compute: buffers not initialized or shader missing
2025-09-29 17:35:04,972 - backend.engine.qualia_particle_engine - WARNING - Cannot compute: buffers not initialized or shader missing
2025-09-29 17:35:04,988 - backend.engine.qualia_particle_engine - WARNING - Cannot compute: buffers not initialized or shader missing
2025-09-29 17:35:05,005 - backend.engine.qualia_particle_engine - WARNING - Cannot compute: buffers not initialized or shader missing
2025-09-29 17:35:05,021 - backend.engine.qualia_particle_engine - WARNING - Cannot compute: buffers not initialized or shader missing
2025-09-29 17:35:05,037 - backend.engine.qualia_particle_engine - WARNING - Cannot compute: buffers not initialized or shader missing
2025-09-29 17:35:05,054 - backend.engine.qualia_particle_engine - WARNING - Cannot compute: buffers not initialized or shader missing
2025-09-29 17:35:05,070 - backend.engine.qualia_particle_engine - WARNING - Cannot compute: buffers not initialized or shader missing
2025-09-29 17:35:05,087 - backend.engine.qualia_particle_engine - WARNING - Cannot compute: buffers not initialized or shader missing
2025-09-29 17:35:05,103 - backend.engine.qualia_particle_engine - WARNING - Cannot compute: buffers not initialized or shader missing
2025-09-29 17:35:05,120 - backend.engine.qualia_particle_engine - WARNING - Cannot compute: buffers not initialized or shader missing
2025-09-29 17:35:05,136 - backend.engine.qualia_particle_engine - WARNING - Cannot compute: buffers not initialized or shader missing
2025-09-29 17:35:05,153 - backend.engine.qualia_particle_engine - WARNING - Cannot compute: buffers not initialized or shader missing
2025-09-29 17:35:05,169 - backend.engine.qualia_particle_engine - WARNING - Cannot compute: buffers not initialized or shader missing
2025-09-29 17:35:05,186 - backend.engine.qualia_particle_engine - WARNING - Cannot compute: buffers not initialized or shader missing
2025-09-29 17:35:05,202 - backend.engine.qualia_particle_engine - WARNING - Cannot compute: buffers not initialized or shader missing
2025-09-29 17:35:05,219 - backend.engine.qualia_particle_engine - WARNING - Cannot compute: buffers not initialized or shader missing
2025-09-29 17:35:05,235 - backend.engine.qualia_particle_engine - WARNING - Cannot compute: buffers not initialized or shader missing
2025-09-29 17:35:05,251 - backend.engine.qualia_particle_engine - WARNING - Cannot compute: buffers not initialized or shader missing
2025-09-29 17:35:05,268 - backend.engine.qualia_particle_engine - WARNING - Cannot compute: buffers not initialized or shader missing
2025-09-29 17:35:05,284 - backend.engine.qualia_particle_engine - WARNING - Cannot compute: buffers not initialized or shader missing
2025-09-29 17:35:05,300 - backend.engine.qualia_particle_engine - WARNING - Cannot compute: buffers not initialized or shader missing
2025-09-29 17:35:05,316 - backend.engine.qualia_particle_engine - WARNING - Cannot compute: buffers not initialized or shader missing
2025-09-29 17:35:05,333 - backend.engine.qualia_particle_engine - WARNING - Cannot compute: buffers not initialized or shader missing
2025-09-29 17:35:05,349 - backend.engine.qualia_particle_engine - WARNING - Cannot compute: buffers not initialized or shader missing
2025-09-29 17:35:05,366 - backend.engine.qualia_particle_engine - WARNING - Cannot compute: buffers not initialized or shader missing
2025-09-29 17:35:05,382 - backend.engine.qualia_particle_engine - WARNING - Cannot compute: buffers not initialized or shader missing
2025-09-29 17:35:05,397 - backend.engine.qualia_particle_engine - WARNING - Cannot compute: buffers not initialized or shader missing
2025-09-29 17:35:05,414 - backend.engine.qualia_particle_engine - WARNING - Cannot compute: buffers not initialized or shader missing
2025-09-29 17:35:05,430 - backend.engine.qualia_particle_engine - WARNING - Cannot compute: buffers not initialized or shader missing
2025-09-29 17:35:05,447 - backend.engine.qualia_particle_engine - WARNING - Cannot compute: buffers not initialized or shader missing
2025-09-29 17:35:05,463 - backend.engine.qualia_particle_engine - WARNING - Cannot compute: buffers not initialized or shader missing
2025-09-29 17:35:05,480 - backend.engine.qualia_particle_engine - WARNING - Cannot compute: buffers not initialized or shader missing
2025-09-29 17:35:05,496 - backend.engine.qualia_particle_engine - WARNING - Cannot compute: buffers not initialized or shader missing
2025-09-29 17:35:05,512 - backend.engine.qualia_particle_engine - WARNING - Cannot compute: buffers not initialized or shader missing
2025-09-29 17:35:05,528 - backend.engine.qualia_particle_engine - WARNING - Cannot compute: buffers not initialized or shader missing
2025-09-29 17:35:05,544 - backend.engine.qualia_particle_engine - WARNING - Cannot compute: buffers not initialized or shader missing
2025-09-29 17:35:05,561 - backend.engine.qualia_particle_engine - WARNING - Cannot compute: buffers not initialized or shader missing
2025-09-29 17:35:05,577 - backend.engine.qualia_particle_engine - WARNING - Cannot compute: buffers not initialized or shader missing
2025-09-29 17:35:05,594 - backend.engine.qualia_particle_engine - WARNING - Cannot compute: buffers not initialized or shader missing
2025-09-29 17:35:05,610 - backend.engine.qualia_particle_engine - WARNING - Cannot compute: buffers not initialized or shader missing
2025-09-29 17:35:05,627 - backend.engine.qualia_particle_engine - WARNING - Cannot compute: buffers not initialized or shader missing
2025-09-29 17:35:05,643 - backend.engine.qualia_particle_engine - WARNING - Cannot compute: buffers not initialized or shader missing
2025-09-29 17:35:05,660 - backend.engine.qualia_particle_engine - WARNING - Cannot compute: buffers not initialized or shader missing
2025-09-29 17:35:05,676 - backend.engine.qualia_particle_engine - WARNING - Cannot compute: buffers not initialized or shader missing
2025-09-29 17:35:05,692 - backend.engine.qualia_particle_engine - WARNING - Cannot compute: buffers not initialized or shader missing
2025-09-29 17:35:05,709 - backend.engine.qualia_particle_engine - WARNING - Cannot compute: buffers not initialized or shader missing
2025-09-29 17:35:05,725 - backend.engine.qualia_particle_engine - WARNING - Cannot compute: buffers not initialized or shader missing
2025-09-29 17:35:05,742 - backend.engine.qualia_particle_engine - WARNING - Cannot compute: buffers not initialized or shader missing
2025-09-29 17:35:05,758 - backend.engine.qualia_particle_engine - WARNING - Cannot compute: buffers not initialized or shader missing
2025-09-29 17:35:05,775 - backend.engine.qualia_particle_engine - WARNING - Cannot compute: buffers not initialized or shader missing
2025-09-29 17:35:05,791 - backend.engine.qualia_particle_engine - WARNING - Cannot compute: buffers not initialized or shader missing
2025-09-29 17:35:05,808 - backend.engine.qualia_particle_engine - WARNING - Cannot compute: buffers not initialized or shader missing
2025-09-29 17:35:05,824 - backend.engine.qualia_particle_engine - WARNING - Cannot compute: buffers not initialized or shader missing
2025-09-29 17:35:05,841 - backend.engine.qualia_particle_engine - WARNING - Cannot compute: buffers not initialized or shader missing
2025-09-29 17:35:05,857 - backend.engine.qualia_particle_engine - WARNING - Cannot compute: buffers not initialized or shader missing
2025-09-29 17:35:05,874 - backend.engine.qualia_particle_engine - WARNING - Cannot compute: buffers not initialized or shader missing
2025-09-29 17:35:05,890 - backend.engine.qualia_particle_engine - WARNING - Cannot compute: buffers not initialized or shader missing
2025-09-29 17:35:05,907 - backend.engine.qualia_particle_engine - WARNING - Cannot compute: buffers not initialized or shader missing
2025-09-29 17:35:05,923 - backend.engine.qualia_particle_engine - WARNING - Cannot compute: buffers not initialized or shader missing
2025-09-29 17:35:05,940 - backend.engine.qualia_particle_engine - WARNING - Cannot compute: buffers not initialized or shader missing
2025-09-29 17:35:05,956 - backend.engine.qualia_particle_engine - WARNING - Cannot compute: buffers not initialized or shader missing
2025-09-29 17:35:05,972 - backend.engine.qualia_particle_engine - WARNING - Cannot compute: buffers not initialized or shader missing
2025-09-29 17:35:05,989 - backend.engine.qualia_particle_engine - WARNING - Cannot compute: buffers not initialized or shader missing
2025-09-29 17:35:06,006 - backend.engine.qualia_particle_engine - WARNING - Cannot compute: buffers not initialized or shader missing
2025-09-29 17:35:06,022 - backend.engine.qualia_particle_engine - WARNING - Cannot compute: buffers not initialized or shader missing
2025-09-29 17:35:06,038 - backend.engine.qualia_particle_engine - WARNING - Cannot compute: buffers not initialized or shader missing
2025-09-29 17:35:06,055 - backend.engine.qualia_particle_engine - WARNING - Cannot compute: buffers not initialized or shader missing
2025-09-29 17:35:06,071 - backend.engine.qualia_particle_engine - WARNING - Cannot compute: buffers not initialized or shader missing
2025-09-29 17:35:06,088 - backend.engine.qualia_particle_engine - WARNING - Cannot compute: buffers not initialized or shader missing
2025-09-29 17:35:06,104 - backend.engine.qualia_particle_engine - WARNING - Cannot compute: buffers not initialized or shader missing
2025-09-29 17:35:06,121 - backend.engine.qualia_particle_engine - WARNING - Cannot compute: buffers not initialized or shader missing
2025-09-29 17:35:06,137 - backend.engine.qualia_particle_engine - WARNING - Cannot compute: buffers not initialized or shader missing
2025-09-29 17:35:06,154 - backend.engine.qualia_particle_engine - WARNING - Cannot compute: buffers not initialized or shader missing
2025-09-29 17:35:06,170 - backend.engine.qualia_particle_engine - WARNING - Cannot compute: buffers not initialized or shader missing
2025-09-29 17:35:06,186 - backend.engine.qualia_particle_engine - WARNING - Cannot compute: buffers not initialized or shader missing
2025-09-29 17:35:06,203 - backend.engine.qualia_particle_engine - WARNING - Cannot compute: buffers not initialized or shader missing
2025-09-29 17:35:06,220 - backend.engine.qualia_particle_engine - WARNING - Cannot compute: buffers not initialized or shader missing
2025-09-29 17:35:06,236 - backend.engine.qualia_particle_engine - WARNING - Cannot compute: buffers not initialized or shader missing
2025-09-29 17:35:06,252 - backend.engine.qualia_particle_engine - WARNING - Cannot compute: buffers not initialized or shader missing
2025-09-29 17:35:06,269 - backend.engine.qualia_particle_engine - WARNING - Cannot compute: buffers not initialized or shader missing
2025-09-29 17:35:06,285 - backend.engine.qualia_particle_engine - WARNING - Cannot compute: buffers not initialized or shader missing
2025-09-29 17:35:06,301 - backend.engine.qualia_particle_engine - WARNING - Cannot compute: buffers not initialized or shader missing
2025-09-29 17:35:06,317 - backend.engine.qualia_particle_engine - WARNING - Cannot compute: buffers not initialized or shader missing
2025-09-29 17:35:06,333 - backend.engine.qualia_particle_engine - WARNING - Cannot compute: buffers not initialized or shader missing
2025-09-29 17:35:06,350 - backend.engine.qualia_particle_engine - WARNING - Cannot compute: buffers not initialized or shader missing
2025-09-29 17:35:06,366 - backend.engine.qualia_particle_engine - WARNING - Cannot compute: buffers not initialized or shader missing
2025-09-29 17:35:06,383 - backend.engine.qualia_particle_engine - WARNING - Cannot compute: buffers not initialized or shader missing
2025-09-29 17:35:06,399 - backend.engine.qualia_particle_engine - WARNING - Cannot compute: buffers not initialized or shader missing
2025-09-29 17:35:06,415 - backend.engine.qualia_particle_engine - WARNING - Cannot compute: buffers not initialized or shader missing
2025-09-29 17:35:06,431 - backend.engine.qualia_particle_engine - WARNING - Cannot compute: buffers not initialized or shader missing
2025-09-29 17:35:06,448 - backend.engine.qualia_particle_engine - WARNING - Cannot compute: buffers not initialized or shader missing
2025-09-29 17:35:06,464 - backend.engine.qualia_particle_engine - WARNING - Cannot compute: buffers not initialized or shader missing
2025-09-29 17:35:06,481 - backend.engine.qualia_particle_engine - WARNING - Cannot compute: buffers not initialized or shader missing
2025-09-29 17:35:06,497 - backend.engine.qualia_particle_engine - WARNING - Cannot compute: buffers not initialized or shader missing
2025-09-29 17:35:06,514 - backend.engine.qualia_particle_engine - WARNING - Cannot compute: buffers not initialized or shader missing
2025-09-29 17:35:06,530 - backend.engine.qualia_particle_engine - WARNING - Cannot compute: buffers not initialized or shader missing
2025-09-29 17:35:06,547 - backend.engine.qualia_particle_engine - WARNING - Cannot compute: buffers not initialized or shader missing
2025-09-29 17:35:06,563 - backend.engine.qualia_particle_engine - WARNING - Cannot compute: buffers not initialized or shader missing
2025-09-29 17:35:06,579 - backend.engine.qualia_particle_engine - WARNING - Cannot compute: buffers not initialized or shader missing
2025-09-29 17:35:06,596 - backend.engine.qualia_particle_engine - WARNING - Cannot compute: buffers not initialized or shader missing
2025-09-29 17:35:06,612 - backend.engine.qualia_particle_engine - WARNING - Cannot compute: buffers not initialized or shader missing
2025-09-29 17:35:06,628 - backend.engine.qualia_particle_engine - WARNING - Cannot compute: buffers not initialized or shader missing
2025-09-29 17:35:06,644 - backend.engine.qualia_particle_engine - WARNING - Cannot compute: buffers not initialized or shader missing
2025-09-29 17:35:06,661 - backend.engine.qualia_particle_engine - WARNING - Cannot compute: buffers not initialized or shader missing
2025-09-29 17:35:06,677 - backend.engine.qualia_particle_engine - WARNING - Cannot compute: buffers not initialized or shader missing
2025-09-29 17:35:06,694 - backend.engine.qualia_particle_engine - WARNING - Cannot compute: buffers not initialized or shader missing
2025-09-29 17:35:06,710 - backend.engine.qualia_particle_engine - WARNING - Cannot compute: buffers not initialized or shader missing
2025-09-29 17:35:06,727 - backend.engine.qualia_particle_engine - WARNING - Cannot compute: buffers not initialized or shader missing
2025-09-29 17:35:06,743 - backend.engine.qualia_particle_engine - WARNING - Cannot compute: buffers not initialized or shader missing
2025-09-29 17:35:06,760 - backend.engine.qualia_particle_engine - WARNING - Cannot compute: buffers not initialized or shader missing
2025-09-29 17:35:06,776 - backend.engine.qualia_particle_engine - WARNING - Cannot compute: buffers not initialized or shader missing
2025-09-29 17:35:06,793 - backend.engine.qualia_particle_engine - WARNING - Cannot compute: buffers not initialized or shader missing
2025-09-29 17:35:06,809 - backend.engine.qualia_particle_engine - WARNING - Cannot compute: buffers not initialized or shader missing
2025-09-29 17:35:06,825 - backend.engine.qualia_particle_engine - WARNING - Cannot compute: buffers not initialized or shader missing
2025-09-29 17:35:06,841 - backend.engine.qualia_particle_engine - WARNING - Cannot compute: buffers not initialized or shader missing
2025-09-29 17:35:06,858 - backend.engine.qualia_particle_engine - WARNING - Cannot compute: buffers not initialized or shader missing
2025-09-29 17:35:06,874 - backend.engine.qualia_particle_engine - WARNING - Cannot compute: buffers not initialized or shader missing
2025-09-29 17:35:06,890 - backend.engine.qualia_particle_engine - WARNING - Cannot compute: buffers not initialized or shader missing
2025-09-29 17:35:06,907 - backend.engine.qualia_particle_engine - WARNING - Cannot compute: buffers not initialized or shader missing
2025-09-29 17:35:06,923 - backend.engine.qualia_particle_engine - WARNING - Cannot compute: buffers not initialized or shader missing
2025-09-29 17:35:06,940 - backend.engine.qualia_particle_engine - WARNING - Cannot compute: buffers not initialized or shader missing
2025-09-29 17:35:06,956 - backend.engine.qualia_particle_engine - WARNING - Cannot compute: buffers not initialized or shader missing
2025-09-29 17:35:06,973 - backend.engine.qualia_particle_engine - WARNING - Cannot compute: buffers not initialized or shader missing
2025-09-29 17:35:06,989 - backend.engine.qualia_particle_engine - WARNING - Cannot compute: buffers not initialized or shader missing
2025-09-29 17:35:07,005 - backend.engine.qualia_particle_engine - WARNING - Cannot compute: buffers not initialized or shader missing
2025-09-29 17:35:07,021 - backend.engine.qualia_particle_engine - WARNING - Cannot compute: buffers not initialized or shader missing
2025-09-29 17:35:07,038 - backend.engine.qualia_particle_engine - WARNING - Cannot compute: buffers not initialized or shader missing
2025-09-29 17:35:07,054 - backend.engine.qualia_particle_engine - WARNING - Cannot compute: buffers not initialized or shader missing
2025-09-29 17:35:07,070 - backend.engine.qualia_particle_engine - WARNING - Cannot compute: buffers not initialized or shader missing
2025-09-29 17:35:07,087 - backend.engine.qualia_particle_engine - WARNING - Cannot compute: buffers not initialized or shader missing
2025-09-29 17:35:07,103 - backend.engine.qualia_particle_engine - WARNING - Cannot compute: buffers not initialized or shader missing
2025-09-29 17:35:07,120 - backend.engine.qualia_particle_engine - WARNING - Cannot compute: buffers not initialized or shader missing
2025-09-29 17:35:07,136 - backend.engine.qualia_particle_engine - WARNING - Cannot compute: buffers not initialized or shader missing
2025-09-29 17:35:07,153 - backend.engine.qualia_particle_engine - WARNING - Cannot compute: buffers not initialized or shader missing
2025-09-29 17:35:07,169 - backend.engine.qualia_particle_engine - WARNING - Cannot compute: buffers not initialized or shader missing
2025-09-29 17:35:07,186 - backend.engine.qualia_particle_engine - WARNING - Cannot compute: buffers not initialized or shader missing
2025-09-29 17:35:07,202 - backend.engine.qualia_particle_engine - WARNING - Cannot compute: buffers not initialized or shader missing
2025-09-29 17:35:07,218 - backend.engine.qualia_particle_engine - WARNING - Cannot compute: buffers not initialized or shader missing
2025-09-29 17:35:07,234 - backend.engine.qualia_particle_engine - WARNING - Cannot compute: buffers not initialized or shader missing
2025-09-29 17:35:07,252 - backend.engine.qualia_particle_engine - WARNING - Cannot compute: buffers not initialized or shader missing
2025-09-29 17:35:07,268 - backend.engine.qualia_particle_engine - WARNING - Cannot compute: buffers not initialized or shader missing
2025-09-29 17:35:07,285 - backend.engine.qualia_particle_engine - WARNING - Cannot compute: buffers not initialized or shader missing
2025-09-29 17:35:07,301 - backend.engine.qualia_particle_engine - WARNING - Cannot compute: buffers not initialized or shader missing
2025-09-29 17:35:07,318 - backend.engine.qualia_particle_engine - WARNING - Cannot compute: buffers not initialized or shader missing
2025-09-29 17:35:07,334 - backend.engine.qualia_particle_engine - WARNING - Cannot compute: buffers not initialized or shader missing
2025-09-29 17:35:07,352 - backend.engine.qualia_particle_engine - WARNING - Cannot compute: buffers not initialized or shader missing
2025-09-29 17:35:07,368 - backend.engine.qualia_particle_engine - WARNING - Cannot compute: buffers not initialized or shader missing
2025-09-29 17:35:07,385 - backend.engine.qualia_particle_engine - WARNING - Cannot compute: buffers not initialized or shader missing
2025-09-29 17:35:07,401 - backend.engine.qualia_particle_engine - WARNING - Cannot compute: buffers not initialized or shader missing
2025-09-29 17:35:07,417 - backend.engine.qualia_particle_engine - WARNING - Cannot compute: buffers not initialized or shader missing
2025-09-29 17:35:07,433 - backend.engine.qualia_particle_engine - WARNING - Cannot compute: buffers not initialized or shader missing
2025-09-29 17:35:07,449 - backend.engine.qualia_particle_engine - WARNING - Cannot compute: buffers not initialized or shader missing
2025-09-29 17:35:07,466 - backend.engine.qualia_particle_engine - WARNING - Cannot compute: buffers not initialized or shader missing
2025-09-29 17:35:07,482 - backend.engine.qualia_particle_engine - WARNING - Cannot compute: buffers not initialized or shader missing
2025-09-29 17:35:07,499 - backend.engine.qualia_particle_engine - WARNING - Cannot compute: buffers not initialized or shader missing
2025-09-29 17:35:07,515 - backend.engine.qualia_particle_engine - WARNING - Cannot compute: buffers not initialized or shader missing
2025-09-29 17:35:07,531 - backend.engine.qualia_particle_engine - WARNING - Cannot compute: buffers not initialized or shader missing
2025-09-29 17:35:07,547 - backend.engine.qualia_particle_engine - WARNING - Cannot compute: buffers not initialized or shader missing
2025-09-29 17:35:07,564 - backend.engine.qualia_particle_engine - WARNING - Cannot compute: buffers not initialized or shader missing
2025-09-29 17:35:07,580 - backend.engine.qualia_particle_engine - WARNING - Cannot compute: buffers not initialized or shader missing
2025-09-29 17:35:07,597 - backend.engine.qualia_particle_engine - WARNING - Cannot compute: buffers not initialized or shader missing
2025-09-29 17:35:07,614 - backend.engine.qualia_particle_engine - WARNING - Cannot compute: buffers not initialized or shader missing
2025-09-29 17:35:07,630 - backend.engine.qualia_particle_engine - WARNING - Cannot compute: buffers not initialized or shader missing
2025-09-29 17:35:07,646 - backend.engine.qualia_particle_engine - WARNING - Cannot compute: buffers not initialized or shader missing
2025-09-29 17:35:07,663 - backend.engine.qualia_particle_engine - WARNING - Cannot compute: buffers not initialized or shader missing
2025-09-29 17:35:07,679 - backend.engine.qualia_particle_engine - WARNING - Cannot compute: buffers not initialized or shader missing
2025-09-29 17:35:07,696 - backend.engine.qualia_particle_engine - WARNING - Cannot compute: buffers not initialized or shader missing
2025-09-29 17:35:07,712 - backend.engine.qualia_particle_engine - WARNING - Cannot compute: buffers not initialized or shader missing
2025-09-29 17:35:07,729 - backend.engine.qualia_particle_engine - WARNING - Cannot compute: buffers not initialized or shader missing
2025-09-29 17:35:07,745 - backend.engine.qualia_particle_engine - WARNING - Cannot compute: buffers not initialized or shader missing
2025-09-29 17:35:07,762 - backend.engine.qualia_particle_engine - WARNING - Cannot compute: buffers not initialized or shader missing
2025-09-29 17:35:07,778 - backend.engine.qualia_particle_engine - WARNING - Cannot compute: buffers not initialized or shader missing
2025-09-29 17:35:07,795 - backend.engine.qualia_particle_engine - WARNING - Cannot compute: buffers not initialized or shader missing
2025-09-29 17:35:07,811 - backend.engine.qualia_particle_engine - WARNING - Cannot compute: buffers not initialized or shader missing
2025-09-29 17:35:07,828 - backend.engine.qualia_particle_engine - WARNING - Cannot compute: buffers not initialized or shader missing
2025-09-29 17:35:07,844 - backend.engine.qualia_particle_engine - WARNING - Cannot compute: buffers not initialized or shader missing
2025-09-29 17:35:07,860 - backend.engine.qualia_particle_engine - WARNING - Cannot compute: buffers not initialized or shader missing
2025-09-29 17:35:07,877 - backend.engine.qualia_particle_engine - WARNING - Cannot compute: buffers not initialized or shader missing
2025-09-29 17:35:07,893 - backend.engine.qualia_particle_engine - WARNING - Cannot compute: buffers not initialized or shader missing
2025-09-29 17:35:07,910 - backend.engine.qualia_particle_engine - WARNING - Cannot compute: buffers not initialized or shader missing
2025-09-29 17:35:07,926 - backend.engine.qualia_particle_engine - WARNING - Cannot compute: buffers not initialized or shader missing
2025-09-29 17:35:07,943 - backend.engine.qualia_particle_engine - WARNING - Cannot compute: buffers not initialized or shader missing
2025-09-29 17:35:07,959 - backend.engine.qualia_particle_engine - WARNING - Cannot compute: buffers not initialized or shader missing
2025-09-29 17:35:07,975 - backend.engine.qualia_particle_engine - WARNING - Cannot compute: buffers not initialized or shader missing
2025-09-29 17:35:07,991 - backend.engine.qualia_particle_engine - WARNING - Cannot compute: buffers not initialized or shader missing
2025-09-29 17:35:08,008 - backend.engine.qualia_particle_engine - WARNING - Cannot compute: buffers not initialized or shader missing
2025-09-29 17:35:08,024 - backend.engine.qualia_particle_engine - WARNING - Cannot compute: buffers not initialized or shader missing
2025-09-29 17:35:08,041 - backend.engine.qualia_particle_engine - WARNING - Cannot compute: buffers not initialized or shader missing
2025-09-29 17:35:08,057 - backend.engine.qualia_particle_engine - WARNING - Cannot compute: buffers not initialized or shader missing
2025-09-29 17:35:08,073 - backend.engine.qualia_particle_engine - WARNING - Cannot compute: buffers not initialized or shader missing
2025-09-29 17:35:08,090 - backend.engine.qualia_particle_engine - WARNING - Cannot compute: buffers not initialized or shader missing
2025-09-29 17:35:08,106 - backend.engine.qualia_particle_engine - WARNING - Cannot compute: buffers not initialized or shader missing
2025-09-29 17:35:08,122 - backend.engine.qualia_particle_engine - WARNING - Cannot compute: buffers not initialized or shader missing
2025-09-29 17:35:08,138 - backend.engine.qualia_particle_engine - WARNING - Cannot compute: buffers not initialized or shader missing
2025-09-29 17:35:08,155 - backend.engine.qualia_particle_engine - WARNING - Cannot compute: buffers not initialized or shader missing
2025-09-29 17:35:08,173 - backend.engine.qualia_particle_engine - WARNING - Cannot compute: buffers not initialized or shader missing
2025-09-29 17:35:08,189 - backend.engine.qualia_particle_engine - WARNING - Cannot compute: buffers not initialized or shader missing
2025-09-29 17:35:08,206 - backend.engine.qualia_particle_engine - WARNING - Cannot compute: buffers not initialized or shader missing
2025-09-29 17:35:08,222 - backend.engine.qualia_particle_engine - WARNING - Cannot compute: buffers not initialized or shader missing
2025-09-29 17:35:08,239 - backend.engine.qualia_particle_engine - WARNING - Cannot compute: buffers not initialized or shader missing
2025-09-29 17:35:08,255 - backend.engine.qualia_particle_engine - WARNING - Cannot compute: buffers not initialized or shader missing
2025-09-29 17:35:08,272 - backend.engine.qualia_particle_engine - WARNING - Cannot compute: buffers not initialized or shader missing
2025-09-29 17:35:08,288 - backend.engine.qualia_particle_engine - WARNING - Cannot compute: buffers not initialized or shader missing
2025-09-29 17:35:08,305 - backend.engine.qualia_particle_engine - WARNING - Cannot compute: buffers not initialized or shader missing
2025-09-29 17:35:08,321 - backend.engine.qualia_particle_engine - WARNING - Cannot compute: buffers not initialized or shader missing
2025-09-29 17:35:08,338 - backend.engine.qualia_particle_engine - WARNING - Cannot compute: buffers not initialized or shader missing
2025-09-29 17:35:08,354 - backend.engine.qualia_particle_engine - WARNING - Cannot compute: buffers not initialized or shader missing
2025-09-29 17:35:08,370 - backend.engine.qualia_particle_engine - WARNING - Cannot compute: buffers not initialized or shader missing
2025-09-29 17:35:08,387 - backend.engine.qualia_particle_engine - WARNING - Cannot compute: buffers not initialized or shader missing
2025-09-29 17:35:08,403 - backend.engine.qualia_particle_engine - WARNING - Cannot compute: buffers not initialized or shader missing
2025-09-29 17:35:08,419 - backend.engine.qualia_particle_engine - WARNING - Cannot compute: buffers not initialized or shader missing
2025-09-29 17:35:08,435 - backend.engine.qualia_particle_engine - WARNING - Cannot compute: buffers not initialized or shader missing
2025-09-29 17:35:08,452 - backend.engine.qualia_particle_engine - WARNING - Cannot compute: buffers not initialized or shader missing
2025-09-29 17:35:08,468 - backend.engine.qualia_particle_engine - WARNING - Cannot compute: buffers not initialized or shader missing
2025-09-29 17:35:08,484 - backend.engine.qualia_particle_engine - WARNING - Cannot compute: buffers not initialized or shader missing
2025-09-29 17:35:08,500 - backend.engine.qualia_particle_engine - WARNING - Cannot compute: buffers not initialized or shader missing
INFO:     Shutting down
2025-09-29 17:35:08,516 - backend.engine.qualia_particle_engine - WARNING - Cannot compute: buffers not initialized or shader missing
2025-09-29 17:35:08,533 - backend.engine.qualia_particle_engine - WARNING - Cannot compute: buffers not initialized or shader missing
2025-09-29 17:35:08,549 - backend.engine.qualia_particle_engine - WARNING - Cannot compute: buffers not initialized or shader missing
2025-09-29 17:35:08,565 - backend.engine.qualia_particle_engine - WARNING - Cannot compute: buffers not initialized or shader missing
2025-09-29 17:35:08,582 - backend.engine.qualia_particle_engine - WARNING - Cannot compute: buffers not initialized or shader missing
2025-09-29 17:35:08,598 - backend.engine.qualia_particle_engine - WARNING - Cannot compute: buffers not initialized or shader missing
INFO:     Waiting for application shutdown.
2025-09-29 17:35:08,613 - backend.api.routes - INFO - 🚨 Shutting down QUALIA.CODE services...
2025-09-29 17:35:08,613 - backend.CompositionRoot - INFO - → ENTER backend.CompositionRoot.CompositionRoot.shutdown
2025-09-29 17:35:08,613 - backend.CompositionRoot - INFO - ← EXIT backend.CompositionRoot.CompositionRoot.shutdown (⏱️ 0.000s)
2025-09-29 17:35:08,613 - backend.CompositionRoot - INFO - 🔌 Gracefully shutting down QUALIA.CODE services...
2025-09-29 17:35:08,613 - backend.CompositionRoot - INFO - 🛑 Shutting down rendering_service...
2025-09-29 17:35:08,613 - backend.services.RenderingService - INFO - → ENTER backend.services.RenderingService.RenderingService.shutdown
2025-09-29 17:35:08,614 - backend.services.RenderingService - INFO - RenderingService shutdown complete
2025-09-29 17:35:08,614 - backend.services.RenderingService - INFO - ← EXIT backend.services.RenderingService.RenderingService.shutdown (⏱️ 0.000s)
2025-09-29 17:35:08,614 - backend.CompositionRoot - CRITICAL - ✅ rendering_service TERMINATED.
2025-09-29 17:35:08,614 - backend.CompositionRoot - INFO - 🛑 Shutting down streaming_web_service...
2025-09-29 17:35:08,614 - backend.services.StreamingWebService - INFO - → ENTER backend.services.StreamingWebService.StreamingWebService.shutdown
2025-09-29 17:35:08,614 - backend.services.StreamingWebService - INFO - ← EXIT backend.services.StreamingWebService.StreamingWebService.shutdown (⏱️ 0.000s)
2025-09-29 17:35:08,614 - backend.services.StreamingWebService - INFO - Shutting down StreamingWebService...
2025-09-29 17:35:08,614 - backend.services.StreamingWebService - INFO - → ENTER backend.services.StreamingWebService.StreamingWebService._stop_streaming
2025-09-29 17:35:08,615 - backend.services.StreamingWebService - INFO - ← EXIT backend.services.StreamingWebService.StreamingWebService._stop_streaming (⏱️ 0.000s)
2025-09-29 17:35:08,615 - backend.services.StreamingWebService - INFO - Streaming is already stopped.
2025-09-29 17:35:08,615 - backend.services.StreamingWebService - INFO - ✅ StreamingWebService shutdown complete.
2025-09-29 17:35:08,615 - backend.CompositionRoot - CRITICAL - ✅ streaming_web_service TERMINATED.
2025-09-29 17:35:08,615 - backend.CompositionRoot - INFO - 🛑 Shutting down qualia_processor...
2025-09-29 17:35:08,615 - backend.services.QualiaProcessor - INFO - 🛑 Shutting down QualiaProcessor...
2025-09-29 17:35:08,615 - backend.CompositionRoot - CRITICAL - ✅ qualia_processor TERMINATED.
2025-09-29 17:35:08,615 - backend.CompositionRoot - INFO - 🛑 Shutting down particle_system...
2025-09-29 17:35:08,615 - backend.engine.qualia_particle_engine - INFO - → ENTER backend.engine.qualia_particle_engine.QualiaParticleEngine.shutdown
2025-09-29 17:35:08,615 - backend.engine.qualia_particle_engine - INFO - ← EXIT backend.engine.qualia_particle_engine.QualiaParticleEngine.shutdown (⏱️ 0.000s)
2025-09-29 17:35:08,615 - backend.engine.qualia_particle_engine - INFO - → ENTER backend.engine.qualia_particle_engine.QualiaParticleEngine._stop_autonomous_simulation
2025-09-29 17:35:08,615 - backend.engine.qualia_particle_engine - INFO - ← EXIT backend.engine.qualia_particle_engine.QualiaParticleEngine._stop_autonomous_simulation (⏱️ 0.000s)
2025-09-29 17:35:08,616 - backend.engine.qualia_particle_engine - INFO - 🛑 Autonomous simulation loop cancelled
2025-09-29 17:35:08,616 - backend.engine.qualia_particle_engine - INFO - 🛑 Autonomous simulation loop terminated
2025-09-29 17:35:08,616 - backend.engine.qualia_particle_engine - INFO - ✅ Autonomous simulation loop cancelled
2025-09-29 17:35:08,616 - backend.engine.qualia_particle_engine - INFO - ✅ QualiaParticleEngine shutdown complete
2025-09-29 17:35:08,616 - backend.CompositionRoot - CRITICAL - ✅ particle_system TERMINATED.
2025-09-29 17:35:08,616 - backend.CompositionRoot - CRITICAL - 💀 ALL SERVICES TERMINATED. CompositionRoot shutdown is complete.
2025-09-29 17:35:08,616 - backend.api.routes - INFO - ✅ All services terminated gracefully.
INFO:     Application shutdown complete.
INFO:     Finished server process [332534]
