INFO:     Started server process [263478]
INFO:     Waiting for application startup.
2025-09-29 15:51:53,723 - backend.CompositionRoot - INFO - → ENTER backend.CompositionRoot.CompositionRoot.initialize
2025-09-29 15:51:53,723 - backend.CompositionRoot - INFO - ← EXIT backend.CompositionRoot.CompositionRoot.initialize (⏱️ 0.000s)
2025-09-29 15:51:53,723 - backend.CompositionRoot - INFO - 🚀 Initializing QUALIA.CODE CompositionRoot...
2025-09-29 15:51:54,016 - backend.CompositionRoot - INFO - ✅ Created shared EGL OpenGL context
2025-09-29 15:51:54,025 - backend.services.SecurityService - INFO - SecurityService initialized with auth_enabled=False
2025-09-29 15:51:54,158 - backend.engine.qualia_particle_engine - INFO - → ENTER backend.engine.qualia_particle_engine.QualiaParticleEngine._initialize_shader
2025-09-29 15:51:54,158 - backend.engine.qualia_particle_engine - INFO - 🔧 Compiling and linking GLSL shaders...
2025-09-29 15:51:54,159 - backend.engine.qualia_particle_engine - INFO - 🔍 Shader introspection complete: 1 uniforms, format: f
2025-09-29 15:51:54,164 - backend.engine.qualia_particle_engine - INFO - ✅ Shaders compiled and linked successfully.
2025-09-29 15:51:54,165 - backend.engine.qualia_particle_engine - INFO - 🔍 Detected uniforms in shader program: []
2025-09-29 15:51:54,165 - backend.engine.qualia_particle_engine - INFO - ← EXIT backend.engine.qualia_particle_engine.QualiaParticleEngine._initialize_shader (⏱️ 0.007s)
2025-09-29 15:51:54,165 - backend.engine.qualia_particle_engine - INFO - QualiaParticleEngine initialized (max_particles=10000)
2025-09-29 15:51:54,165 - backend.engine.qualia_particle_engine - INFO - → ENTER backend.engine.qualia_particle_engine.QualiaParticleEngine.start
2025-09-29 15:51:54,165 - backend.engine.qualia_particle_engine - INFO - → ENTER backend.engine.qualia_particle_engine.QualiaParticleEngine._start_autonomous_simulation
2025-09-29 15:51:54,165 - backend.engine.qualia_particle_engine - INFO - 🎯 Started autonomous simulation loop at 60.0fps
2025-09-29 15:51:54,166 - backend.engine.qualia_particle_engine - INFO - ← EXIT backend.engine.qualia_particle_engine.QualiaParticleEngine._start_autonomous_simulation (⏱️ 0.000s)
2025-09-29 15:51:54,166 - backend.engine.qualia_particle_engine - INFO - 🎆 QualiaParticleEngine started with autonomous simulation loop and subscribed to QualiaState events
2025-09-29 15:51:54,166 - backend.engine.qualia_particle_engine - INFO - ← EXIT backend.engine.qualia_particle_engine.QualiaParticleEngine.start (⏱️ 0.001s)
2025-09-29 15:51:54,182 - backend.services.RenderingService - INFO - RenderingService graphics resources initialized
2025-09-29 15:51:54,183 - backend.CompositionRoot - INFO - ✅ CompositionRoot initialization complete
2025-09-29 15:51:54,183 - backend.api.routes - INFO - ✅ QUALIA.CODE services initialized successfully on startup
2025-09-29 15:51:54,184 - backend.engine.qualia_particle_engine - WARNING - Cannot compute: buffers not initialized or shader missing
INFO:     Application startup complete.
INFO:     Uvicorn running on http://127.0.0.1:8000 (Press CTRL+C to quit)
2025-09-29 15:51:54,202 - backend.engine.qualia_particle_engine - WARNING - Cannot compute: buffers not initialized or shader missing
2025-09-29 15:51:54,219 - backend.engine.qualia_particle_engine - WARNING - Cannot compute: buffers not initialized or shader missing
2025-09-29 15:51:54,236 - backend.engine.qualia_particle_engine - WARNING - Cannot compute: buffers not initialized or shader missing
2025-09-29 15:51:54,253 - backend.engine.qualia_particle_engine - WARNING - Cannot compute: buffers not initialized or shader missing
2025-09-29 15:51:54,271 - backend.engine.qualia_particle_engine - WARNING - Cannot compute: buffers not initialized or shader missing
2025-09-29 15:51:54,288 - backend.engine.qualia_particle_engine - WARNING - Cannot compute: buffers not initialized or shader missing
2025-09-29 15:51:54,305 - backend.engine.qualia_particle_engine - WARNING - Cannot compute: buffers not initialized or shader missing
2025-09-29 15:51:54,323 - backend.engine.qualia_particle_engine - WARNING - Cannot compute: buffers not initialized or shader missing
2025-09-29 15:51:54,339 - backend.engine.qualia_particle_engine - WARNING - Cannot compute: buffers not initialized or shader missing
2025-09-29 15:51:54,355 - backend.engine.qualia_particle_engine - WARNING - Cannot compute: buffers not initialized or shader missing
2025-09-29 15:51:54,372 - backend.engine.qualia_particle_engine - WARNING - Cannot compute: buffers not initialized or shader missing
2025-09-29 15:51:54,389 - backend.engine.qualia_particle_engine - WARNING - Cannot compute: buffers not initialized or shader missing
2025-09-29 15:51:54,406 - backend.engine.qualia_particle_engine - WARNING - Cannot compute: buffers not initialized or shader missing
2025-09-29 15:51:54,422 - backend.engine.qualia_particle_engine - WARNING - Cannot compute: buffers not initialized or shader missing
2025-09-29 15:51:54,439 - backend.engine.qualia_particle_engine - WARNING - Cannot compute: buffers not initialized or shader missing
2025-09-29 15:51:54,455 - backend.engine.qualia_particle_engine - WARNING - Cannot compute: buffers not initialized or shader missing
2025-09-29 15:51:54,471 - backend.engine.qualia_particle_engine - WARNING - Cannot compute: buffers not initialized or shader missing
2025-09-29 15:51:54,488 - backend.engine.qualia_particle_engine - WARNING - Cannot compute: buffers not initialized or shader missing
2025-09-29 15:51:54,504 - backend.engine.qualia_particle_engine - WARNING - Cannot compute: buffers not initialized or shader missing
2025-09-29 15:51:54,521 - backend.engine.qualia_particle_engine - WARNING - Cannot compute: buffers not initialized or shader missing
2025-09-29 15:51:54,537 - backend.engine.qualia_particle_engine - WARNING - Cannot compute: buffers not initialized or shader missing
2025-09-29 15:51:54,554 - backend.engine.qualia_particle_engine - WARNING - Cannot compute: buffers not initialized or shader missing
2025-09-29 15:51:54,570 - backend.engine.qualia_particle_engine - WARNING - Cannot compute: buffers not initialized or shader missing
2025-09-29 15:51:54,587 - backend.engine.qualia_particle_engine - WARNING - Cannot compute: buffers not initialized or shader missing
2025-09-29 15:51:54,603 - backend.engine.qualia_particle_engine - WARNING - Cannot compute: buffers not initialized or shader missing
2025-09-29 15:51:54,620 - backend.engine.qualia_particle_engine - WARNING - Cannot compute: buffers not initialized or shader missing
2025-09-29 15:51:54,636 - backend.engine.qualia_particle_engine - WARNING - Cannot compute: buffers not initialized or shader missing
2025-09-29 15:51:54,652 - backend.engine.qualia_particle_engine - WARNING - Cannot compute: buffers not initialized or shader missing
2025-09-29 15:51:54,669 - backend.engine.qualia_particle_engine - WARNING - Cannot compute: buffers not initialized or shader missing
2025-09-29 15:51:54,685 - backend.engine.qualia_particle_engine - WARNING - Cannot compute: buffers not initialized or shader missing
2025-09-29 15:51:54,702 - backend.engine.qualia_particle_engine - WARNING - Cannot compute: buffers not initialized or shader missing
2025-09-29 15:51:54,718 - backend.engine.qualia_particle_engine - WARNING - Cannot compute: buffers not initialized or shader missing
2025-09-29 15:51:54,735 - backend.engine.qualia_particle_engine - WARNING - Cannot compute: buffers not initialized or shader missing
2025-09-29 15:51:54,751 - backend.engine.qualia_particle_engine - WARNING - Cannot compute: buffers not initialized or shader missing
2025-09-29 15:51:54,767 - backend.engine.qualia_particle_engine - WARNING - Cannot compute: buffers not initialized or shader missing
2025-09-29 15:51:54,784 - backend.engine.qualia_particle_engine - WARNING - Cannot compute: buffers not initialized or shader missing
2025-09-29 15:51:54,801 - backend.engine.qualia_particle_engine - WARNING - Cannot compute: buffers not initialized or shader missing
2025-09-29 15:51:54,817 - backend.engine.qualia_particle_engine - WARNING - Cannot compute: buffers not initialized or shader missing
2025-09-29 15:51:54,834 - backend.engine.qualia_particle_engine - WARNING - Cannot compute: buffers not initialized or shader missing
2025-09-29 15:51:54,850 - backend.engine.qualia_particle_engine - WARNING - Cannot compute: buffers not initialized or shader missing
2025-09-29 15:51:54,866 - backend.engine.qualia_particle_engine - WARNING - Cannot compute: buffers not initialized or shader missing
2025-09-29 15:51:54,883 - backend.engine.qualia_particle_engine - WARNING - Cannot compute: buffers not initialized or shader missing
🎵 Starting Qualia Tempo Visual Engine (QUALIA.CODE v1.0)...
🔥 Backend ready to receive rhythm data from frontend
🌟 Visual effects generated via EventBus architecture

Backend running on: http://127.0.0.1:8000
API Documentation: http://127.0.0.1:8000/docs
Architecture: IoC + EventBus + Dependency Injection

INFO:     127.0.0.1:55986 - "GET /health HTTP/1.1" 200 OK
2025-09-29 15:51:54,899 - backend.engine.qualia_particle_engine - WARNING - Cannot compute: buffers not initialized or shader missing
2025-09-29 15:51:54,915 - backend.engine.qualia_particle_engine - WARNING - Cannot compute: buffers not initialized or shader missing
2025-09-29 15:51:54,932 - backend.engine.qualia_particle_engine - WARNING - Cannot compute: buffers not initialized or shader missing
2025-09-29 15:51:54,948 - backend.engine.qualia_particle_engine - WARNING - Cannot compute: buffers not initialized or shader missing
2025-09-29 15:51:54,965 - backend.engine.qualia_particle_engine - WARNING - Cannot compute: buffers not initialized or shader missing
2025-09-29 15:51:54,981 - backend.engine.qualia_particle_engine - WARNING - Cannot compute: buffers not initialized or shader missing
2025-09-29 15:51:54,997 - backend.engine.qualia_particle_engine - WARNING - Cannot compute: buffers not initialized or shader missing
2025-09-29 15:51:55,013 - backend.engine.qualia_particle_engine - WARNING - Cannot compute: buffers not initialized or shader missing
2025-09-29 15:51:55,030 - backend.engine.qualia_particle_engine - WARNING - Cannot compute: buffers not initialized or shader missing
2025-09-29 15:51:55,046 - backend.engine.qualia_particle_engine - WARNING - Cannot compute: buffers not initialized or shader missing
2025-09-29 15:51:55,063 - backend.engine.qualia_particle_engine - WARNING - Cannot compute: buffers not initialized or shader missing
2025-09-29 15:51:55,080 - backend.engine.qualia_particle_engine - WARNING - Cannot compute: buffers not initialized or shader missing
2025-09-29 15:51:55,096 - backend.engine.qualia_particle_engine - WARNING - Cannot compute: buffers not initialized or shader missing
2025-09-29 15:51:55,113 - backend.engine.qualia_particle_engine - WARNING - Cannot compute: buffers not initialized or shader missing
2025-09-29 15:51:55,129 - backend.engine.qualia_particle_engine - WARNING - Cannot compute: buffers not initialized or shader missing
2025-09-29 15:51:55,146 - backend.engine.qualia_particle_engine - WARNING - Cannot compute: buffers not initialized or shader missing
2025-09-29 15:51:55,162 - backend.engine.qualia_particle_engine - WARNING - Cannot compute: buffers not initialized or shader missing
2025-09-29 15:51:55,179 - backend.engine.qualia_particle_engine - WARNING - Cannot compute: buffers not initialized or shader missing
2025-09-29 15:51:55,195 - backend.engine.qualia_particle_engine - WARNING - Cannot compute: buffers not initialized or shader missing
2025-09-29 15:51:55,212 - backend.engine.qualia_particle_engine - WARNING - Cannot compute: buffers not initialized or shader missing
2025-09-29 15:51:55,228 - backend.engine.qualia_particle_engine - WARNING - Cannot compute: buffers not initialized or shader missing
2025-09-29 15:51:55,245 - backend.engine.qualia_particle_engine - WARNING - Cannot compute: buffers not initialized or shader missing
2025-09-29 15:51:55,261 - backend.engine.qualia_particle_engine - WARNING - Cannot compute: buffers not initialized or shader missing
2025-09-29 15:51:55,277 - backend.engine.qualia_particle_engine - WARNING - Cannot compute: buffers not initialized or shader missing
2025-09-29 15:51:55,294 - backend.engine.qualia_particle_engine - WARNING - Cannot compute: buffers not initialized or shader missing
2025-09-29 15:51:55,311 - backend.engine.qualia_particle_engine - WARNING - Cannot compute: buffers not initialized or shader missing
2025-09-29 15:51:55,328 - backend.engine.qualia_particle_engine - WARNING - Cannot compute: buffers not initialized or shader missing
2025-09-29 15:51:55,344 - backend.engine.qualia_particle_engine - WARNING - Cannot compute: buffers not initialized or shader missing
2025-09-29 15:51:55,360 - backend.engine.qualia_particle_engine - WARNING - Cannot compute: buffers not initialized or shader missing
2025-09-29 15:51:55,377 - backend.engine.qualia_particle_engine - WARNING - Cannot compute: buffers not initialized or shader missing
2025-09-29 15:51:55,393 - backend.engine.qualia_particle_engine - WARNING - Cannot compute: buffers not initialized or shader missing
2025-09-29 15:51:55,410 - backend.engine.qualia_particle_engine - WARNING - Cannot compute: buffers not initialized or shader missing
2025-09-29 15:51:55,426 - backend.engine.qualia_particle_engine - WARNING - Cannot compute: buffers not initialized or shader missing
2025-09-29 15:51:55,443 - backend.engine.qualia_particle_engine - WARNING - Cannot compute: buffers not initialized or shader missing
2025-09-29 15:51:55,459 - backend.engine.qualia_particle_engine - WARNING - Cannot compute: buffers not initialized or shader missing
2025-09-29 15:51:55,475 - backend.engine.qualia_particle_engine - WARNING - Cannot compute: buffers not initialized or shader missing
2025-09-29 15:51:55,492 - backend.engine.qualia_particle_engine - WARNING - Cannot compute: buffers not initialized or shader missing
2025-09-29 15:51:55,508 - backend.engine.qualia_particle_engine - WARNING - Cannot compute: buffers not initialized or shader missing
2025-09-29 15:51:55,525 - backend.engine.qualia_particle_engine - WARNING - Cannot compute: buffers not initialized or shader missing
2025-09-29 15:51:55,541 - backend.engine.qualia_particle_engine - WARNING - Cannot compute: buffers not initialized or shader missing
2025-09-29 15:51:55,558 - backend.engine.qualia_particle_engine - WARNING - Cannot compute: buffers not initialized or shader missing
2025-09-29 15:51:55,574 - backend.engine.qualia_particle_engine - WARNING - Cannot compute: buffers not initialized or shader missing
2025-09-29 15:51:55,590 - backend.engine.qualia_particle_engine - WARNING - Cannot compute: buffers not initialized or shader missing
2025-09-29 15:51:55,606 - backend.engine.qualia_particle_engine - WARNING - Cannot compute: buffers not initialized or shader missing
2025-09-29 15:51:55,623 - backend.engine.qualia_particle_engine - WARNING - Cannot compute: buffers not initialized or shader missing
2025-09-29 15:51:55,639 - backend.engine.qualia_particle_engine - WARNING - Cannot compute: buffers not initialized or shader missing
2025-09-29 15:51:55,655 - backend.engine.qualia_particle_engine - WARNING - Cannot compute: buffers not initialized or shader missing
2025-09-29 15:51:55,672 - backend.engine.qualia_particle_engine - WARNING - Cannot compute: buffers not initialized or shader missing
2025-09-29 15:51:55,688 - backend.engine.qualia_particle_engine - WARNING - Cannot compute: buffers not initialized or shader missing
2025-09-29 15:51:55,705 - backend.engine.qualia_particle_engine - WARNING - Cannot compute: buffers not initialized or shader missing
2025-09-29 15:51:55,721 - backend.engine.qualia_particle_engine - WARNING - Cannot compute: buffers not initialized or shader missing
2025-09-29 15:51:55,738 - backend.engine.qualia_particle_engine - WARNING - Cannot compute: buffers not initialized or shader missing
2025-09-29 15:51:55,754 - backend.engine.qualia_particle_engine - WARNING - Cannot compute: buffers not initialized or shader missing
2025-09-29 15:51:55,770 - backend.engine.qualia_particle_engine - WARNING - Cannot compute: buffers not initialized or shader missing
2025-09-29 15:51:55,787 - backend.engine.qualia_particle_engine - WARNING - Cannot compute: buffers not initialized or shader missing
2025-09-29 15:51:55,803 - backend.engine.qualia_particle_engine - WARNING - Cannot compute: buffers not initialized or shader missing
2025-09-29 15:51:55,820 - backend.engine.qualia_particle_engine - WARNING - Cannot compute: buffers not initialized or shader missing
2025-09-29 15:51:55,836 - backend.engine.qualia_particle_engine - WARNING - Cannot compute: buffers not initialized or shader missing
2025-09-29 15:51:55,853 - backend.engine.qualia_particle_engine - WARNING - Cannot compute: buffers not initialized or shader missing
2025-09-29 15:51:55,869 - backend.engine.qualia_particle_engine - WARNING - Cannot compute: buffers not initialized or shader missing
2025-09-29 15:51:55,885 - backend.engine.qualia_particle_engine - WARNING - Cannot compute: buffers not initialized or shader missing
2025-09-29 15:51:55,901 - backend.engine.qualia_particle_engine - WARNING - Cannot compute: buffers not initialized or shader missing
2025-09-29 15:51:55,917 - backend.engine.qualia_particle_engine - WARNING - Cannot compute: buffers not initialized or shader missing
2025-09-29 15:51:55,934 - backend.engine.qualia_particle_engine - WARNING - Cannot compute: buffers not initialized or shader missing
2025-09-29 15:51:55,950 - backend.engine.qualia_particle_engine - WARNING - Cannot compute: buffers not initialized or shader missing
2025-09-29 15:51:55,966 - backend.engine.qualia_particle_engine - WARNING - Cannot compute: buffers not initialized or shader missing
2025-09-29 15:51:55,983 - backend.engine.qualia_particle_engine - WARNING - Cannot compute: buffers not initialized or shader missing
2025-09-29 15:51:55,999 - backend.engine.qualia_particle_engine - WARNING - Cannot compute: buffers not initialized or shader missing
2025-09-29 15:51:56,016 - backend.engine.qualia_particle_engine - WARNING - Cannot compute: buffers not initialized or shader missing
2025-09-29 15:51:56,032 - backend.engine.qualia_particle_engine - WARNING - Cannot compute: buffers not initialized or shader missing
2025-09-29 15:51:56,049 - backend.engine.qualia_particle_engine - WARNING - Cannot compute: buffers not initialized or shader missing
2025-09-29 15:51:56,065 - backend.engine.qualia_particle_engine - WARNING - Cannot compute: buffers not initialized or shader missing
2025-09-29 15:51:56,081 - backend.engine.qualia_particle_engine - WARNING - Cannot compute: buffers not initialized or shader missing
2025-09-29 15:51:56,098 - backend.engine.qualia_particle_engine - WARNING - Cannot compute: buffers not initialized or shader missing
2025-09-29 15:51:56,115 - backend.engine.qualia_particle_engine - WARNING - Cannot compute: buffers not initialized or shader missing
2025-09-29 15:51:56,131 - backend.engine.qualia_particle_engine - WARNING - Cannot compute: buffers not initialized or shader missing
2025-09-29 15:51:56,147 - backend.engine.qualia_particle_engine - WARNING - Cannot compute: buffers not initialized or shader missing
2025-09-29 15:51:56,164 - backend.engine.qualia_particle_engine - WARNING - Cannot compute: buffers not initialized or shader missing
2025-09-29 15:51:56,180 - backend.engine.qualia_particle_engine - WARNING - Cannot compute: buffers not initialized or shader missing
2025-09-29 15:51:56,196 - backend.engine.qualia_particle_engine - WARNING - Cannot compute: buffers not initialized or shader missing
2025-09-29 15:51:56,212 - backend.engine.qualia_particle_engine - WARNING - Cannot compute: buffers not initialized or shader missing
2025-09-29 15:51:56,228 - backend.engine.qualia_particle_engine - WARNING - Cannot compute: buffers not initialized or shader missing
2025-09-29 15:51:56,244 - backend.engine.qualia_particle_engine - WARNING - Cannot compute: buffers not initialized or shader missing
2025-09-29 15:51:56,261 - backend.engine.qualia_particle_engine - WARNING - Cannot compute: buffers not initialized or shader missing
2025-09-29 15:51:56,277 - backend.engine.qualia_particle_engine - WARNING - Cannot compute: buffers not initialized or shader missing
2025-09-29 15:51:56,293 - backend.engine.qualia_particle_engine - WARNING - Cannot compute: buffers not initialized or shader missing
2025-09-29 15:51:56,310 - backend.engine.qualia_particle_engine - WARNING - Cannot compute: buffers not initialized or shader missing
2025-09-29 15:51:56,326 - backend.engine.qualia_particle_engine - WARNING - Cannot compute: buffers not initialized or shader missing
2025-09-29 15:51:56,343 - backend.engine.qualia_particle_engine - WARNING - Cannot compute: buffers not initialized or shader missing
2025-09-29 15:51:56,360 - backend.engine.qualia_particle_engine - WARNING - Cannot compute: buffers not initialized or shader missing
2025-09-29 15:51:56,376 - backend.engine.qualia_particle_engine - WARNING - Cannot compute: buffers not initialized or shader missing
2025-09-29 15:51:56,392 - backend.engine.qualia_particle_engine - WARNING - Cannot compute: buffers not initialized or shader missing
2025-09-29 15:51:56,409 - backend.engine.qualia_particle_engine - WARNING - Cannot compute: buffers not initialized or shader missing
2025-09-29 15:51:56,426 - backend.engine.qualia_particle_engine - WARNING - Cannot compute: buffers not initialized or shader missing
2025-09-29 15:51:56,443 - backend.engine.qualia_particle_engine - WARNING - Cannot compute: buffers not initialized or shader missing
2025-09-29 15:51:56,459 - backend.engine.qualia_particle_engine - WARNING - Cannot compute: buffers not initialized or shader missing
2025-09-29 15:51:56,475 - backend.engine.qualia_particle_engine - WARNING - Cannot compute: buffers not initialized or shader missing
2025-09-29 15:51:56,492 - backend.engine.qualia_particle_engine - WARNING - Cannot compute: buffers not initialized or shader missing
2025-09-29 15:51:56,508 - backend.engine.qualia_particle_engine - WARNING - Cannot compute: buffers not initialized or shader missing
2025-09-29 15:51:56,525 - backend.engine.qualia_particle_engine - WARNING - Cannot compute: buffers not initialized or shader missing
2025-09-29 15:51:56,541 - backend.engine.qualia_particle_engine - WARNING - Cannot compute: buffers not initialized or shader missing
2025-09-29 15:51:56,558 - backend.engine.qualia_particle_engine - WARNING - Cannot compute: buffers not initialized or shader missing
2025-09-29 15:51:56,574 - backend.engine.qualia_particle_engine - WARNING - Cannot compute: buffers not initialized or shader missing
2025-09-29 15:51:56,590 - backend.engine.qualia_particle_engine - WARNING - Cannot compute: buffers not initialized or shader missing
2025-09-29 15:51:56,607 - backend.engine.qualia_particle_engine - WARNING - Cannot compute: buffers not initialized or shader missing
2025-09-29 15:51:56,623 - backend.engine.qualia_particle_engine - WARNING - Cannot compute: buffers not initialized or shader missing
2025-09-29 15:51:56,640 - backend.engine.qualia_particle_engine - WARNING - Cannot compute: buffers not initialized or shader missing
2025-09-29 15:51:56,656 - backend.engine.qualia_particle_engine - WARNING - Cannot compute: buffers not initialized or shader missing
2025-09-29 15:51:56,672 - backend.engine.qualia_particle_engine - WARNING - Cannot compute: buffers not initialized or shader missing
2025-09-29 15:51:56,689 - backend.engine.qualia_particle_engine - WARNING - Cannot compute: buffers not initialized or shader missing
2025-09-29 15:51:56,705 - backend.engine.qualia_particle_engine - WARNING - Cannot compute: buffers not initialized or shader missing
2025-09-29 15:51:56,722 - backend.engine.qualia_particle_engine - WARNING - Cannot compute: buffers not initialized or shader missing
2025-09-29 15:51:56,738 - backend.engine.qualia_particle_engine - WARNING - Cannot compute: buffers not initialized or shader missing
2025-09-29 15:51:56,755 - backend.engine.qualia_particle_engine - WARNING - Cannot compute: buffers not initialized or shader missing
2025-09-29 15:51:56,771 - backend.engine.qualia_particle_engine - WARNING - Cannot compute: buffers not initialized or shader missing
2025-09-29 15:51:56,788 - backend.engine.qualia_particle_engine - WARNING - Cannot compute: buffers not initialized or shader missing
2025-09-29 15:51:56,804 - backend.engine.qualia_particle_engine - WARNING - Cannot compute: buffers not initialized or shader missing
2025-09-29 15:51:56,821 - backend.engine.qualia_particle_engine - WARNING - Cannot compute: buffers not initialized or shader missing
2025-09-29 15:51:56,837 - backend.engine.qualia_particle_engine - WARNING - Cannot compute: buffers not initialized or shader missing
2025-09-29 15:51:56,853 - backend.engine.qualia_particle_engine - WARNING - Cannot compute: buffers not initialized or shader missing
2025-09-29 15:51:56,869 - backend.engine.qualia_particle_engine - WARNING - Cannot compute: buffers not initialized or shader missing
2025-09-29 15:51:56,885 - backend.engine.qualia_particle_engine - WARNING - Cannot compute: buffers not initialized or shader missing
2025-09-29 15:51:56,901 - backend.engine.qualia_particle_engine - WARNING - Cannot compute: buffers not initialized or shader missing
2025-09-29 15:51:56,917 - backend.engine.qualia_particle_engine - WARNING - Cannot compute: buffers not initialized or shader missing
2025-09-29 15:51:56,934 - backend.engine.qualia_particle_engine - WARNING - Cannot compute: buffers not initialized or shader missing
2025-09-29 15:51:56,950 - backend.engine.qualia_particle_engine - WARNING - Cannot compute: buffers not initialized or shader missing
2025-09-29 15:51:56,967 - backend.engine.qualia_particle_engine - WARNING - Cannot compute: buffers not initialized or shader missing
2025-09-29 15:51:56,983 - backend.engine.qualia_particle_engine - WARNING - Cannot compute: buffers not initialized or shader missing
2025-09-29 15:51:57,000 - backend.engine.qualia_particle_engine - WARNING - Cannot compute: buffers not initialized or shader missing
2025-09-29 15:51:57,016 - backend.engine.qualia_particle_engine - WARNING - Cannot compute: buffers not initialized or shader missing
2025-09-29 15:51:57,032 - backend.engine.qualia_particle_engine - WARNING - Cannot compute: buffers not initialized or shader missing
2025-09-29 15:51:57,049 - backend.engine.qualia_particle_engine - WARNING - Cannot compute: buffers not initialized or shader missing
2025-09-29 15:51:57,065 - backend.engine.qualia_particle_engine - WARNING - Cannot compute: buffers not initialized or shader missing
2025-09-29 15:51:57,082 - backend.engine.qualia_particle_engine - WARNING - Cannot compute: buffers not initialized or shader missing
2025-09-29 15:51:57,098 - backend.engine.qualia_particle_engine - WARNING - Cannot compute: buffers not initialized or shader missing
2025-09-29 15:51:57,115 - backend.engine.qualia_particle_engine - WARNING - Cannot compute: buffers not initialized or shader missing
2025-09-29 15:51:57,131 - backend.engine.qualia_particle_engine - WARNING - Cannot compute: buffers not initialized or shader missing
2025-09-29 15:51:57,147 - backend.engine.qualia_particle_engine - WARNING - Cannot compute: buffers not initialized or shader missing
2025-09-29 15:51:57,163 - backend.engine.qualia_particle_engine - WARNING - Cannot compute: buffers not initialized or shader missing
2025-09-29 15:51:57,179 - backend.engine.qualia_particle_engine - WARNING - Cannot compute: buffers not initialized or shader missing
2025-09-29 15:51:57,195 - backend.engine.qualia_particle_engine - WARNING - Cannot compute: buffers not initialized or shader missing
2025-09-29 15:51:57,211 - backend.engine.qualia_particle_engine - WARNING - Cannot compute: buffers not initialized or shader missing
2025-09-29 15:51:57,227 - backend.engine.qualia_particle_engine - WARNING - Cannot compute: buffers not initialized or shader missing
2025-09-29 15:51:57,244 - backend.engine.qualia_particle_engine - WARNING - Cannot compute: buffers not initialized or shader missing
2025-09-29 15:51:57,260 - backend.engine.qualia_particle_engine - WARNING - Cannot compute: buffers not initialized or shader missing
2025-09-29 15:51:57,277 - backend.engine.qualia_particle_engine - WARNING - Cannot compute: buffers not initialized or shader missing
2025-09-29 15:51:57,293 - backend.engine.qualia_particle_engine - WARNING - Cannot compute: buffers not initialized or shader missing
2025-09-29 15:51:57,310 - backend.engine.qualia_particle_engine - WARNING - Cannot compute: buffers not initialized or shader missing
2025-09-29 15:51:57,326 - backend.engine.qualia_particle_engine - WARNING - Cannot compute: buffers not initialized or shader missing
2025-09-29 15:51:57,343 - backend.engine.qualia_particle_engine - WARNING - Cannot compute: buffers not initialized or shader missing
2025-09-29 15:51:57,359 - backend.engine.qualia_particle_engine - WARNING - Cannot compute: buffers not initialized or shader missing
2025-09-29 15:51:57,376 - backend.engine.qualia_particle_engine - WARNING - Cannot compute: buffers not initialized or shader missing
2025-09-29 15:51:57,392 - backend.engine.qualia_particle_engine - WARNING - Cannot compute: buffers not initialized or shader missing
2025-09-29 15:51:57,409 - backend.engine.qualia_particle_engine - WARNING - Cannot compute: buffers not initialized or shader missing
2025-09-29 15:51:57,425 - backend.engine.qualia_particle_engine - WARNING - Cannot compute: buffers not initialized or shader missing
2025-09-29 15:51:57,442 - backend.engine.qualia_particle_engine - WARNING - Cannot compute: buffers not initialized or shader missing
2025-09-29 15:51:57,458 - backend.engine.qualia_particle_engine - WARNING - Cannot compute: buffers not initialized or shader missing
2025-09-29 15:51:57,474 - backend.engine.qualia_particle_engine - WARNING - Cannot compute: buffers not initialized or shader missing
2025-09-29 15:51:57,491 - backend.engine.qualia_particle_engine - WARNING - Cannot compute: buffers not initialized or shader missing
2025-09-29 15:51:57,507 - backend.engine.qualia_particle_engine - WARNING - Cannot compute: buffers not initialized or shader missing
2025-09-29 15:51:57,524 - backend.engine.qualia_particle_engine - WARNING - Cannot compute: buffers not initialized or shader missing
2025-09-29 15:51:57,540 - backend.engine.qualia_particle_engine - WARNING - Cannot compute: buffers not initialized or shader missing
2025-09-29 15:51:57,557 - backend.engine.qualia_particle_engine - WARNING - Cannot compute: buffers not initialized or shader missing
2025-09-29 15:51:57,573 - backend.engine.qualia_particle_engine - WARNING - Cannot compute: buffers not initialized or shader missing
2025-09-29 15:51:57,590 - backend.engine.qualia_particle_engine - WARNING - Cannot compute: buffers not initialized or shader missing
2025-09-29 15:51:57,606 - backend.engine.qualia_particle_engine - WARNING - Cannot compute: buffers not initialized or shader missing
2025-09-29 15:51:57,623 - backend.engine.qualia_particle_engine - WARNING - Cannot compute: buffers not initialized or shader missing
2025-09-29 15:51:57,639 - backend.engine.qualia_particle_engine - WARNING - Cannot compute: buffers not initialized or shader missing
2025-09-29 15:51:57,656 - backend.engine.qualia_particle_engine - WARNING - Cannot compute: buffers not initialized or shader missing
2025-09-29 15:51:57,672 - backend.engine.qualia_particle_engine - WARNING - Cannot compute: buffers not initialized or shader missing
2025-09-29 15:51:57,689 - backend.engine.qualia_particle_engine - WARNING - Cannot compute: buffers not initialized or shader missing
2025-09-29 15:51:57,705 - backend.engine.qualia_particle_engine - WARNING - Cannot compute: buffers not initialized or shader missing
2025-09-29 15:51:57,722 - backend.engine.qualia_particle_engine - WARNING - Cannot compute: buffers not initialized or shader missing
2025-09-29 15:51:57,738 - backend.engine.qualia_particle_engine - WARNING - Cannot compute: buffers not initialized or shader missing
2025-09-29 15:51:57,755 - backend.engine.qualia_particle_engine - WARNING - Cannot compute: buffers not initialized or shader missing
2025-09-29 15:51:57,771 - backend.engine.qualia_particle_engine - WARNING - Cannot compute: buffers not initialized or shader missing
2025-09-29 15:51:57,788 - backend.engine.qualia_particle_engine - WARNING - Cannot compute: buffers not initialized or shader missing
2025-09-29 15:51:57,804 - backend.engine.qualia_particle_engine - WARNING - Cannot compute: buffers not initialized or shader missing
2025-09-29 15:51:57,821 - backend.engine.qualia_particle_engine - WARNING - Cannot compute: buffers not initialized or shader missing
2025-09-29 15:51:57,837 - backend.engine.qualia_particle_engine - WARNING - Cannot compute: buffers not initialized or shader missing
2025-09-29 15:51:57,854 - backend.engine.qualia_particle_engine - WARNING - Cannot compute: buffers not initialized or shader missing
2025-09-29 15:51:57,870 - backend.engine.qualia_particle_engine - WARNING - Cannot compute: buffers not initialized or shader missing
2025-09-29 15:51:57,887 - backend.engine.qualia_particle_engine - WARNING - Cannot compute: buffers not initialized or shader missing
2025-09-29 15:51:57,903 - backend.engine.qualia_particle_engine - WARNING - Cannot compute: buffers not initialized or shader missing
2025-09-29 15:51:57,920 - backend.engine.qualia_particle_engine - WARNING - Cannot compute: buffers not initialized or shader missing
2025-09-29 15:51:57,936 - backend.engine.qualia_particle_engine - WARNING - Cannot compute: buffers not initialized or shader missing
2025-09-29 15:51:57,953 - backend.engine.qualia_particle_engine - WARNING - Cannot compute: buffers not initialized or shader missing
2025-09-29 15:51:57,969 - backend.engine.qualia_particle_engine - WARNING - Cannot compute: buffers not initialized or shader missing
2025-09-29 15:51:57,985 - backend.engine.qualia_particle_engine - WARNING - Cannot compute: buffers not initialized or shader missing
2025-09-29 15:51:58,002 - backend.engine.qualia_particle_engine - WARNING - Cannot compute: buffers not initialized or shader missing
2025-09-29 15:51:58,019 - backend.engine.qualia_particle_engine - WARNING - Cannot compute: buffers not initialized or shader missing
2025-09-29 15:51:58,035 - backend.engine.qualia_particle_engine - WARNING - Cannot compute: buffers not initialized or shader missing
2025-09-29 15:51:58,052 - backend.engine.qualia_particle_engine - WARNING - Cannot compute: buffers not initialized or shader missing
2025-09-29 15:51:58,068 - backend.engine.qualia_particle_engine - WARNING - Cannot compute: buffers not initialized or shader missing
2025-09-29 15:51:58,084 - backend.engine.qualia_particle_engine - WARNING - Cannot compute: buffers not initialized or shader missing
2025-09-29 15:51:58,101 - backend.engine.qualia_particle_engine - WARNING - Cannot compute: buffers not initialized or shader missing
2025-09-29 15:51:58,118 - backend.engine.qualia_particle_engine - WARNING - Cannot compute: buffers not initialized or shader missing
2025-09-29 15:51:58,134 - backend.engine.qualia_particle_engine - WARNING - Cannot compute: buffers not initialized or shader missing
2025-09-29 15:51:58,151 - backend.engine.qualia_particle_engine - WARNING - Cannot compute: buffers not initialized or shader missing
2025-09-29 15:51:58,167 - backend.engine.qualia_particle_engine - WARNING - Cannot compute: buffers not initialized or shader missing
2025-09-29 15:51:58,183 - backend.engine.qualia_particle_engine - WARNING - Cannot compute: buffers not initialized or shader missing
2025-09-29 15:51:58,200 - backend.engine.qualia_particle_engine - WARNING - Cannot compute: buffers not initialized or shader missing
2025-09-29 15:51:58,217 - backend.engine.qualia_particle_engine - WARNING - Cannot compute: buffers not initialized or shader missing
2025-09-29 15:51:58,233 - backend.engine.qualia_particle_engine - WARNING - Cannot compute: buffers not initialized or shader missing
2025-09-29 15:51:58,250 - backend.engine.qualia_particle_engine - WARNING - Cannot compute: buffers not initialized or shader missing
2025-09-29 15:51:58,266 - backend.engine.qualia_particle_engine - WARNING - Cannot compute: buffers not initialized or shader missing
2025-09-29 15:51:58,282 - backend.engine.qualia_particle_engine - WARNING - Cannot compute: buffers not initialized or shader missing
2025-09-29 15:51:58,299 - backend.engine.qualia_particle_engine - WARNING - Cannot compute: buffers not initialized or shader missing
2025-09-29 15:51:58,316 - backend.engine.qualia_particle_engine - WARNING - Cannot compute: buffers not initialized or shader missing
2025-09-29 15:51:58,332 - backend.engine.qualia_particle_engine - WARNING - Cannot compute: buffers not initialized or shader missing
2025-09-29 15:51:58,348 - backend.engine.qualia_particle_engine - WARNING - Cannot compute: buffers not initialized or shader missing
2025-09-29 15:51:58,365 - backend.engine.qualia_particle_engine - WARNING - Cannot compute: buffers not initialized or shader missing
2025-09-29 15:51:58,381 - backend.engine.qualia_particle_engine - WARNING - Cannot compute: buffers not initialized or shader missing
2025-09-29 15:51:58,398 - backend.engine.qualia_particle_engine - WARNING - Cannot compute: buffers not initialized or shader missing
2025-09-29 15:51:58,414 - backend.engine.qualia_particle_engine - WARNING - Cannot compute: buffers not initialized or shader missing
2025-09-29 15:51:58,431 - backend.engine.qualia_particle_engine - WARNING - Cannot compute: buffers not initialized or shader missing
2025-09-29 15:51:58,447 - backend.engine.qualia_particle_engine - WARNING - Cannot compute: buffers not initialized or shader missing
2025-09-29 15:51:58,463 - backend.engine.qualia_particle_engine - WARNING - Cannot compute: buffers not initialized or shader missing
2025-09-29 15:51:58,479 - backend.engine.qualia_particle_engine - WARNING - Cannot compute: buffers not initialized or shader missing
2025-09-29 15:51:58,496 - backend.engine.qualia_particle_engine - WARNING - Cannot compute: buffers not initialized or shader missing
2025-09-29 15:51:58,512 - backend.engine.qualia_particle_engine - WARNING - Cannot compute: buffers not initialized or shader missing
2025-09-29 15:51:58,529 - backend.engine.qualia_particle_engine - WARNING - Cannot compute: buffers not initialized or shader missing
2025-09-29 15:51:58,545 - backend.engine.qualia_particle_engine - WARNING - Cannot compute: buffers not initialized or shader missing
2025-09-29 15:51:58,561 - backend.engine.qualia_particle_engine - WARNING - Cannot compute: buffers not initialized or shader missing
2025-09-29 15:51:58,578 - backend.engine.qualia_particle_engine - WARNING - Cannot compute: buffers not initialized or shader missing
2025-09-29 15:51:58,595 - backend.engine.qualia_particle_engine - WARNING - Cannot compute: buffers not initialized or shader missing
2025-09-29 15:51:58,611 - backend.engine.qualia_particle_engine - WARNING - Cannot compute: buffers not initialized or shader missing
2025-09-29 15:51:58,627 - backend.engine.qualia_particle_engine - WARNING - Cannot compute: buffers not initialized or shader missing
2025-09-29 15:51:58,644 - backend.engine.qualia_particle_engine - WARNING - Cannot compute: buffers not initialized or shader missing
2025-09-29 15:51:58,660 - backend.engine.qualia_particle_engine - WARNING - Cannot compute: buffers not initialized or shader missing
2025-09-29 15:51:58,677 - backend.engine.qualia_particle_engine - WARNING - Cannot compute: buffers not initialized or shader missing
2025-09-29 15:51:58,694 - backend.engine.qualia_particle_engine - WARNING - Cannot compute: buffers not initialized or shader missing
2025-09-29 15:51:58,710 - backend.engine.qualia_particle_engine - WARNING - Cannot compute: buffers not initialized or shader missing
2025-09-29 15:51:58,726 - backend.engine.qualia_particle_engine - WARNING - Cannot compute: buffers not initialized or shader missing
2025-09-29 15:51:58,743 - backend.engine.qualia_particle_engine - WARNING - Cannot compute: buffers not initialized or shader missing
2025-09-29 15:51:58,759 - backend.engine.qualia_particle_engine - WARNING - Cannot compute: buffers not initialized or shader missing
2025-09-29 15:51:58,776 - backend.engine.qualia_particle_engine - WARNING - Cannot compute: buffers not initialized or shader missing
2025-09-29 15:51:58,792 - backend.engine.qualia_particle_engine - WARNING - Cannot compute: buffers not initialized or shader missing
2025-09-29 15:51:58,809 - backend.engine.qualia_particle_engine - WARNING - Cannot compute: buffers not initialized or shader missing
2025-09-29 15:51:58,825 - backend.engine.qualia_particle_engine - WARNING - Cannot compute: buffers not initialized or shader missing
2025-09-29 15:51:58,842 - backend.engine.qualia_particle_engine - WARNING - Cannot compute: buffers not initialized or shader missing
2025-09-29 15:51:58,858 - backend.engine.qualia_particle_engine - WARNING - Cannot compute: buffers not initialized or shader missing
2025-09-29 15:51:58,875 - backend.engine.qualia_particle_engine - WARNING - Cannot compute: buffers not initialized or shader missing
2025-09-29 15:51:58,891 - backend.engine.qualia_particle_engine - WARNING - Cannot compute: buffers not initialized or shader missing
2025-09-29 15:51:58,908 - backend.engine.qualia_particle_engine - WARNING - Cannot compute: buffers not initialized or shader missing
2025-09-29 15:51:58,924 - backend.engine.qualia_particle_engine - WARNING - Cannot compute: buffers not initialized or shader missing
2025-09-29 15:51:58,941 - backend.engine.qualia_particle_engine - WARNING - Cannot compute: buffers not initialized or shader missing
2025-09-29 15:51:58,957 - backend.engine.qualia_particle_engine - WARNING - Cannot compute: buffers not initialized or shader missing
2025-09-29 15:51:58,973 - backend.engine.qualia_particle_engine - WARNING - Cannot compute: buffers not initialized or shader missing
2025-09-29 15:51:58,990 - backend.engine.qualia_particle_engine - WARNING - Cannot compute: buffers not initialized or shader missing
2025-09-29 15:51:59,006 - backend.engine.qualia_particle_engine - WARNING - Cannot compute: buffers not initialized or shader missing
2025-09-29 15:51:59,023 - backend.engine.qualia_particle_engine - WARNING - Cannot compute: buffers not initialized or shader missing
2025-09-29 15:51:59,039 - backend.engine.qualia_particle_engine - WARNING - Cannot compute: buffers not initialized or shader missing
2025-09-29 15:51:59,056 - backend.engine.qualia_particle_engine - WARNING - Cannot compute: buffers not initialized or shader missing
2025-09-29 15:51:59,072 - backend.engine.qualia_particle_engine - WARNING - Cannot compute: buffers not initialized or shader missing
2025-09-29 15:51:59,089 - backend.engine.qualia_particle_engine - WARNING - Cannot compute: buffers not initialized or shader missing
2025-09-29 15:51:59,105 - backend.engine.qualia_particle_engine - WARNING - Cannot compute: buffers not initialized or shader missing
2025-09-29 15:51:59,122 - backend.engine.qualia_particle_engine - WARNING - Cannot compute: buffers not initialized or shader missing
2025-09-29 15:51:59,138 - backend.engine.qualia_particle_engine - WARNING - Cannot compute: buffers not initialized or shader missing
2025-09-29 15:51:59,155 - backend.engine.qualia_particle_engine - WARNING - Cannot compute: buffers not initialized or shader missing
2025-09-29 15:51:59,171 - backend.engine.qualia_particle_engine - WARNING - Cannot compute: buffers not initialized or shader missing
2025-09-29 15:51:59,188 - backend.engine.qualia_particle_engine - WARNING - Cannot compute: buffers not initialized or shader missing
2025-09-29 15:51:59,204 - backend.engine.qualia_particle_engine - WARNING - Cannot compute: buffers not initialized or shader missing
2025-09-29 15:51:59,221 - backend.engine.qualia_particle_engine - WARNING - Cannot compute: buffers not initialized or shader missing
2025-09-29 15:51:59,237 - backend.engine.qualia_particle_engine - WARNING - Cannot compute: buffers not initialized or shader missing
2025-09-29 15:51:59,254 - backend.engine.qualia_particle_engine - WARNING - Cannot compute: buffers not initialized or shader missing
2025-09-29 15:51:59,270 - backend.engine.qualia_particle_engine - WARNING - Cannot compute: buffers not initialized or shader missing
2025-09-29 15:51:59,287 - backend.engine.qualia_particle_engine - WARNING - Cannot compute: buffers not initialized or shader missing
2025-09-29 15:51:59,303 - backend.engine.qualia_particle_engine - WARNING - Cannot compute: buffers not initialized or shader missing
2025-09-29 15:51:59,320 - backend.engine.qualia_particle_engine - WARNING - Cannot compute: buffers not initialized or shader missing
2025-09-29 15:51:59,336 - backend.engine.qualia_particle_engine - WARNING - Cannot compute: buffers not initialized or shader missing
2025-09-29 15:51:59,352 - backend.engine.qualia_particle_engine - WARNING - Cannot compute: buffers not initialized or shader missing
2025-09-29 15:51:59,369 - backend.engine.qualia_particle_engine - WARNING - Cannot compute: buffers not initialized or shader missing
2025-09-29 15:51:59,385 - backend.engine.qualia_particle_engine - WARNING - Cannot compute: buffers not initialized or shader missing
2025-09-29 15:51:59,402 - backend.engine.qualia_particle_engine - WARNING - Cannot compute: buffers not initialized or shader missing
2025-09-29 15:51:59,418 - backend.engine.qualia_particle_engine - WARNING - Cannot compute: buffers not initialized or shader missing
2025-09-29 15:51:59,435 - backend.engine.qualia_particle_engine - WARNING - Cannot compute: buffers not initialized or shader missing
2025-09-29 15:51:59,451 - backend.engine.qualia_particle_engine - WARNING - Cannot compute: buffers not initialized or shader missing
2025-09-29 15:51:59,468 - backend.engine.qualia_particle_engine - WARNING - Cannot compute: buffers not initialized or shader missing
2025-09-29 15:51:59,484 - backend.engine.qualia_particle_engine - WARNING - Cannot compute: buffers not initialized or shader missing
2025-09-29 15:51:59,500 - backend.engine.qualia_particle_engine - WARNING - Cannot compute: buffers not initialized or shader missing
2025-09-29 15:51:59,516 - backend.engine.qualia_particle_engine - WARNING - Cannot compute: buffers not initialized or shader missing
2025-09-29 15:51:59,533 - backend.engine.qualia_particle_engine - WARNING - Cannot compute: buffers not initialized or shader missing
2025-09-29 15:51:59,549 - backend.engine.qualia_particle_engine - WARNING - Cannot compute: buffers not initialized or shader missing
2025-09-29 15:51:59,566 - backend.engine.qualia_particle_engine - WARNING - Cannot compute: buffers not initialized or shader missing
2025-09-29 15:51:59,582 - backend.engine.qualia_particle_engine - WARNING - Cannot compute: buffers not initialized or shader missing
2025-09-29 15:51:59,599 - backend.engine.qualia_particle_engine - WARNING - Cannot compute: buffers not initialized or shader missing
2025-09-29 15:51:59,615 - backend.engine.qualia_particle_engine - WARNING - Cannot compute: buffers not initialized or shader missing
2025-09-29 15:51:59,631 - backend.engine.qualia_particle_engine - WARNING - Cannot compute: buffers not initialized or shader missing
2025-09-29 15:51:59,648 - backend.engine.qualia_particle_engine - WARNING - Cannot compute: buffers not initialized or shader missing
2025-09-29 15:51:59,664 - backend.engine.qualia_particle_engine - WARNING - Cannot compute: buffers not initialized or shader missing
2025-09-29 15:51:59,681 - backend.engine.qualia_particle_engine - WARNING - Cannot compute: buffers not initialized or shader missing
2025-09-29 15:51:59,697 - backend.engine.qualia_particle_engine - WARNING - Cannot compute: buffers not initialized or shader missing
2025-09-29 15:51:59,713 - backend.engine.qualia_particle_engine - WARNING - Cannot compute: buffers not initialized or shader missing
2025-09-29 15:51:59,729 - backend.engine.qualia_particle_engine - WARNING - Cannot compute: buffers not initialized or shader missing
2025-09-29 15:51:59,746 - backend.engine.qualia_particle_engine - WARNING - Cannot compute: buffers not initialized or shader missing
2025-09-29 15:51:59,762 - backend.engine.qualia_particle_engine - WARNING - Cannot compute: buffers not initialized or shader missing
2025-09-29 15:51:59,778 - backend.engine.qualia_particle_engine - WARNING - Cannot compute: buffers not initialized or shader missing
2025-09-29 15:51:59,795 - backend.engine.qualia_particle_engine - WARNING - Cannot compute: buffers not initialized or shader missing
2025-09-29 15:51:59,812 - backend.engine.qualia_particle_engine - WARNING - Cannot compute: buffers not initialized or shader missing
2025-09-29 15:51:59,828 - backend.engine.qualia_particle_engine - WARNING - Cannot compute: buffers not initialized or shader missing
2025-09-29 15:51:59,844 - backend.engine.qualia_particle_engine - WARNING - Cannot compute: buffers not initialized or shader missing
2025-09-29 15:51:59,861 - backend.engine.qualia_particle_engine - WARNING - Cannot compute: buffers not initialized or shader missing
2025-09-29 15:51:59,877 - backend.engine.qualia_particle_engine - WARNING - Cannot compute: buffers not initialized or shader missing
2025-09-29 15:51:59,893 - backend.engine.qualia_particle_engine - WARNING - Cannot compute: buffers not initialized or shader missing
2025-09-29 15:51:59,909 - backend.engine.qualia_particle_engine - WARNING - Cannot compute: buffers not initialized or shader missing
2025-09-29 15:51:59,926 - backend.engine.qualia_particle_engine - WARNING - Cannot compute: buffers not initialized or shader missing
2025-09-29 15:51:59,942 - backend.engine.qualia_particle_engine - WARNING - Cannot compute: buffers not initialized or shader missing
2025-09-29 15:51:59,959 - backend.engine.qualia_particle_engine - WARNING - Cannot compute: buffers not initialized or shader missing
2025-09-29 15:51:59,975 - backend.engine.qualia_particle_engine - WARNING - Cannot compute: buffers not initialized or shader missing
2025-09-29 15:51:59,992 - backend.engine.qualia_particle_engine - WARNING - Cannot compute: buffers not initialized or shader missing
2025-09-29 15:52:00,008 - backend.engine.qualia_particle_engine - WARNING - Cannot compute: buffers not initialized or shader missing
2025-09-29 15:52:00,025 - backend.engine.qualia_particle_engine - WARNING - Cannot compute: buffers not initialized or shader missing
2025-09-29 15:52:00,041 - backend.engine.qualia_particle_engine - WARNING - Cannot compute: buffers not initialized or shader missing
2025-09-29 15:52:00,058 - backend.engine.qualia_particle_engine - WARNING - Cannot compute: buffers not initialized or shader missing
2025-09-29 15:52:00,075 - backend.engine.qualia_particle_engine - WARNING - Cannot compute: buffers not initialized or shader missing
2025-09-29 15:52:00,092 - backend.engine.qualia_particle_engine - WARNING - Cannot compute: buffers not initialized or shader missing
2025-09-29 15:52:00,109 - backend.engine.qualia_particle_engine - WARNING - Cannot compute: buffers not initialized or shader missing
2025-09-29 15:52:00,125 - backend.engine.qualia_particle_engine - WARNING - Cannot compute: buffers not initialized or shader missing
2025-09-29 15:52:00,141 - backend.engine.qualia_particle_engine - WARNING - Cannot compute: buffers not initialized or shader missing
2025-09-29 15:52:00,158 - backend.engine.qualia_particle_engine - WARNING - Cannot compute: buffers not initialized or shader missing
2025-09-29 15:52:00,174 - backend.engine.qualia_particle_engine - WARNING - Cannot compute: buffers not initialized or shader missing
2025-09-29 15:52:00,191 - backend.engine.qualia_particle_engine - WARNING - Cannot compute: buffers not initialized or shader missing
2025-09-29 15:52:00,207 - backend.engine.qualia_particle_engine - WARNING - Cannot compute: buffers not initialized or shader missing
2025-09-29 15:52:00,224 - backend.engine.qualia_particle_engine - WARNING - Cannot compute: buffers not initialized or shader missing
2025-09-29 15:52:00,240 - backend.engine.qualia_particle_engine - WARNING - Cannot compute: buffers not initialized or shader missing
2025-09-29 15:52:00,257 - backend.engine.qualia_particle_engine - WARNING - Cannot compute: buffers not initialized or shader missing
2025-09-29 15:52:00,273 - backend.engine.qualia_particle_engine - WARNING - Cannot compute: buffers not initialized or shader missing
2025-09-29 15:52:00,289 - backend.engine.qualia_particle_engine - WARNING - Cannot compute: buffers not initialized or shader missing
2025-09-29 15:52:00,305 - backend.engine.qualia_particle_engine - WARNING - Cannot compute: buffers not initialized or shader missing
2025-09-29 15:52:00,322 - backend.engine.qualia_particle_engine - WARNING - Cannot compute: buffers not initialized or shader missing
2025-09-29 15:52:00,338 - backend.engine.qualia_particle_engine - WARNING - Cannot compute: buffers not initialized or shader missing
2025-09-29 15:52:00,355 - backend.engine.qualia_particle_engine - WARNING - Cannot compute: buffers not initialized or shader missing
2025-09-29 15:52:00,371 - backend.engine.qualia_particle_engine - WARNING - Cannot compute: buffers not initialized or shader missing
2025-09-29 15:52:00,388 - backend.engine.qualia_particle_engine - WARNING - Cannot compute: buffers not initialized or shader missing
2025-09-29 15:52:00,404 - backend.engine.qualia_particle_engine - WARNING - Cannot compute: buffers not initialized or shader missing
2025-09-29 15:52:00,421 - backend.engine.qualia_particle_engine - WARNING - Cannot compute: buffers not initialized or shader missing
2025-09-29 15:52:00,437 - backend.engine.qualia_particle_engine - WARNING - Cannot compute: buffers not initialized or shader missing
2025-09-29 15:52:00,454 - backend.engine.qualia_particle_engine - WARNING - Cannot compute: buffers not initialized or shader missing
2025-09-29 15:52:00,470 - backend.engine.qualia_particle_engine - WARNING - Cannot compute: buffers not initialized or shader missing
2025-09-29 15:52:00,486 - backend.engine.qualia_particle_engine - WARNING - Cannot compute: buffers not initialized or shader missing
2025-09-29 15:52:00,503 - backend.engine.qualia_particle_engine - WARNING - Cannot compute: buffers not initialized or shader missing
2025-09-29 15:52:00,520 - backend.engine.qualia_particle_engine - WARNING - Cannot compute: buffers not initialized or shader missing
2025-09-29 15:52:00,536 - backend.engine.qualia_particle_engine - WARNING - Cannot compute: buffers not initialized or shader missing
2025-09-29 15:52:00,552 - backend.engine.qualia_particle_engine - WARNING - Cannot compute: buffers not initialized or shader missing
2025-09-29 15:52:00,569 - backend.engine.qualia_particle_engine - WARNING - Cannot compute: buffers not initialized or shader missing
2025-09-29 15:52:00,585 - backend.engine.qualia_particle_engine - WARNING - Cannot compute: buffers not initialized or shader missing
2025-09-29 15:52:00,601 - backend.engine.qualia_particle_engine - WARNING - Cannot compute: buffers not initialized or shader missing
2025-09-29 15:52:00,617 - backend.engine.qualia_particle_engine - WARNING - Cannot compute: buffers not initialized or shader missing
2025-09-29 15:52:00,634 - backend.engine.qualia_particle_engine - WARNING - Cannot compute: buffers not initialized or shader missing
2025-09-29 15:52:00,650 - backend.engine.qualia_particle_engine - WARNING - Cannot compute: buffers not initialized or shader missing
2025-09-29 15:52:00,667 - backend.engine.qualia_particle_engine - WARNING - Cannot compute: buffers not initialized or shader missing
2025-09-29 15:52:00,683 - backend.engine.qualia_particle_engine - WARNING - Cannot compute: buffers not initialized or shader missing
2025-09-29 15:52:00,699 - backend.engine.qualia_particle_engine - WARNING - Cannot compute: buffers not initialized or shader missing
2025-09-29 15:52:00,715 - backend.engine.qualia_particle_engine - WARNING - Cannot compute: buffers not initialized or shader missing
2025-09-29 15:52:00,732 - backend.engine.qualia_particle_engine - WARNING - Cannot compute: buffers not initialized or shader missing
2025-09-29 15:52:00,748 - backend.engine.qualia_particle_engine - WARNING - Cannot compute: buffers not initialized or shader missing
2025-09-29 15:52:00,765 - backend.engine.qualia_particle_engine - WARNING - Cannot compute: buffers not initialized or shader missing
2025-09-29 15:52:00,781 - backend.engine.qualia_particle_engine - WARNING - Cannot compute: buffers not initialized or shader missing
2025-09-29 15:52:00,798 - backend.engine.qualia_particle_engine - WARNING - Cannot compute: buffers not initialized or shader missing
2025-09-29 15:52:00,814 - backend.engine.qualia_particle_engine - WARNING - Cannot compute: buffers not initialized or shader missing
2025-09-29 15:52:00,831 - backend.engine.qualia_particle_engine - WARNING - Cannot compute: buffers not initialized or shader missing
2025-09-29 15:52:00,847 - backend.engine.qualia_particle_engine - WARNING - Cannot compute: buffers not initialized or shader missing
2025-09-29 15:52:00,864 - backend.engine.qualia_particle_engine - WARNING - Cannot compute: buffers not initialized or shader missing
2025-09-29 15:52:00,880 - backend.engine.qualia_particle_engine - WARNING - Cannot compute: buffers not initialized or shader missing
2025-09-29 15:52:00,897 - backend.engine.qualia_particle_engine - WARNING - Cannot compute: buffers not initialized or shader missing
2025-09-29 15:52:00,913 - backend.engine.qualia_particle_engine - WARNING - Cannot compute: buffers not initialized or shader missing
2025-09-29 15:52:00,929 - backend.engine.qualia_particle_engine - WARNING - Cannot compute: buffers not initialized or shader missing
2025-09-29 15:52:00,946 - backend.engine.qualia_particle_engine - WARNING - Cannot compute: buffers not initialized or shader missing
2025-09-29 15:52:00,962 - backend.engine.qualia_particle_engine - WARNING - Cannot compute: buffers not initialized or shader missing
2025-09-29 15:52:00,979 - backend.engine.qualia_particle_engine - WARNING - Cannot compute: buffers not initialized or shader missing
2025-09-29 15:52:00,995 - backend.engine.qualia_particle_engine - WARNING - Cannot compute: buffers not initialized or shader missing
2025-09-29 15:52:01,012 - backend.engine.qualia_particle_engine - WARNING - Cannot compute: buffers not initialized or shader missing
2025-09-29 15:52:01,028 - backend.engine.qualia_particle_engine - WARNING - Cannot compute: buffers not initialized or shader missing
2025-09-29 15:52:01,044 - backend.engine.qualia_particle_engine - WARNING - Cannot compute: buffers not initialized or shader missing
2025-09-29 15:52:01,061 - backend.engine.qualia_particle_engine - WARNING - Cannot compute: buffers not initialized or shader missing
2025-09-29 15:52:01,077 - backend.engine.qualia_particle_engine - WARNING - Cannot compute: buffers not initialized or shader missing
2025-09-29 15:52:01,094 - backend.engine.qualia_particle_engine - WARNING - Cannot compute: buffers not initialized or shader missing
2025-09-29 15:52:01,110 - backend.engine.qualia_particle_engine - WARNING - Cannot compute: buffers not initialized or shader missing
2025-09-29 15:52:01,127 - backend.engine.qualia_particle_engine - WARNING - Cannot compute: buffers not initialized or shader missing
2025-09-29 15:52:01,143 - backend.engine.qualia_particle_engine - WARNING - Cannot compute: buffers not initialized or shader missing
2025-09-29 15:52:01,159 - backend.engine.qualia_particle_engine - WARNING - Cannot compute: buffers not initialized or shader missing
2025-09-29 15:52:01,176 - backend.engine.qualia_particle_engine - WARNING - Cannot compute: buffers not initialized or shader missing
2025-09-29 15:52:01,192 - backend.engine.qualia_particle_engine - WARNING - Cannot compute: buffers not initialized or shader missing
2025-09-29 15:52:01,208 - backend.engine.qualia_particle_engine - WARNING - Cannot compute: buffers not initialized or shader missing
2025-09-29 15:52:01,224 - backend.engine.qualia_particle_engine - WARNING - Cannot compute: buffers not initialized or shader missing
2025-09-29 15:52:01,241 - backend.engine.qualia_particle_engine - WARNING - Cannot compute: buffers not initialized or shader missing
2025-09-29 15:52:01,257 - backend.engine.qualia_particle_engine - WARNING - Cannot compute: buffers not initialized or shader missing
2025-09-29 15:52:01,273 - backend.engine.qualia_particle_engine - WARNING - Cannot compute: buffers not initialized or shader missing
2025-09-29 15:52:01,290 - backend.engine.qualia_particle_engine - WARNING - Cannot compute: buffers not initialized or shader missing
2025-09-29 15:52:01,306 - backend.engine.qualia_particle_engine - WARNING - Cannot compute: buffers not initialized or shader missing
2025-09-29 15:52:01,323 - backend.engine.qualia_particle_engine - WARNING - Cannot compute: buffers not initialized or shader missing
2025-09-29 15:52:01,339 - backend.engine.qualia_particle_engine - WARNING - Cannot compute: buffers not initialized or shader missing
2025-09-29 15:52:01,356 - backend.engine.qualia_particle_engine - WARNING - Cannot compute: buffers not initialized or shader missing
2025-09-29 15:52:01,372 - backend.engine.qualia_particle_engine - WARNING - Cannot compute: buffers not initialized or shader missing
2025-09-29 15:52:01,389 - backend.engine.qualia_particle_engine - WARNING - Cannot compute: buffers not initialized or shader missing
2025-09-29 15:52:01,406 - backend.engine.qualia_particle_engine - WARNING - Cannot compute: buffers not initialized or shader missing
2025-09-29 15:52:01,423 - backend.engine.qualia_particle_engine - WARNING - Cannot compute: buffers not initialized or shader missing
2025-09-29 15:52:01,439 - backend.engine.qualia_particle_engine - WARNING - Cannot compute: buffers not initialized or shader missing
2025-09-29 15:52:01,456 - backend.engine.qualia_particle_engine - WARNING - Cannot compute: buffers not initialized or shader missing
2025-09-29 15:52:01,472 - backend.engine.qualia_particle_engine - WARNING - Cannot compute: buffers not initialized or shader missing
2025-09-29 15:52:01,488 - backend.engine.qualia_particle_engine - WARNING - Cannot compute: buffers not initialized or shader missing
2025-09-29 15:52:01,505 - backend.engine.qualia_particle_engine - WARNING - Cannot compute: buffers not initialized or shader missing
2025-09-29 15:52:01,521 - backend.engine.qualia_particle_engine - WARNING - Cannot compute: buffers not initialized or shader missing
2025-09-29 15:52:01,538 - backend.engine.qualia_particle_engine - WARNING - Cannot compute: buffers not initialized or shader missing
2025-09-29 15:52:01,554 - backend.engine.qualia_particle_engine - WARNING - Cannot compute: buffers not initialized or shader missing
2025-09-29 15:52:01,570 - backend.engine.qualia_particle_engine - WARNING - Cannot compute: buffers not initialized or shader missing
2025-09-29 15:52:01,586 - backend.engine.qualia_particle_engine - WARNING - Cannot compute: buffers not initialized or shader missing
2025-09-29 15:52:01,602 - backend.engine.qualia_particle_engine - WARNING - Cannot compute: buffers not initialized or shader missing
2025-09-29 15:52:01,619 - backend.engine.qualia_particle_engine - WARNING - Cannot compute: buffers not initialized or shader missing
2025-09-29 15:52:01,636 - backend.engine.qualia_particle_engine - WARNING - Cannot compute: buffers not initialized or shader missing
2025-09-29 15:52:01,653 - backend.engine.qualia_particle_engine - WARNING - Cannot compute: buffers not initialized or shader missing
2025-09-29 15:52:01,671 - backend.engine.qualia_particle_engine - WARNING - Cannot compute: buffers not initialized or shader missing
2025-09-29 15:52:01,687 - backend.engine.qualia_particle_engine - WARNING - Cannot compute: buffers not initialized or shader missing
2025-09-29 15:52:01,704 - backend.engine.qualia_particle_engine - WARNING - Cannot compute: buffers not initialized or shader missing
2025-09-29 15:52:01,721 - backend.engine.qualia_particle_engine - WARNING - Cannot compute: buffers not initialized or shader missing
2025-09-29 15:52:01,738 - backend.engine.qualia_particle_engine - WARNING - Cannot compute: buffers not initialized or shader missing
2025-09-29 15:52:01,754 - backend.engine.qualia_particle_engine - WARNING - Cannot compute: buffers not initialized or shader missing
2025-09-29 15:52:01,772 - backend.engine.qualia_particle_engine - WARNING - Cannot compute: buffers not initialized or shader missing
2025-09-29 15:52:01,788 - backend.engine.qualia_particle_engine - WARNING - Cannot compute: buffers not initialized or shader missing
2025-09-29 15:52:01,805 - backend.engine.qualia_particle_engine - WARNING - Cannot compute: buffers not initialized or shader missing
2025-09-29 15:52:01,821 - backend.engine.qualia_particle_engine - WARNING - Cannot compute: buffers not initialized or shader missing
2025-09-29 15:52:01,838 - backend.engine.qualia_particle_engine - WARNING - Cannot compute: buffers not initialized or shader missing
2025-09-29 15:52:01,855 - backend.engine.qualia_particle_engine - WARNING - Cannot compute: buffers not initialized or shader missing
2025-09-29 15:52:01,871 - backend.engine.qualia_particle_engine - WARNING - Cannot compute: buffers not initialized or shader missing
2025-09-29 15:52:01,888 - backend.engine.qualia_particle_engine - WARNING - Cannot compute: buffers not initialized or shader missing
2025-09-29 15:52:01,904 - backend.engine.qualia_particle_engine - WARNING - Cannot compute: buffers not initialized or shader missing
2025-09-29 15:52:01,921 - backend.engine.qualia_particle_engine - WARNING - Cannot compute: buffers not initialized or shader missing
2025-09-29 15:52:01,937 - backend.engine.qualia_particle_engine - WARNING - Cannot compute: buffers not initialized or shader missing
2025-09-29 15:52:01,953 - backend.engine.qualia_particle_engine - WARNING - Cannot compute: buffers not initialized or shader missing
2025-09-29 15:52:01,970 - backend.engine.qualia_particle_engine - WARNING - Cannot compute: buffers not initialized or shader missing
2025-09-29 15:52:01,986 - backend.engine.qualia_particle_engine - WARNING - Cannot compute: buffers not initialized or shader missing
2025-09-29 15:52:02,002 - backend.engine.qualia_particle_engine - WARNING - Cannot compute: buffers not initialized or shader missing
2025-09-29 15:52:02,018 - backend.engine.qualia_particle_engine - WARNING - Cannot compute: buffers not initialized or shader missing
2025-09-29 15:52:02,035 - backend.engine.qualia_particle_engine - WARNING - Cannot compute: buffers not initialized or shader missing
2025-09-29 15:52:02,051 - backend.engine.qualia_particle_engine - WARNING - Cannot compute: buffers not initialized or shader missing
2025-09-29 15:52:02,067 - backend.engine.qualia_particle_engine - WARNING - Cannot compute: buffers not initialized or shader missing
2025-09-29 15:52:02,083 - backend.engine.qualia_particle_engine - WARNING - Cannot compute: buffers not initialized or shader missing
2025-09-29 15:52:02,099 - backend.engine.qualia_particle_engine - WARNING - Cannot compute: buffers not initialized or shader missing
2025-09-29 15:52:02,116 - backend.engine.qualia_particle_engine - WARNING - Cannot compute: buffers not initialized or shader missing
2025-09-29 15:52:02,132 - backend.engine.qualia_particle_engine - WARNING - Cannot compute: buffers not initialized or shader missing
2025-09-29 15:52:02,148 - backend.engine.qualia_particle_engine - WARNING - Cannot compute: buffers not initialized or shader missing
2025-09-29 15:52:02,165 - backend.engine.qualia_particle_engine - WARNING - Cannot compute: buffers not initialized or shader missing
2025-09-29 15:52:02,181 - backend.engine.qualia_particle_engine - WARNING - Cannot compute: buffers not initialized or shader missing
2025-09-29 15:52:02,198 - backend.engine.qualia_particle_engine - WARNING - Cannot compute: buffers not initialized or shader missing
2025-09-29 15:52:02,214 - backend.engine.qualia_particle_engine - WARNING - Cannot compute: buffers not initialized or shader missing
2025-09-29 15:52:02,230 - backend.engine.qualia_particle_engine - WARNING - Cannot compute: buffers not initialized or shader missing
2025-09-29 15:52:02,247 - backend.engine.qualia_particle_engine - WARNING - Cannot compute: buffers not initialized or shader missing
2025-09-29 15:52:02,263 - backend.engine.qualia_particle_engine - WARNING - Cannot compute: buffers not initialized or shader missing
2025-09-29 15:52:02,280 - backend.engine.qualia_particle_engine - WARNING - Cannot compute: buffers not initialized or shader missing
2025-09-29 15:52:02,296 - backend.engine.qualia_particle_engine - WARNING - Cannot compute: buffers not initialized or shader missing
2025-09-29 15:52:02,312 - backend.engine.qualia_particle_engine - WARNING - Cannot compute: buffers not initialized or shader missing
2025-09-29 15:52:02,329 - backend.engine.qualia_particle_engine - WARNING - Cannot compute: buffers not initialized or shader missing
2025-09-29 15:52:02,345 - backend.engine.qualia_particle_engine - WARNING - Cannot compute: buffers not initialized or shader missing
2025-09-29 15:52:02,362 - backend.engine.qualia_particle_engine - WARNING - Cannot compute: buffers not initialized or shader missing
2025-09-29 15:52:02,378 - backend.engine.qualia_particle_engine - WARNING - Cannot compute: buffers not initialized or shader missing
2025-09-29 15:52:02,395 - backend.engine.qualia_particle_engine - WARNING - Cannot compute: buffers not initialized or shader missing
2025-09-29 15:52:02,412 - backend.engine.qualia_particle_engine - WARNING - Cannot compute: buffers not initialized or shader missing
2025-09-29 15:52:02,428 - backend.engine.qualia_particle_engine - WARNING - Cannot compute: buffers not initialized or shader missing
2025-09-29 15:52:02,445 - backend.engine.qualia_particle_engine - WARNING - Cannot compute: buffers not initialized or shader missing
2025-09-29 15:52:02,461 - backend.engine.qualia_particle_engine - WARNING - Cannot compute: buffers not initialized or shader missing
2025-09-29 15:52:02,477 - backend.engine.qualia_particle_engine - WARNING - Cannot compute: buffers not initialized or shader missing
2025-09-29 15:52:02,494 - backend.engine.qualia_particle_engine - WARNING - Cannot compute: buffers not initialized or shader missing
2025-09-29 15:52:02,510 - backend.engine.qualia_particle_engine - WARNING - Cannot compute: buffers not initialized or shader missing
2025-09-29 15:52:02,527 - backend.engine.qualia_particle_engine - WARNING - Cannot compute: buffers not initialized or shader missing
2025-09-29 15:52:02,543 - backend.engine.qualia_particle_engine - WARNING - Cannot compute: buffers not initialized or shader missing
2025-09-29 15:52:02,559 - backend.engine.qualia_particle_engine - WARNING - Cannot compute: buffers not initialized or shader missing
2025-09-29 15:52:02,576 - backend.engine.qualia_particle_engine - WARNING - Cannot compute: buffers not initialized or shader missing
2025-09-29 15:52:02,592 - backend.engine.qualia_particle_engine - WARNING - Cannot compute: buffers not initialized or shader missing
2025-09-29 15:52:02,609 - backend.engine.qualia_particle_engine - WARNING - Cannot compute: buffers not initialized or shader missing
2025-09-29 15:52:02,625 - backend.engine.qualia_particle_engine - WARNING - Cannot compute: buffers not initialized or shader missing
2025-09-29 15:52:02,641 - backend.engine.qualia_particle_engine - WARNING - Cannot compute: buffers not initialized or shader missing
2025-09-29 15:52:02,658 - backend.engine.qualia_particle_engine - WARNING - Cannot compute: buffers not initialized or shader missing
2025-09-29 15:52:02,674 - backend.engine.qualia_particle_engine - WARNING - Cannot compute: buffers not initialized or shader missing
2025-09-29 15:52:02,691 - backend.engine.qualia_particle_engine - WARNING - Cannot compute: buffers not initialized or shader missing
2025-09-29 15:52:02,707 - backend.engine.qualia_particle_engine - WARNING - Cannot compute: buffers not initialized or shader missing
2025-09-29 15:52:02,724 - backend.engine.qualia_particle_engine - WARNING - Cannot compute: buffers not initialized or shader missing
2025-09-29 15:52:02,740 - backend.engine.qualia_particle_engine - WARNING - Cannot compute: buffers not initialized or shader missing
2025-09-29 15:52:02,757 - backend.engine.qualia_particle_engine - WARNING - Cannot compute: buffers not initialized or shader missing
2025-09-29 15:52:02,773 - backend.engine.qualia_particle_engine - WARNING - Cannot compute: buffers not initialized or shader missing
2025-09-29 15:52:02,790 - backend.engine.qualia_particle_engine - WARNING - Cannot compute: buffers not initialized or shader missing
2025-09-29 15:52:02,806 - backend.engine.qualia_particle_engine - WARNING - Cannot compute: buffers not initialized or shader missing
2025-09-29 15:52:02,823 - backend.engine.qualia_particle_engine - WARNING - Cannot compute: buffers not initialized or shader missing
2025-09-29 15:52:02,839 - backend.engine.qualia_particle_engine - WARNING - Cannot compute: buffers not initialized or shader missing
2025-09-29 15:52:02,855 - backend.engine.qualia_particle_engine - WARNING - Cannot compute: buffers not initialized or shader missing
2025-09-29 15:52:02,872 - backend.engine.qualia_particle_engine - WARNING - Cannot compute: buffers not initialized or shader missing
2025-09-29 15:52:02,888 - backend.engine.qualia_particle_engine - WARNING - Cannot compute: buffers not initialized or shader missing
2025-09-29 15:52:02,905 - backend.engine.qualia_particle_engine - WARNING - Cannot compute: buffers not initialized or shader missing
2025-09-29 15:52:02,921 - backend.engine.qualia_particle_engine - WARNING - Cannot compute: buffers not initialized or shader missing
2025-09-29 15:52:02,938 - backend.engine.qualia_particle_engine - WARNING - Cannot compute: buffers not initialized or shader missing
2025-09-29 15:52:02,954 - backend.engine.qualia_particle_engine - WARNING - Cannot compute: buffers not initialized or shader missing
2025-09-29 15:52:02,971 - backend.engine.qualia_particle_engine - WARNING - Cannot compute: buffers not initialized or shader missing
2025-09-29 15:52:02,987 - backend.engine.qualia_particle_engine - WARNING - Cannot compute: buffers not initialized or shader missing
2025-09-29 15:52:03,003 - backend.engine.qualia_particle_engine - WARNING - Cannot compute: buffers not initialized or shader missing
2025-09-29 15:52:03,019 - backend.engine.qualia_particle_engine - WARNING - Cannot compute: buffers not initialized or shader missing
2025-09-29 15:52:03,035 - backend.engine.qualia_particle_engine - WARNING - Cannot compute: buffers not initialized or shader missing
2025-09-29 15:52:03,051 - backend.engine.qualia_particle_engine - WARNING - Cannot compute: buffers not initialized or shader missing
2025-09-29 15:52:03,068 - backend.engine.qualia_particle_engine - WARNING - Cannot compute: buffers not initialized or shader missing
2025-09-29 15:52:03,084 - backend.engine.qualia_particle_engine - WARNING - Cannot compute: buffers not initialized or shader missing
2025-09-29 15:52:03,101 - backend.engine.qualia_particle_engine - WARNING - Cannot compute: buffers not initialized or shader missing
2025-09-29 15:52:03,117 - backend.engine.qualia_particle_engine - WARNING - Cannot compute: buffers not initialized or shader missing
2025-09-29 15:52:03,134 - backend.engine.qualia_particle_engine - WARNING - Cannot compute: buffers not initialized or shader missing
2025-09-29 15:52:03,150 - backend.engine.qualia_particle_engine - WARNING - Cannot compute: buffers not initialized or shader missing
2025-09-29 15:52:03,166 - backend.engine.qualia_particle_engine - WARNING - Cannot compute: buffers not initialized or shader missing
2025-09-29 15:52:03,183 - backend.engine.qualia_particle_engine - WARNING - Cannot compute: buffers not initialized or shader missing
2025-09-29 15:52:03,199 - backend.engine.qualia_particle_engine - WARNING - Cannot compute: buffers not initialized or shader missing
2025-09-29 15:52:03,216 - backend.engine.qualia_particle_engine - WARNING - Cannot compute: buffers not initialized or shader missing
2025-09-29 15:52:03,233 - backend.engine.qualia_particle_engine - WARNING - Cannot compute: buffers not initialized or shader missing
2025-09-29 15:52:03,249 - backend.engine.qualia_particle_engine - WARNING - Cannot compute: buffers not initialized or shader missing
2025-09-29 15:52:03,265 - backend.engine.qualia_particle_engine - WARNING - Cannot compute: buffers not initialized or shader missing
2025-09-29 15:52:03,282 - backend.engine.qualia_particle_engine - WARNING - Cannot compute: buffers not initialized or shader missing
2025-09-29 15:52:03,298 - backend.engine.qualia_particle_engine - WARNING - Cannot compute: buffers not initialized or shader missing
2025-09-29 15:52:03,315 - backend.engine.qualia_particle_engine - WARNING - Cannot compute: buffers not initialized or shader missing
2025-09-29 15:52:03,331 - backend.engine.qualia_particle_engine - WARNING - Cannot compute: buffers not initialized or shader missing
2025-09-29 15:52:03,348 - backend.engine.qualia_particle_engine - WARNING - Cannot compute: buffers not initialized or shader missing
2025-09-29 15:52:03,364 - backend.engine.qualia_particle_engine - WARNING - Cannot compute: buffers not initialized or shader missing
2025-09-29 15:52:03,381 - backend.engine.qualia_particle_engine - WARNING - Cannot compute: buffers not initialized or shader missing
2025-09-29 15:52:03,397 - backend.engine.qualia_particle_engine - WARNING - Cannot compute: buffers not initialized or shader missing
2025-09-29 15:52:03,413 - backend.engine.qualia_particle_engine - WARNING - Cannot compute: buffers not initialized or shader missing
2025-09-29 15:52:03,429 - backend.engine.qualia_particle_engine - WARNING - Cannot compute: buffers not initialized or shader missing
2025-09-29 15:52:03,446 - backend.engine.qualia_particle_engine - WARNING - Cannot compute: buffers not initialized or shader missing
2025-09-29 15:52:03,462 - backend.engine.qualia_particle_engine - WARNING - Cannot compute: buffers not initialized or shader missing
2025-09-29 15:52:03,479 - backend.engine.qualia_particle_engine - WARNING - Cannot compute: buffers not initialized or shader missing
2025-09-29 15:52:03,495 - backend.engine.qualia_particle_engine - WARNING - Cannot compute: buffers not initialized or shader missing
2025-09-29 15:52:03,512 - backend.engine.qualia_particle_engine - WARNING - Cannot compute: buffers not initialized or shader missing
2025-09-29 15:52:03,528 - backend.engine.qualia_particle_engine - WARNING - Cannot compute: buffers not initialized or shader missing
2025-09-29 15:52:03,545 - backend.engine.qualia_particle_engine - WARNING - Cannot compute: buffers not initialized or shader missing
2025-09-29 15:52:03,561 - backend.engine.qualia_particle_engine - WARNING - Cannot compute: buffers not initialized or shader missing
2025-09-29 15:52:03,577 - backend.engine.qualia_particle_engine - WARNING - Cannot compute: buffers not initialized or shader missing
2025-09-29 15:52:03,594 - backend.engine.qualia_particle_engine - WARNING - Cannot compute: buffers not initialized or shader missing
2025-09-29 15:52:03,611 - backend.engine.qualia_particle_engine - WARNING - Cannot compute: buffers not initialized or shader missing
2025-09-29 15:52:03,627 - backend.engine.qualia_particle_engine - WARNING - Cannot compute: buffers not initialized or shader missing
2025-09-29 15:52:03,643 - backend.engine.qualia_particle_engine - WARNING - Cannot compute: buffers not initialized or shader missing
2025-09-29 15:52:03,660 - backend.engine.qualia_particle_engine - WARNING - Cannot compute: buffers not initialized or shader missing
2025-09-29 15:52:03,676 - backend.engine.qualia_particle_engine - WARNING - Cannot compute: buffers not initialized or shader missing
2025-09-29 15:52:03,693 - backend.engine.qualia_particle_engine - WARNING - Cannot compute: buffers not initialized or shader missing
2025-09-29 15:52:03,710 - backend.engine.qualia_particle_engine - WARNING - Cannot compute: buffers not initialized or shader missing
2025-09-29 15:52:03,726 - backend.engine.qualia_particle_engine - WARNING - Cannot compute: buffers not initialized or shader missing
2025-09-29 15:52:03,742 - backend.engine.qualia_particle_engine - WARNING - Cannot compute: buffers not initialized or shader missing
2025-09-29 15:52:03,759 - backend.engine.qualia_particle_engine - WARNING - Cannot compute: buffers not initialized or shader missing
2025-09-29 15:52:03,775 - backend.engine.qualia_particle_engine - WARNING - Cannot compute: buffers not initialized or shader missing
2025-09-29 15:52:03,792 - backend.engine.qualia_particle_engine - WARNING - Cannot compute: buffers not initialized or shader missing
2025-09-29 15:52:03,809 - backend.engine.qualia_particle_engine - WARNING - Cannot compute: buffers not initialized or shader missing
2025-09-29 15:52:03,825 - backend.engine.qualia_particle_engine - WARNING - Cannot compute: buffers not initialized or shader missing
2025-09-29 15:52:03,842 - backend.engine.qualia_particle_engine - WARNING - Cannot compute: buffers not initialized or shader missing
2025-09-29 15:52:03,858 - backend.engine.qualia_particle_engine - WARNING - Cannot compute: buffers not initialized or shader missing
2025-09-29 15:52:03,874 - backend.engine.qualia_particle_engine - WARNING - Cannot compute: buffers not initialized or shader missing
2025-09-29 15:52:03,891 - backend.engine.qualia_particle_engine - WARNING - Cannot compute: buffers not initialized or shader missing
2025-09-29 15:52:03,908 - backend.engine.qualia_particle_engine - WARNING - Cannot compute: buffers not initialized or shader missing
2025-09-29 15:52:03,924 - backend.engine.qualia_particle_engine - WARNING - Cannot compute: buffers not initialized or shader missing
2025-09-29 15:52:03,941 - backend.engine.qualia_particle_engine - WARNING - Cannot compute: buffers not initialized or shader missing
2025-09-29 15:52:03,957 - backend.engine.qualia_particle_engine - WARNING - Cannot compute: buffers not initialized or shader missing
2025-09-29 15:52:03,974 - backend.engine.qualia_particle_engine - WARNING - Cannot compute: buffers not initialized or shader missing
2025-09-29 15:52:03,990 - backend.engine.qualia_particle_engine - WARNING - Cannot compute: buffers not initialized or shader missing
2025-09-29 15:52:04,007 - backend.engine.qualia_particle_engine - WARNING - Cannot compute: buffers not initialized or shader missing
2025-09-29 15:52:04,023 - backend.engine.qualia_particle_engine - WARNING - Cannot compute: buffers not initialized or shader missing
2025-09-29 15:52:04,040 - backend.engine.qualia_particle_engine - WARNING - Cannot compute: buffers not initialized or shader missing
2025-09-29 15:52:04,056 - backend.engine.qualia_particle_engine - WARNING - Cannot compute: buffers not initialized or shader missing
2025-09-29 15:52:04,073 - backend.engine.qualia_particle_engine - WARNING - Cannot compute: buffers not initialized or shader missing
2025-09-29 15:52:04,089 - backend.engine.qualia_particle_engine - WARNING - Cannot compute: buffers not initialized or shader missing
2025-09-29 15:52:04,106 - backend.engine.qualia_particle_engine - WARNING - Cannot compute: buffers not initialized or shader missing
2025-09-29 15:52:04,122 - backend.engine.qualia_particle_engine - WARNING - Cannot compute: buffers not initialized or shader missing
2025-09-29 15:52:04,139 - backend.engine.qualia_particle_engine - WARNING - Cannot compute: buffers not initialized or shader missing
2025-09-29 15:52:04,155 - backend.engine.qualia_particle_engine - WARNING - Cannot compute: buffers not initialized or shader missing
2025-09-29 15:52:04,171 - backend.engine.qualia_particle_engine - WARNING - Cannot compute: buffers not initialized or shader missing
2025-09-29 15:52:04,188 - backend.engine.qualia_particle_engine - WARNING - Cannot compute: buffers not initialized or shader missing
2025-09-29 15:52:04,205 - backend.engine.qualia_particle_engine - WARNING - Cannot compute: buffers not initialized or shader missing
2025-09-29 15:52:04,221 - backend.engine.qualia_particle_engine - WARNING - Cannot compute: buffers not initialized or shader missing
2025-09-29 15:52:04,238 - backend.engine.qualia_particle_engine - WARNING - Cannot compute: buffers not initialized or shader missing
2025-09-29 15:52:04,254 - backend.engine.qualia_particle_engine - WARNING - Cannot compute: buffers not initialized or shader missing
2025-09-29 15:52:04,270 - backend.engine.qualia_particle_engine - WARNING - Cannot compute: buffers not initialized or shader missing
2025-09-29 15:52:04,287 - backend.engine.qualia_particle_engine - WARNING - Cannot compute: buffers not initialized or shader missing
2025-09-29 15:52:04,303 - backend.engine.qualia_particle_engine - WARNING - Cannot compute: buffers not initialized or shader missing
2025-09-29 15:52:04,320 - backend.engine.qualia_particle_engine - WARNING - Cannot compute: buffers not initialized or shader missing
2025-09-29 15:52:04,336 - backend.engine.qualia_particle_engine - WARNING - Cannot compute: buffers not initialized or shader missing
2025-09-29 15:52:04,353 - backend.engine.qualia_particle_engine - WARNING - Cannot compute: buffers not initialized or shader missing
2025-09-29 15:52:04,369 - backend.engine.qualia_particle_engine - WARNING - Cannot compute: buffers not initialized or shader missing
2025-09-29 15:52:04,386 - backend.engine.qualia_particle_engine - WARNING - Cannot compute: buffers not initialized or shader missing
2025-09-29 15:52:04,402 - backend.engine.qualia_particle_engine - WARNING - Cannot compute: buffers not initialized or shader missing
2025-09-29 15:52:04,418 - backend.engine.qualia_particle_engine - WARNING - Cannot compute: buffers not initialized or shader missing
2025-09-29 15:52:04,434 - backend.engine.qualia_particle_engine - WARNING - Cannot compute: buffers not initialized or shader missing
2025-09-29 15:52:04,450 - backend.engine.qualia_particle_engine - WARNING - Cannot compute: buffers not initialized or shader missing
2025-09-29 15:52:04,466 - backend.engine.qualia_particle_engine - WARNING - Cannot compute: buffers not initialized or shader missing
2025-09-29 15:52:04,483 - backend.engine.qualia_particle_engine - WARNING - Cannot compute: buffers not initialized or shader missing
2025-09-29 15:52:04,499 - backend.engine.qualia_particle_engine - WARNING - Cannot compute: buffers not initialized or shader missing
2025-09-29 15:52:04,515 - backend.engine.qualia_particle_engine - WARNING - Cannot compute: buffers not initialized or shader missing
2025-09-29 15:52:04,531 - backend.engine.qualia_particle_engine - WARNING - Cannot compute: buffers not initialized or shader missing
2025-09-29 15:52:04,548 - backend.engine.qualia_particle_engine - WARNING - Cannot compute: buffers not initialized or shader missing
2025-09-29 15:52:04,564 - backend.engine.qualia_particle_engine - WARNING - Cannot compute: buffers not initialized or shader missing
2025-09-29 15:52:04,581 - backend.engine.qualia_particle_engine - WARNING - Cannot compute: buffers not initialized or shader missing
2025-09-29 15:52:04,597 - backend.engine.qualia_particle_engine - WARNING - Cannot compute: buffers not initialized or shader missing
2025-09-29 15:52:04,614 - backend.engine.qualia_particle_engine - WARNING - Cannot compute: buffers not initialized or shader missing
2025-09-29 15:52:04,630 - backend.engine.qualia_particle_engine - WARNING - Cannot compute: buffers not initialized or shader missing
2025-09-29 15:52:04,647 - backend.engine.qualia_particle_engine - WARNING - Cannot compute: buffers not initialized or shader missing
2025-09-29 15:52:04,663 - backend.engine.qualia_particle_engine - WARNING - Cannot compute: buffers not initialized or shader missing
2025-09-29 15:52:04,679 - backend.engine.qualia_particle_engine - WARNING - Cannot compute: buffers not initialized or shader missing
2025-09-29 15:52:04,696 - backend.engine.qualia_particle_engine - WARNING - Cannot compute: buffers not initialized or shader missing
2025-09-29 15:52:04,713 - backend.engine.qualia_particle_engine - WARNING - Cannot compute: buffers not initialized or shader missing
2025-09-29 15:52:04,729 - backend.engine.qualia_particle_engine - WARNING - Cannot compute: buffers not initialized or shader missing
2025-09-29 15:52:04,746 - backend.engine.qualia_particle_engine - WARNING - Cannot compute: buffers not initialized or shader missing
2025-09-29 15:52:04,762 - backend.engine.qualia_particle_engine - WARNING - Cannot compute: buffers not initialized or shader missing
2025-09-29 15:52:04,778 - backend.engine.qualia_particle_engine - WARNING - Cannot compute: buffers not initialized or shader missing
2025-09-29 15:52:04,795 - backend.engine.qualia_particle_engine - WARNING - Cannot compute: buffers not initialized or shader missing
2025-09-29 15:52:04,812 - backend.engine.qualia_particle_engine - WARNING - Cannot compute: buffers not initialized or shader missing
2025-09-29 15:52:04,828 - backend.engine.qualia_particle_engine - WARNING - Cannot compute: buffers not initialized or shader missing
2025-09-29 15:52:04,844 - backend.engine.qualia_particle_engine - WARNING - Cannot compute: buffers not initialized or shader missing
2025-09-29 15:52:04,861 - backend.engine.qualia_particle_engine - WARNING - Cannot compute: buffers not initialized or shader missing
2025-09-29 15:52:04,877 - backend.engine.qualia_particle_engine - WARNING - Cannot compute: buffers not initialized or shader missing
2025-09-29 15:52:04,894 - backend.engine.qualia_particle_engine - WARNING - Cannot compute: buffers not initialized or shader missing
2025-09-29 15:52:04,910 - backend.engine.qualia_particle_engine - WARNING - Cannot compute: buffers not initialized or shader missing
2025-09-29 15:52:04,927 - backend.engine.qualia_particle_engine - WARNING - Cannot compute: buffers not initialized or shader missing
2025-09-29 15:52:04,943 - backend.engine.qualia_particle_engine - WARNING - Cannot compute: buffers not initialized or shader missing
2025-09-29 15:52:04,960 - backend.engine.qualia_particle_engine - WARNING - Cannot compute: buffers not initialized or shader missing
2025-09-29 15:52:04,976 - backend.engine.qualia_particle_engine - WARNING - Cannot compute: buffers not initialized or shader missing
2025-09-29 15:52:04,992 - backend.engine.qualia_particle_engine - WARNING - Cannot compute: buffers not initialized or shader missing
2025-09-29 15:52:05,008 - backend.engine.qualia_particle_engine - WARNING - Cannot compute: buffers not initialized or shader missing
2025-09-29 15:52:05,025 - backend.engine.qualia_particle_engine - WARNING - Cannot compute: buffers not initialized or shader missing
2025-09-29 15:52:05,041 - backend.engine.qualia_particle_engine - WARNING - Cannot compute: buffers not initialized or shader missing
2025-09-29 15:52:05,058 - backend.engine.qualia_particle_engine - WARNING - Cannot compute: buffers not initialized or shader missing
2025-09-29 15:52:05,074 - backend.engine.qualia_particle_engine - WARNING - Cannot compute: buffers not initialized or shader missing
2025-09-29 15:52:05,090 - backend.engine.qualia_particle_engine - WARNING - Cannot compute: buffers not initialized or shader missing
2025-09-29 15:52:05,106 - backend.engine.qualia_particle_engine - WARNING - Cannot compute: buffers not initialized or shader missing
2025-09-29 15:52:05,123 - backend.engine.qualia_particle_engine - WARNING - Cannot compute: buffers not initialized or shader missing
2025-09-29 15:52:05,139 - backend.engine.qualia_particle_engine - WARNING - Cannot compute: buffers not initialized or shader missing
2025-09-29 15:52:05,156 - backend.engine.qualia_particle_engine - WARNING - Cannot compute: buffers not initialized or shader missing
2025-09-29 15:52:05,172 - backend.engine.qualia_particle_engine - WARNING - Cannot compute: buffers not initialized or shader missing
2025-09-29 15:52:05,189 - backend.engine.qualia_particle_engine - WARNING - Cannot compute: buffers not initialized or shader missing
2025-09-29 15:52:05,205 - backend.engine.qualia_particle_engine - WARNING - Cannot compute: buffers not initialized or shader missing
2025-09-29 15:52:05,222 - backend.engine.qualia_particle_engine - WARNING - Cannot compute: buffers not initialized or shader missing
2025-09-29 15:52:05,238 - backend.engine.qualia_particle_engine - WARNING - Cannot compute: buffers not initialized or shader missing
2025-09-29 15:52:05,255 - backend.engine.qualia_particle_engine - WARNING - Cannot compute: buffers not initialized or shader missing
2025-09-29 15:52:05,271 - backend.engine.qualia_particle_engine - WARNING - Cannot compute: buffers not initialized or shader missing
2025-09-29 15:52:05,288 - backend.engine.qualia_particle_engine - WARNING - Cannot compute: buffers not initialized or shader missing
2025-09-29 15:52:05,304 - backend.engine.qualia_particle_engine - WARNING - Cannot compute: buffers not initialized or shader missing
2025-09-29 15:52:05,321 - backend.engine.qualia_particle_engine - WARNING - Cannot compute: buffers not initialized or shader missing
2025-09-29 15:52:05,337 - backend.engine.qualia_particle_engine - WARNING - Cannot compute: buffers not initialized or shader missing
2025-09-29 15:52:05,354 - backend.engine.qualia_particle_engine - WARNING - Cannot compute: buffers not initialized or shader missing
2025-09-29 15:52:05,370 - backend.engine.qualia_particle_engine - WARNING - Cannot compute: buffers not initialized or shader missing
2025-09-29 15:52:05,386 - backend.engine.qualia_particle_engine - WARNING - Cannot compute: buffers not initialized or shader missing
2025-09-29 15:52:05,403 - backend.engine.qualia_particle_engine - WARNING - Cannot compute: buffers not initialized or shader missing
2025-09-29 15:52:05,420 - backend.engine.qualia_particle_engine - WARNING - Cannot compute: buffers not initialized or shader missing
2025-09-29 15:52:05,436 - backend.engine.qualia_particle_engine - WARNING - Cannot compute: buffers not initialized or shader missing
2025-09-29 15:52:05,452 - backend.engine.qualia_particle_engine - WARNING - Cannot compute: buffers not initialized or shader missing
2025-09-29 15:52:05,469 - backend.engine.qualia_particle_engine - WARNING - Cannot compute: buffers not initialized or shader missing
2025-09-29 15:52:05,485 - backend.engine.qualia_particle_engine - WARNING - Cannot compute: buffers not initialized or shader missing
2025-09-29 15:52:05,502 - backend.engine.qualia_particle_engine - WARNING - Cannot compute: buffers not initialized or shader missing
2025-09-29 15:52:05,518 - backend.engine.qualia_particle_engine - WARNING - Cannot compute: buffers not initialized or shader missing
2025-09-29 15:52:05,535 - backend.engine.qualia_particle_engine - WARNING - Cannot compute: buffers not initialized or shader missing
2025-09-29 15:52:05,551 - backend.engine.qualia_particle_engine - WARNING - Cannot compute: buffers not initialized or shader missing
2025-09-29 15:52:05,568 - backend.engine.qualia_particle_engine - WARNING - Cannot compute: buffers not initialized or shader missing
2025-09-29 15:52:05,584 - backend.engine.qualia_particle_engine - WARNING - Cannot compute: buffers not initialized or shader missing
2025-09-29 15:52:05,600 - backend.engine.qualia_particle_engine - WARNING - Cannot compute: buffers not initialized or shader missing
2025-09-29 15:52:05,617 - backend.engine.qualia_particle_engine - WARNING - Cannot compute: buffers not initialized or shader missing
2025-09-29 15:52:05,633 - backend.engine.qualia_particle_engine - WARNING - Cannot compute: buffers not initialized or shader missing
2025-09-29 15:52:05,650 - backend.engine.qualia_particle_engine - WARNING - Cannot compute: buffers not initialized or shader missing
2025-09-29 15:52:05,666 - backend.engine.qualia_particle_engine - WARNING - Cannot compute: buffers not initialized or shader missing
2025-09-29 15:52:05,683 - backend.engine.qualia_particle_engine - WARNING - Cannot compute: buffers not initialized or shader missing
2025-09-29 15:52:05,699 - backend.engine.qualia_particle_engine - WARNING - Cannot compute: buffers not initialized or shader missing
2025-09-29 15:52:05,716 - backend.engine.qualia_particle_engine - WARNING - Cannot compute: buffers not initialized or shader missing
2025-09-29 15:52:05,732 - backend.engine.qualia_particle_engine - WARNING - Cannot compute: buffers not initialized or shader missing
2025-09-29 15:52:05,749 - backend.engine.qualia_particle_engine - WARNING - Cannot compute: buffers not initialized or shader missing
2025-09-29 15:52:05,765 - backend.engine.qualia_particle_engine - WARNING - Cannot compute: buffers not initialized or shader missing
2025-09-29 15:52:05,781 - backend.engine.qualia_particle_engine - WARNING - Cannot compute: buffers not initialized or shader missing
2025-09-29 15:52:05,798 - backend.engine.qualia_particle_engine - WARNING - Cannot compute: buffers not initialized or shader missing
2025-09-29 15:52:05,814 - backend.engine.qualia_particle_engine - WARNING - Cannot compute: buffers not initialized or shader missing
2025-09-29 15:52:05,831 - backend.engine.qualia_particle_engine - WARNING - Cannot compute: buffers not initialized or shader missing
2025-09-29 15:52:05,847 - backend.engine.qualia_particle_engine - WARNING - Cannot compute: buffers not initialized or shader missing
2025-09-29 15:52:05,864 - backend.engine.qualia_particle_engine - WARNING - Cannot compute: buffers not initialized or shader missing
2025-09-29 15:52:05,880 - backend.engine.qualia_particle_engine - WARNING - Cannot compute: buffers not initialized or shader missing
2025-09-29 15:52:05,897 - backend.engine.qualia_particle_engine - WARNING - Cannot compute: buffers not initialized or shader missing
2025-09-29 15:52:05,913 - backend.engine.qualia_particle_engine - WARNING - Cannot compute: buffers not initialized or shader missing
2025-09-29 15:52:05,930 - backend.engine.qualia_particle_engine - WARNING - Cannot compute: buffers not initialized or shader missing
2025-09-29 15:52:05,946 - backend.engine.qualia_particle_engine - WARNING - Cannot compute: buffers not initialized or shader missing
2025-09-29 15:52:05,962 - backend.engine.qualia_particle_engine - WARNING - Cannot compute: buffers not initialized or shader missing
2025-09-29 15:52:05,979 - backend.engine.qualia_particle_engine - WARNING - Cannot compute: buffers not initialized or shader missing
2025-09-29 15:52:05,995 - backend.engine.qualia_particle_engine - WARNING - Cannot compute: buffers not initialized or shader missing
2025-09-29 15:52:06,012 - backend.engine.qualia_particle_engine - WARNING - Cannot compute: buffers not initialized or shader missing
2025-09-29 15:52:06,028 - backend.engine.qualia_particle_engine - WARNING - Cannot compute: buffers not initialized or shader missing
2025-09-29 15:52:06,045 - backend.engine.qualia_particle_engine - WARNING - Cannot compute: buffers not initialized or shader missing
2025-09-29 15:52:06,061 - backend.engine.qualia_particle_engine - WARNING - Cannot compute: buffers not initialized or shader missing
2025-09-29 15:52:06,078 - backend.engine.qualia_particle_engine - WARNING - Cannot compute: buffers not initialized or shader missing
2025-09-29 15:52:06,094 - backend.engine.qualia_particle_engine - WARNING - Cannot compute: buffers not initialized or shader missing
2025-09-29 15:52:06,110 - backend.engine.qualia_particle_engine - WARNING - Cannot compute: buffers not initialized or shader missing
2025-09-29 15:52:06,126 - backend.engine.qualia_particle_engine - WARNING - Cannot compute: buffers not initialized or shader missing
2025-09-29 15:52:06,143 - backend.engine.qualia_particle_engine - WARNING - Cannot compute: buffers not initialized or shader missing
2025-09-29 15:52:06,159 - backend.engine.qualia_particle_engine - WARNING - Cannot compute: buffers not initialized or shader missing
2025-09-29 15:52:06,176 - backend.engine.qualia_particle_engine - WARNING - Cannot compute: buffers not initialized or shader missing
2025-09-29 15:52:06,192 - backend.engine.qualia_particle_engine - WARNING - Cannot compute: buffers not initialized or shader missing
2025-09-29 15:52:06,209 - backend.engine.qualia_particle_engine - WARNING - Cannot compute: buffers not initialized or shader missing
2025-09-29 15:52:06,226 - backend.engine.qualia_particle_engine - WARNING - Cannot compute: buffers not initialized or shader missing
2025-09-29 15:52:06,242 - backend.engine.qualia_particle_engine - WARNING - Cannot compute: buffers not initialized or shader missing
2025-09-29 15:52:06,258 - backend.engine.qualia_particle_engine - WARNING - Cannot compute: buffers not initialized or shader missing
2025-09-29 15:52:06,275 - backend.engine.qualia_particle_engine - WARNING - Cannot compute: buffers not initialized or shader missing
2025-09-29 15:52:06,291 - backend.engine.qualia_particle_engine - WARNING - Cannot compute: buffers not initialized or shader missing
2025-09-29 15:52:06,308 - backend.engine.qualia_particle_engine - WARNING - Cannot compute: buffers not initialized or shader missing
2025-09-29 15:52:06,324 - backend.engine.qualia_particle_engine - WARNING - Cannot compute: buffers not initialized or shader missing
2025-09-29 15:52:06,341 - backend.engine.qualia_particle_engine - WARNING - Cannot compute: buffers not initialized or shader missing
2025-09-29 15:52:06,357 - backend.engine.qualia_particle_engine - WARNING - Cannot compute: buffers not initialized or shader missing
2025-09-29 15:52:06,374 - backend.engine.qualia_particle_engine - WARNING - Cannot compute: buffers not initialized or shader missing
2025-09-29 15:52:06,390 - backend.engine.qualia_particle_engine - WARNING - Cannot compute: buffers not initialized or shader missing
2025-09-29 15:52:06,406 - backend.engine.qualia_particle_engine - WARNING - Cannot compute: buffers not initialized or shader missing
2025-09-29 15:52:06,423 - backend.engine.qualia_particle_engine - WARNING - Cannot compute: buffers not initialized or shader missing
2025-09-29 15:52:06,439 - backend.engine.qualia_particle_engine - WARNING - Cannot compute: buffers not initialized or shader missing
2025-09-29 15:52:06,456 - backend.engine.qualia_particle_engine - WARNING - Cannot compute: buffers not initialized or shader missing
2025-09-29 15:52:06,472 - backend.engine.qualia_particle_engine - WARNING - Cannot compute: buffers not initialized or shader missing
2025-09-29 15:52:06,489 - backend.engine.qualia_particle_engine - WARNING - Cannot compute: buffers not initialized or shader missing
2025-09-29 15:52:06,505 - backend.engine.qualia_particle_engine - WARNING - Cannot compute: buffers not initialized or shader missing
2025-09-29 15:52:06,522 - backend.engine.qualia_particle_engine - WARNING - Cannot compute: buffers not initialized or shader missing
2025-09-29 15:52:06,538 - backend.engine.qualia_particle_engine - WARNING - Cannot compute: buffers not initialized or shader missing
2025-09-29 15:52:06,554 - backend.engine.qualia_particle_engine - WARNING - Cannot compute: buffers not initialized or shader missing
2025-09-29 15:52:06,571 - backend.engine.qualia_particle_engine - WARNING - Cannot compute: buffers not initialized or shader missing
2025-09-29 15:52:06,587 - backend.engine.qualia_particle_engine - WARNING - Cannot compute: buffers not initialized or shader missing
2025-09-29 15:52:06,604 - backend.engine.qualia_particle_engine - WARNING - Cannot compute: buffers not initialized or shader missing
2025-09-29 15:52:06,620 - backend.engine.qualia_particle_engine - WARNING - Cannot compute: buffers not initialized or shader missing
2025-09-29 15:52:06,637 - backend.engine.qualia_particle_engine - WARNING - Cannot compute: buffers not initialized or shader missing
2025-09-29 15:52:06,653 - backend.engine.qualia_particle_engine - WARNING - Cannot compute: buffers not initialized or shader missing
2025-09-29 15:52:06,670 - backend.engine.qualia_particle_engine - WARNING - Cannot compute: buffers not initialized or shader missing
2025-09-29 15:52:06,686 - backend.engine.qualia_particle_engine - WARNING - Cannot compute: buffers not initialized or shader missing
2025-09-29 15:52:06,703 - backend.engine.qualia_particle_engine - WARNING - Cannot compute: buffers not initialized or shader missing
2025-09-29 15:52:06,719 - backend.engine.qualia_particle_engine - WARNING - Cannot compute: buffers not initialized or shader missing
2025-09-29 15:52:06,736 - backend.engine.qualia_particle_engine - WARNING - Cannot compute: buffers not initialized or shader missing
2025-09-29 15:52:06,752 - backend.engine.qualia_particle_engine - WARNING - Cannot compute: buffers not initialized or shader missing
2025-09-29 15:52:06,769 - backend.engine.qualia_particle_engine - WARNING - Cannot compute: buffers not initialized or shader missing
2025-09-29 15:52:06,785 - backend.engine.qualia_particle_engine - WARNING - Cannot compute: buffers not initialized or shader missing
2025-09-29 15:52:06,801 - backend.engine.qualia_particle_engine - WARNING - Cannot compute: buffers not initialized or shader missing
2025-09-29 15:52:06,818 - backend.engine.qualia_particle_engine - WARNING - Cannot compute: buffers not initialized or shader missing
2025-09-29 15:52:06,835 - backend.engine.qualia_particle_engine - WARNING - Cannot compute: buffers not initialized or shader missing
2025-09-29 15:52:06,851 - backend.engine.qualia_particle_engine - WARNING - Cannot compute: buffers not initialized or shader missing
2025-09-29 15:52:06,867 - backend.engine.qualia_particle_engine - WARNING - Cannot compute: buffers not initialized or shader missing
2025-09-29 15:52:06,884 - backend.engine.qualia_particle_engine - WARNING - Cannot compute: buffers not initialized or shader missing
2025-09-29 15:52:06,900 - backend.engine.qualia_particle_engine - WARNING - Cannot compute: buffers not initialized or shader missing
2025-09-29 15:52:06,916 - backend.engine.qualia_particle_engine - WARNING - Cannot compute: buffers not initialized or shader missing
2025-09-29 15:52:06,932 - backend.engine.qualia_particle_engine - WARNING - Cannot compute: buffers not initialized or shader missing
2025-09-29 15:52:06,948 - backend.engine.qualia_particle_engine - WARNING - Cannot compute: buffers not initialized or shader missing
2025-09-29 15:52:06,964 - backend.engine.qualia_particle_engine - WARNING - Cannot compute: buffers not initialized or shader missing
2025-09-29 15:52:06,981 - backend.engine.qualia_particle_engine - WARNING - Cannot compute: buffers not initialized or shader missing
2025-09-29 15:52:06,997 - backend.engine.qualia_particle_engine - WARNING - Cannot compute: buffers not initialized or shader missing
2025-09-29 15:52:07,014 - backend.engine.qualia_particle_engine - WARNING - Cannot compute: buffers not initialized or shader missing
2025-09-29 15:52:07,030 - backend.engine.qualia_particle_engine - WARNING - Cannot compute: buffers not initialized or shader missing
2025-09-29 15:52:07,047 - backend.engine.qualia_particle_engine - WARNING - Cannot compute: buffers not initialized or shader missing
2025-09-29 15:52:07,063 - backend.engine.qualia_particle_engine - WARNING - Cannot compute: buffers not initialized or shader missing
2025-09-29 15:52:07,079 - backend.engine.qualia_particle_engine - WARNING - Cannot compute: buffers not initialized or shader missing
2025-09-29 15:52:07,096 - backend.engine.qualia_particle_engine - WARNING - Cannot compute: buffers not initialized or shader missing
2025-09-29 15:52:07,112 - backend.engine.qualia_particle_engine - WARNING - Cannot compute: buffers not initialized or shader missing
2025-09-29 15:52:07,129 - backend.engine.qualia_particle_engine - WARNING - Cannot compute: buffers not initialized or shader missing
2025-09-29 15:52:07,145 - backend.engine.qualia_particle_engine - WARNING - Cannot compute: buffers not initialized or shader missing
2025-09-29 15:52:07,162 - backend.engine.qualia_particle_engine - WARNING - Cannot compute: buffers not initialized or shader missing
2025-09-29 15:52:07,178 - backend.engine.qualia_particle_engine - WARNING - Cannot compute: buffers not initialized or shader missing
2025-09-29 15:52:07,195 - backend.engine.qualia_particle_engine - WARNING - Cannot compute: buffers not initialized or shader missing
2025-09-29 15:52:07,211 - backend.engine.qualia_particle_engine - WARNING - Cannot compute: buffers not initialized or shader missing
2025-09-29 15:52:07,228 - backend.engine.qualia_particle_engine - WARNING - Cannot compute: buffers not initialized or shader missing
2025-09-29 15:52:07,244 - backend.engine.qualia_particle_engine - WARNING - Cannot compute: buffers not initialized or shader missing
2025-09-29 15:52:07,260 - backend.engine.qualia_particle_engine - WARNING - Cannot compute: buffers not initialized or shader missing
2025-09-29 15:52:07,277 - backend.engine.qualia_particle_engine - WARNING - Cannot compute: buffers not initialized or shader missing
2025-09-29 15:52:07,293 - backend.engine.qualia_particle_engine - WARNING - Cannot compute: buffers not initialized or shader missing
2025-09-29 15:52:07,309 - backend.engine.qualia_particle_engine - WARNING - Cannot compute: buffers not initialized or shader missing
2025-09-29 15:52:07,325 - backend.engine.qualia_particle_engine - WARNING - Cannot compute: buffers not initialized or shader missing
2025-09-29 15:52:07,342 - backend.engine.qualia_particle_engine - WARNING - Cannot compute: buffers not initialized or shader missing
2025-09-29 15:52:07,358 - backend.engine.qualia_particle_engine - WARNING - Cannot compute: buffers not initialized or shader missing
2025-09-29 15:52:07,374 - backend.engine.qualia_particle_engine - WARNING - Cannot compute: buffers not initialized or shader missing
2025-09-29 15:52:07,391 - backend.engine.qualia_particle_engine - WARNING - Cannot compute: buffers not initialized or shader missing
2025-09-29 15:52:07,407 - backend.engine.qualia_particle_engine - WARNING - Cannot compute: buffers not initialized or shader missing
2025-09-29 15:52:07,424 - backend.engine.qualia_particle_engine - WARNING - Cannot compute: buffers not initialized or shader missing
2025-09-29 15:52:07,441 - backend.engine.qualia_particle_engine - WARNING - Cannot compute: buffers not initialized or shader missing
2025-09-29 15:52:07,458 - backend.engine.qualia_particle_engine - WARNING - Cannot compute: buffers not initialized or shader missing
2025-09-29 15:52:07,475 - backend.engine.qualia_particle_engine - WARNING - Cannot compute: buffers not initialized or shader missing
2025-09-29 15:52:07,491 - backend.engine.qualia_particle_engine - WARNING - Cannot compute: buffers not initialized or shader missing
2025-09-29 15:52:07,508 - backend.engine.qualia_particle_engine - WARNING - Cannot compute: buffers not initialized or shader missing
2025-09-29 15:52:07,524 - backend.engine.qualia_particle_engine - WARNING - Cannot compute: buffers not initialized or shader missing
2025-09-29 15:52:07,541 - backend.engine.qualia_particle_engine - WARNING - Cannot compute: buffers not initialized or shader missing
2025-09-29 15:52:07,557 - backend.engine.qualia_particle_engine - WARNING - Cannot compute: buffers not initialized or shader missing
2025-09-29 15:52:07,574 - backend.engine.qualia_particle_engine - WARNING - Cannot compute: buffers not initialized or shader missing
2025-09-29 15:52:07,590 - backend.engine.qualia_particle_engine - WARNING - Cannot compute: buffers not initialized or shader missing
2025-09-29 15:52:07,607 - backend.engine.qualia_particle_engine - WARNING - Cannot compute: buffers not initialized or shader missing
2025-09-29 15:52:07,623 - backend.engine.qualia_particle_engine - WARNING - Cannot compute: buffers not initialized or shader missing
2025-09-29 15:52:07,640 - backend.engine.qualia_particle_engine - WARNING - Cannot compute: buffers not initialized or shader missing
2025-09-29 15:52:07,656 - backend.engine.qualia_particle_engine - WARNING - Cannot compute: buffers not initialized or shader missing
2025-09-29 15:52:07,672 - backend.engine.qualia_particle_engine - WARNING - Cannot compute: buffers not initialized or shader missing
2025-09-29 15:52:07,689 - backend.engine.qualia_particle_engine - WARNING - Cannot compute: buffers not initialized or shader missing
2025-09-29 15:52:07,705 - backend.engine.qualia_particle_engine - WARNING - Cannot compute: buffers not initialized or shader missing
2025-09-29 15:52:07,721 - backend.engine.qualia_particle_engine - WARNING - Cannot compute: buffers not initialized or shader missing
2025-09-29 15:52:07,737 - backend.engine.qualia_particle_engine - WARNING - Cannot compute: buffers not initialized or shader missing
2025-09-29 15:52:07,754 - backend.engine.qualia_particle_engine - WARNING - Cannot compute: buffers not initialized or shader missing
2025-09-29 15:52:07,770 - backend.engine.qualia_particle_engine - WARNING - Cannot compute: buffers not initialized or shader missing
2025-09-29 15:52:07,787 - backend.engine.qualia_particle_engine - WARNING - Cannot compute: buffers not initialized or shader missing
2025-09-29 15:52:07,803 - backend.engine.qualia_particle_engine - WARNING - Cannot compute: buffers not initialized or shader missing
2025-09-29 15:52:07,820 - backend.engine.qualia_particle_engine - WARNING - Cannot compute: buffers not initialized or shader missing
2025-09-29 15:52:07,836 - backend.engine.qualia_particle_engine - WARNING - Cannot compute: buffers not initialized or shader missing
2025-09-29 15:52:07,852 - backend.engine.qualia_particle_engine - WARNING - Cannot compute: buffers not initialized or shader missing
2025-09-29 15:52:07,869 - backend.engine.qualia_particle_engine - WARNING - Cannot compute: buffers not initialized or shader missing
2025-09-29 15:52:07,885 - backend.engine.qualia_particle_engine - WARNING - Cannot compute: buffers not initialized or shader missing
2025-09-29 15:52:07,902 - backend.engine.qualia_particle_engine - WARNING - Cannot compute: buffers not initialized or shader missing
2025-09-29 15:52:07,918 - backend.engine.qualia_particle_engine - WARNING - Cannot compute: buffers not initialized or shader missing
2025-09-29 15:52:07,935 - backend.engine.qualia_particle_engine - WARNING - Cannot compute: buffers not initialized or shader missing
2025-09-29 15:52:07,951 - backend.engine.qualia_particle_engine - WARNING - Cannot compute: buffers not initialized or shader missing
2025-09-29 15:52:07,968 - backend.engine.qualia_particle_engine - WARNING - Cannot compute: buffers not initialized or shader missing
2025-09-29 15:52:07,984 - backend.engine.qualia_particle_engine - WARNING - Cannot compute: buffers not initialized or shader missing
2025-09-29 15:52:08,000 - backend.engine.qualia_particle_engine - WARNING - Cannot compute: buffers not initialized or shader missing
2025-09-29 15:52:08,017 - backend.engine.qualia_particle_engine - WARNING - Cannot compute: buffers not initialized or shader missing
2025-09-29 15:52:08,033 - backend.engine.qualia_particle_engine - WARNING - Cannot compute: buffers not initialized or shader missing
2025-09-29 15:52:08,050 - backend.engine.qualia_particle_engine - WARNING - Cannot compute: buffers not initialized or shader missing
2025-09-29 15:52:08,066 - backend.engine.qualia_particle_engine - WARNING - Cannot compute: buffers not initialized or shader missing
2025-09-29 15:52:08,083 - backend.engine.qualia_particle_engine - WARNING - Cannot compute: buffers not initialized or shader missing
2025-09-29 15:52:08,099 - backend.engine.qualia_particle_engine - WARNING - Cannot compute: buffers not initialized or shader missing
2025-09-29 15:52:08,115 - backend.engine.qualia_particle_engine - WARNING - Cannot compute: buffers not initialized or shader missing
2025-09-29 15:52:08,131 - backend.engine.qualia_particle_engine - WARNING - Cannot compute: buffers not initialized or shader missing
2025-09-29 15:52:08,148 - backend.engine.qualia_particle_engine - WARNING - Cannot compute: buffers not initialized or shader missing
2025-09-29 15:52:08,164 - backend.engine.qualia_particle_engine - WARNING - Cannot compute: buffers not initialized or shader missing
2025-09-29 15:52:08,180 - backend.engine.qualia_particle_engine - WARNING - Cannot compute: buffers not initialized or shader missing
2025-09-29 15:52:08,197 - backend.engine.qualia_particle_engine - WARNING - Cannot compute: buffers not initialized or shader missing
2025-09-29 15:52:08,214 - backend.engine.qualia_particle_engine - WARNING - Cannot compute: buffers not initialized or shader missing
2025-09-29 15:52:08,230 - backend.engine.qualia_particle_engine - WARNING - Cannot compute: buffers not initialized or shader missing
2025-09-29 15:52:08,246 - backend.engine.qualia_particle_engine - WARNING - Cannot compute: buffers not initialized or shader missing
2025-09-29 15:52:08,263 - backend.engine.qualia_particle_engine - WARNING - Cannot compute: buffers not initialized or shader missing
2025-09-29 15:52:08,279 - backend.engine.qualia_particle_engine - WARNING - Cannot compute: buffers not initialized or shader missing
2025-09-29 15:52:08,296 - backend.engine.qualia_particle_engine - WARNING - Cannot compute: buffers not initialized or shader missing
2025-09-29 15:52:08,312 - backend.engine.qualia_particle_engine - WARNING - Cannot compute: buffers not initialized or shader missing
2025-09-29 15:52:08,329 - backend.engine.qualia_particle_engine - WARNING - Cannot compute: buffers not initialized or shader missing
2025-09-29 15:52:08,345 - backend.engine.qualia_particle_engine - WARNING - Cannot compute: buffers not initialized or shader missing
2025-09-29 15:52:08,362 - backend.engine.qualia_particle_engine - WARNING - Cannot compute: buffers not initialized or shader missing
2025-09-29 15:52:08,378 - backend.engine.qualia_particle_engine - WARNING - Cannot compute: buffers not initialized or shader missing
2025-09-29 15:52:08,394 - backend.engine.qualia_particle_engine - WARNING - Cannot compute: buffers not initialized or shader missing
2025-09-29 15:52:08,411 - backend.engine.qualia_particle_engine - WARNING - Cannot compute: buffers not initialized or shader missing
2025-09-29 15:52:08,427 - backend.engine.qualia_particle_engine - WARNING - Cannot compute: buffers not initialized or shader missing
2025-09-29 15:52:08,444 - backend.engine.qualia_particle_engine - WARNING - Cannot compute: buffers not initialized or shader missing
2025-09-29 15:52:08,460 - backend.engine.qualia_particle_engine - WARNING - Cannot compute: buffers not initialized or shader missing
2025-09-29 15:52:08,477 - backend.engine.qualia_particle_engine - WARNING - Cannot compute: buffers not initialized or shader missing
2025-09-29 15:52:08,493 - backend.engine.qualia_particle_engine - WARNING - Cannot compute: buffers not initialized or shader missing
2025-09-29 15:52:08,510 - backend.engine.qualia_particle_engine - WARNING - Cannot compute: buffers not initialized or shader missing
2025-09-29 15:52:08,526 - backend.engine.qualia_particle_engine - WARNING - Cannot compute: buffers not initialized or shader missing
2025-09-29 15:52:08,543 - backend.engine.qualia_particle_engine - WARNING - Cannot compute: buffers not initialized or shader missing
2025-09-29 15:52:08,559 - backend.engine.qualia_particle_engine - WARNING - Cannot compute: buffers not initialized or shader missing
2025-09-29 15:52:08,575 - backend.engine.qualia_particle_engine - WARNING - Cannot compute: buffers not initialized or shader missing
2025-09-29 15:52:08,592 - backend.engine.qualia_particle_engine - WARNING - Cannot compute: buffers not initialized or shader missing
2025-09-29 15:52:08,608 - backend.engine.qualia_particle_engine - WARNING - Cannot compute: buffers not initialized or shader missing
2025-09-29 15:52:08,624 - backend.engine.qualia_particle_engine - WARNING - Cannot compute: buffers not initialized or shader missing
2025-09-29 15:52:08,640 - backend.engine.qualia_particle_engine - WARNING - Cannot compute: buffers not initialized or shader missing
2025-09-29 15:52:08,657 - backend.engine.qualia_particle_engine - WARNING - Cannot compute: buffers not initialized or shader missing
2025-09-29 15:52:08,673 - backend.engine.qualia_particle_engine - WARNING - Cannot compute: buffers not initialized or shader missing
2025-09-29 15:52:08,690 - backend.engine.qualia_particle_engine - WARNING - Cannot compute: buffers not initialized or shader missing
2025-09-29 15:52:08,706 - backend.engine.qualia_particle_engine - WARNING - Cannot compute: buffers not initialized or shader missing
2025-09-29 15:52:08,723 - backend.engine.qualia_particle_engine - WARNING - Cannot compute: buffers not initialized or shader missing
2025-09-29 15:52:08,739 - backend.engine.qualia_particle_engine - WARNING - Cannot compute: buffers not initialized or shader missing
2025-09-29 15:52:08,756 - backend.engine.qualia_particle_engine - WARNING - Cannot compute: buffers not initialized or shader missing
2025-09-29 15:52:08,772 - backend.engine.qualia_particle_engine - WARNING - Cannot compute: buffers not initialized or shader missing
2025-09-29 15:52:08,788 - backend.engine.qualia_particle_engine - WARNING - Cannot compute: buffers not initialized or shader missing
2025-09-29 15:52:08,805 - backend.engine.qualia_particle_engine - WARNING - Cannot compute: buffers not initialized or shader missing
2025-09-29 15:52:08,821 - backend.engine.qualia_particle_engine - WARNING - Cannot compute: buffers not initialized or shader missing
2025-09-29 15:52:08,838 - backend.engine.qualia_particle_engine - WARNING - Cannot compute: buffers not initialized or shader missing
2025-09-29 15:52:08,854 - backend.engine.qualia_particle_engine - WARNING - Cannot compute: buffers not initialized or shader missing
2025-09-29 15:52:08,871 - backend.engine.qualia_particle_engine - WARNING - Cannot compute: buffers not initialized or shader missing
2025-09-29 15:52:08,887 - backend.engine.qualia_particle_engine - WARNING - Cannot compute: buffers not initialized or shader missing
2025-09-29 15:52:08,904 - backend.engine.qualia_particle_engine - WARNING - Cannot compute: buffers not initialized or shader missing
2025-09-29 15:52:08,920 - backend.engine.qualia_particle_engine - WARNING - Cannot compute: buffers not initialized or shader missing
2025-09-29 15:52:08,937 - backend.engine.qualia_particle_engine - WARNING - Cannot compute: buffers not initialized or shader missing
2025-09-29 15:52:08,953 - backend.engine.qualia_particle_engine - WARNING - Cannot compute: buffers not initialized or shader missing
2025-09-29 15:52:08,970 - backend.engine.qualia_particle_engine - WARNING - Cannot compute: buffers not initialized or shader missing
2025-09-29 15:52:08,986 - backend.engine.qualia_particle_engine - WARNING - Cannot compute: buffers not initialized or shader missing
2025-09-29 15:52:09,002 - backend.engine.qualia_particle_engine - WARNING - Cannot compute: buffers not initialized or shader missing
2025-09-29 15:52:09,019 - backend.engine.qualia_particle_engine - WARNING - Cannot compute: buffers not initialized or shader missing
2025-09-29 15:52:09,035 - backend.engine.qualia_particle_engine - WARNING - Cannot compute: buffers not initialized or shader missing
2025-09-29 15:52:09,052 - backend.engine.qualia_particle_engine - WARNING - Cannot compute: buffers not initialized or shader missing
2025-09-29 15:52:09,068 - backend.engine.qualia_particle_engine - WARNING - Cannot compute: buffers not initialized or shader missing
2025-09-29 15:52:09,085 - backend.engine.qualia_particle_engine - WARNING - Cannot compute: buffers not initialized or shader missing
2025-09-29 15:52:09,101 - backend.engine.qualia_particle_engine - WARNING - Cannot compute: buffers not initialized or shader missing
2025-09-29 15:52:09,117 - backend.engine.qualia_particle_engine - WARNING - Cannot compute: buffers not initialized or shader missing
2025-09-29 15:52:09,133 - backend.engine.qualia_particle_engine - WARNING - Cannot compute: buffers not initialized or shader missing
2025-09-29 15:52:09,150 - backend.engine.qualia_particle_engine - WARNING - Cannot compute: buffers not initialized or shader missing
2025-09-29 15:52:09,166 - backend.engine.qualia_particle_engine - WARNING - Cannot compute: buffers not initialized or shader missing
2025-09-29 15:52:09,183 - backend.engine.qualia_particle_engine - WARNING - Cannot compute: buffers not initialized or shader missing
2025-09-29 15:52:09,199 - backend.engine.qualia_particle_engine - WARNING - Cannot compute: buffers not initialized or shader missing
2025-09-29 15:52:09,216 - backend.engine.qualia_particle_engine - WARNING - Cannot compute: buffers not initialized or shader missing
2025-09-29 15:52:09,232 - backend.engine.qualia_particle_engine - WARNING - Cannot compute: buffers not initialized or shader missing
2025-09-29 15:52:09,249 - backend.engine.qualia_particle_engine - WARNING - Cannot compute: buffers not initialized or shader missing
2025-09-29 15:52:09,265 - backend.engine.qualia_particle_engine - WARNING - Cannot compute: buffers not initialized or shader missing
2025-09-29 15:52:09,281 - backend.engine.qualia_particle_engine - WARNING - Cannot compute: buffers not initialized or shader missing
2025-09-29 15:52:09,298 - backend.engine.qualia_particle_engine - WARNING - Cannot compute: buffers not initialized or shader missing
2025-09-29 15:52:09,315 - backend.engine.qualia_particle_engine - WARNING - Cannot compute: buffers not initialized or shader missing
2025-09-29 15:52:09,331 - backend.engine.qualia_particle_engine - WARNING - Cannot compute: buffers not initialized or shader missing
2025-09-29 15:52:09,347 - backend.engine.qualia_particle_engine - WARNING - Cannot compute: buffers not initialized or shader missing
2025-09-29 15:52:09,364 - backend.engine.qualia_particle_engine - WARNING - Cannot compute: buffers not initialized or shader missing
2025-09-29 15:52:09,380 - backend.engine.qualia_particle_engine - WARNING - Cannot compute: buffers not initialized or shader missing
2025-09-29 15:52:09,397 - backend.engine.qualia_particle_engine - WARNING - Cannot compute: buffers not initialized or shader missing
2025-09-29 15:52:09,413 - backend.engine.qualia_particle_engine - WARNING - Cannot compute: buffers not initialized or shader missing
2025-09-29 15:52:09,429 - backend.engine.qualia_particle_engine - WARNING - Cannot compute: buffers not initialized or shader missing
2025-09-29 15:52:09,446 - backend.engine.qualia_particle_engine - WARNING - Cannot compute: buffers not initialized or shader missing
2025-09-29 15:52:09,462 - backend.engine.qualia_particle_engine - WARNING - Cannot compute: buffers not initialized or shader missing
2025-09-29 15:52:09,479 - backend.engine.qualia_particle_engine - WARNING - Cannot compute: buffers not initialized or shader missing
2025-09-29 15:52:09,495 - backend.engine.qualia_particle_engine - WARNING - Cannot compute: buffers not initialized or shader missing
2025-09-29 15:52:09,512 - backend.engine.qualia_particle_engine - WARNING - Cannot compute: buffers not initialized or shader missing
2025-09-29 15:52:09,528 - backend.engine.qualia_particle_engine - WARNING - Cannot compute: buffers not initialized or shader missing
2025-09-29 15:52:09,545 - backend.engine.qualia_particle_engine - WARNING - Cannot compute: buffers not initialized or shader missing
2025-09-29 15:52:09,561 - backend.engine.qualia_particle_engine - WARNING - Cannot compute: buffers not initialized or shader missing
2025-09-29 15:52:09,577 - backend.engine.qualia_particle_engine - WARNING - Cannot compute: buffers not initialized or shader missing
2025-09-29 15:52:09,594 - backend.engine.qualia_particle_engine - WARNING - Cannot compute: buffers not initialized or shader missing
2025-09-29 15:52:09,610 - backend.engine.qualia_particle_engine - WARNING - Cannot compute: buffers not initialized or shader missing
2025-09-29 15:52:09,626 - backend.engine.qualia_particle_engine - WARNING - Cannot compute: buffers not initialized or shader missing
2025-09-29 15:52:09,642 - backend.engine.qualia_particle_engine - WARNING - Cannot compute: buffers not initialized or shader missing
2025-09-29 15:52:09,659 - backend.engine.qualia_particle_engine - WARNING - Cannot compute: buffers not initialized or shader missing
2025-09-29 15:52:09,675 - backend.engine.qualia_particle_engine - WARNING - Cannot compute: buffers not initialized or shader missing
2025-09-29 15:52:09,692 - backend.engine.qualia_particle_engine - WARNING - Cannot compute: buffers not initialized or shader missing
2025-09-29 15:52:09,708 - backend.engine.qualia_particle_engine - WARNING - Cannot compute: buffers not initialized or shader missing
2025-09-29 15:52:09,725 - backend.engine.qualia_particle_engine - WARNING - Cannot compute: buffers not initialized or shader missing
2025-09-29 15:52:09,741 - backend.engine.qualia_particle_engine - WARNING - Cannot compute: buffers not initialized or shader missing
2025-09-29 15:52:09,758 - backend.engine.qualia_particle_engine - WARNING - Cannot compute: buffers not initialized or shader missing
2025-09-29 15:52:09,774 - backend.engine.qualia_particle_engine - WARNING - Cannot compute: buffers not initialized or shader missing
2025-09-29 15:52:09,790 - backend.engine.qualia_particle_engine - WARNING - Cannot compute: buffers not initialized or shader missing
2025-09-29 15:52:09,807 - backend.engine.qualia_particle_engine - WARNING - Cannot compute: buffers not initialized or shader missing
2025-09-29 15:52:09,824 - backend.engine.qualia_particle_engine - WARNING - Cannot compute: buffers not initialized or shader missing
2025-09-29 15:52:09,840 - backend.engine.qualia_particle_engine - WARNING - Cannot compute: buffers not initialized or shader missing
2025-09-29 15:52:09,856 - backend.engine.qualia_particle_engine - WARNING - Cannot compute: buffers not initialized or shader missing
2025-09-29 15:52:09,873 - backend.engine.qualia_particle_engine - WARNING - Cannot compute: buffers not initialized or shader missing
2025-09-29 15:52:09,889 - backend.engine.qualia_particle_engine - WARNING - Cannot compute: buffers not initialized or shader missing
2025-09-29 15:52:09,905 - backend.engine.qualia_particle_engine - WARNING - Cannot compute: buffers not initialized or shader missing
2025-09-29 15:52:09,921 - backend.engine.qualia_particle_engine - WARNING - Cannot compute: buffers not initialized or shader missing
2025-09-29 15:52:09,938 - backend.engine.qualia_particle_engine - WARNING - Cannot compute: buffers not initialized or shader missing
2025-09-29 15:52:09,954 - backend.engine.qualia_particle_engine - WARNING - Cannot compute: buffers not initialized or shader missing
2025-09-29 15:52:09,971 - backend.engine.qualia_particle_engine - WARNING - Cannot compute: buffers not initialized or shader missing
2025-09-29 15:52:09,987 - backend.engine.qualia_particle_engine - WARNING - Cannot compute: buffers not initialized or shader missing
2025-09-29 15:52:10,004 - backend.engine.qualia_particle_engine - WARNING - Cannot compute: buffers not initialized or shader missing
2025-09-29 15:52:10,020 - backend.engine.qualia_particle_engine - WARNING - Cannot compute: buffers not initialized or shader missing
2025-09-29 15:52:10,037 - backend.engine.qualia_particle_engine - WARNING - Cannot compute: buffers not initialized or shader missing
2025-09-29 15:52:10,053 - backend.engine.qualia_particle_engine - WARNING - Cannot compute: buffers not initialized or shader missing
2025-09-29 15:52:10,070 - backend.engine.qualia_particle_engine - WARNING - Cannot compute: buffers not initialized or shader missing
2025-09-29 15:52:10,086 - backend.engine.qualia_particle_engine - WARNING - Cannot compute: buffers not initialized or shader missing
2025-09-29 15:52:10,102 - backend.engine.qualia_particle_engine - WARNING - Cannot compute: buffers not initialized or shader missing
2025-09-29 15:52:10,119 - backend.engine.qualia_particle_engine - WARNING - Cannot compute: buffers not initialized or shader missing
2025-09-29 15:52:10,135 - backend.engine.qualia_particle_engine - WARNING - Cannot compute: buffers not initialized or shader missing
2025-09-29 15:52:10,152 - backend.engine.qualia_particle_engine - WARNING - Cannot compute: buffers not initialized or shader missing
2025-09-29 15:52:10,168 - backend.engine.qualia_particle_engine - WARNING - Cannot compute: buffers not initialized or shader missing
2025-09-29 15:52:10,185 - backend.engine.qualia_particle_engine - WARNING - Cannot compute: buffers not initialized or shader missing
2025-09-29 15:52:10,201 - backend.engine.qualia_particle_engine - WARNING - Cannot compute: buffers not initialized or shader missing
2025-09-29 15:52:10,217 - backend.engine.qualia_particle_engine - WARNING - Cannot compute: buffers not initialized or shader missing
2025-09-29 15:52:10,233 - backend.engine.qualia_particle_engine - WARNING - Cannot compute: buffers not initialized or shader missing
2025-09-29 15:52:10,250 - backend.engine.qualia_particle_engine - WARNING - Cannot compute: buffers not initialized or shader missing
2025-09-29 15:52:10,266 - backend.engine.qualia_particle_engine - WARNING - Cannot compute: buffers not initialized or shader missing
2025-09-29 15:52:10,282 - backend.engine.qualia_particle_engine - WARNING - Cannot compute: buffers not initialized or shader missing
2025-09-29 15:52:10,298 - backend.engine.qualia_particle_engine - WARNING - Cannot compute: buffers not initialized or shader missing
2025-09-29 15:52:10,315 - backend.engine.qualia_particle_engine - WARNING - Cannot compute: buffers not initialized or shader missing
2025-09-29 15:52:10,331 - backend.engine.qualia_particle_engine - WARNING - Cannot compute: buffers not initialized or shader missing
2025-09-29 15:52:10,348 - backend.engine.qualia_particle_engine - WARNING - Cannot compute: buffers not initialized or shader missing
2025-09-29 15:52:10,364 - backend.engine.qualia_particle_engine - WARNING - Cannot compute: buffers not initialized or shader missing
2025-09-29 15:52:10,380 - backend.engine.qualia_particle_engine - WARNING - Cannot compute: buffers not initialized or shader missing
2025-09-29 15:52:10,397 - backend.engine.qualia_particle_engine - WARNING - Cannot compute: buffers not initialized or shader missing
2025-09-29 15:52:10,413 - backend.engine.qualia_particle_engine - WARNING - Cannot compute: buffers not initialized or shader missing
2025-09-29 15:52:10,429 - backend.engine.qualia_particle_engine - WARNING - Cannot compute: buffers not initialized or shader missing
2025-09-29 15:52:10,445 - backend.engine.qualia_particle_engine - WARNING - Cannot compute: buffers not initialized or shader missing
2025-09-29 15:52:10,461 - backend.engine.qualia_particle_engine - WARNING - Cannot compute: buffers not initialized or shader missing
2025-09-29 15:52:10,477 - backend.engine.qualia_particle_engine - WARNING - Cannot compute: buffers not initialized or shader missing
2025-09-29 15:52:10,494 - backend.engine.qualia_particle_engine - WARNING - Cannot compute: buffers not initialized or shader missing
2025-09-29 15:52:10,510 - backend.engine.qualia_particle_engine - WARNING - Cannot compute: buffers not initialized or shader missing
2025-09-29 15:52:10,527 - backend.engine.qualia_particle_engine - WARNING - Cannot compute: buffers not initialized or shader missing
2025-09-29 15:52:10,543 - backend.engine.qualia_particle_engine - WARNING - Cannot compute: buffers not initialized or shader missing
2025-09-29 15:52:10,559 - backend.engine.qualia_particle_engine - WARNING - Cannot compute: buffers not initialized or shader missing
2025-09-29 15:52:10,576 - backend.engine.qualia_particle_engine - WARNING - Cannot compute: buffers not initialized or shader missing
2025-09-29 15:52:10,592 - backend.engine.qualia_particle_engine - WARNING - Cannot compute: buffers not initialized or shader missing
2025-09-29 15:52:10,609 - backend.engine.qualia_particle_engine - WARNING - Cannot compute: buffers not initialized or shader missing
2025-09-29 15:52:10,625 - backend.engine.qualia_particle_engine - WARNING - Cannot compute: buffers not initialized or shader missing
2025-09-29 15:52:10,642 - backend.engine.qualia_particle_engine - WARNING - Cannot compute: buffers not initialized or shader missing
2025-09-29 15:52:10,658 - backend.engine.qualia_particle_engine - WARNING - Cannot compute: buffers not initialized or shader missing
2025-09-29 15:52:10,675 - backend.engine.qualia_particle_engine - WARNING - Cannot compute: buffers not initialized or shader missing
2025-09-29 15:52:10,691 - backend.engine.qualia_particle_engine - WARNING - Cannot compute: buffers not initialized or shader missing
2025-09-29 15:52:10,707 - backend.engine.qualia_particle_engine - WARNING - Cannot compute: buffers not initialized or shader missing
2025-09-29 15:52:10,724 - backend.engine.qualia_particle_engine - WARNING - Cannot compute: buffers not initialized or shader missing
2025-09-29 15:52:10,740 - backend.engine.qualia_particle_engine - WARNING - Cannot compute: buffers not initialized or shader missing
2025-09-29 15:52:10,757 - backend.engine.qualia_particle_engine - WARNING - Cannot compute: buffers not initialized or shader missing
2025-09-29 15:52:10,773 - backend.engine.qualia_particle_engine - WARNING - Cannot compute: buffers not initialized or shader missing
2025-09-29 15:52:10,790 - backend.engine.qualia_particle_engine - WARNING - Cannot compute: buffers not initialized or shader missing
2025-09-29 15:52:10,806 - backend.engine.qualia_particle_engine - WARNING - Cannot compute: buffers not initialized or shader missing
2025-09-29 15:52:10,822 - backend.engine.qualia_particle_engine - WARNING - Cannot compute: buffers not initialized or shader missing
2025-09-29 15:52:10,838 - backend.engine.qualia_particle_engine - WARNING - Cannot compute: buffers not initialized or shader missing
2025-09-29 15:52:10,855 - backend.engine.qualia_particle_engine - WARNING - Cannot compute: buffers not initialized or shader missing
2025-09-29 15:52:10,871 - backend.engine.qualia_particle_engine - WARNING - Cannot compute: buffers not initialized or shader missing
2025-09-29 15:52:10,887 - backend.engine.qualia_particle_engine - WARNING - Cannot compute: buffers not initialized or shader missing
2025-09-29 15:52:10,904 - backend.engine.qualia_particle_engine - WARNING - Cannot compute: buffers not initialized or shader missing
2025-09-29 15:52:10,921 - backend.engine.qualia_particle_engine - WARNING - Cannot compute: buffers not initialized or shader missing
2025-09-29 15:52:10,937 - backend.engine.qualia_particle_engine - WARNING - Cannot compute: buffers not initialized or shader missing
2025-09-29 15:52:10,953 - backend.engine.qualia_particle_engine - WARNING - Cannot compute: buffers not initialized or shader missing
2025-09-29 15:52:10,970 - backend.engine.qualia_particle_engine - WARNING - Cannot compute: buffers not initialized or shader missing
2025-09-29 15:52:10,986 - backend.engine.qualia_particle_engine - WARNING - Cannot compute: buffers not initialized or shader missing
2025-09-29 15:52:11,003 - backend.engine.qualia_particle_engine - WARNING - Cannot compute: buffers not initialized or shader missing
2025-09-29 15:52:11,019 - backend.engine.qualia_particle_engine - WARNING - Cannot compute: buffers not initialized or shader missing
2025-09-29 15:52:11,035 - backend.engine.qualia_particle_engine - WARNING - Cannot compute: buffers not initialized or shader missing
2025-09-29 15:52:11,051 - backend.engine.qualia_particle_engine - WARNING - Cannot compute: buffers not initialized or shader missing
2025-09-29 15:52:11,068 - backend.engine.qualia_particle_engine - WARNING - Cannot compute: buffers not initialized or shader missing
2025-09-29 15:52:11,084 - backend.engine.qualia_particle_engine - WARNING - Cannot compute: buffers not initialized or shader missing
2025-09-29 15:52:11,101 - backend.engine.qualia_particle_engine - WARNING - Cannot compute: buffers not initialized or shader missing
2025-09-29 15:52:11,117 - backend.engine.qualia_particle_engine - WARNING - Cannot compute: buffers not initialized or shader missing
2025-09-29 15:52:11,134 - backend.engine.qualia_particle_engine - WARNING - Cannot compute: buffers not initialized or shader missing
2025-09-29 15:52:11,150 - backend.engine.qualia_particle_engine - WARNING - Cannot compute: buffers not initialized or shader missing
2025-09-29 15:52:11,167 - backend.engine.qualia_particle_engine - WARNING - Cannot compute: buffers not initialized or shader missing
2025-09-29 15:52:11,183 - backend.engine.qualia_particle_engine - WARNING - Cannot compute: buffers not initialized or shader missing
2025-09-29 15:52:11,200 - backend.engine.qualia_particle_engine - WARNING - Cannot compute: buffers not initialized or shader missing
2025-09-29 15:52:11,216 - backend.engine.qualia_particle_engine - WARNING - Cannot compute: buffers not initialized or shader missing
2025-09-29 15:52:11,233 - backend.engine.qualia_particle_engine - WARNING - Cannot compute: buffers not initialized or shader missing
2025-09-29 15:52:11,249 - backend.engine.qualia_particle_engine - WARNING - Cannot compute: buffers not initialized or shader missing
2025-09-29 15:52:11,266 - backend.engine.qualia_particle_engine - WARNING - Cannot compute: buffers not initialized or shader missing
2025-09-29 15:52:11,282 - backend.engine.qualia_particle_engine - WARNING - Cannot compute: buffers not initialized or shader missing
2025-09-29 15:52:11,298 - backend.engine.qualia_particle_engine - WARNING - Cannot compute: buffers not initialized or shader missing
2025-09-29 15:52:11,315 - backend.engine.qualia_particle_engine - WARNING - Cannot compute: buffers not initialized or shader missing
2025-09-29 15:52:11,331 - backend.engine.qualia_particle_engine - WARNING - Cannot compute: buffers not initialized or shader missing
2025-09-29 15:52:11,348 - backend.engine.qualia_particle_engine - WARNING - Cannot compute: buffers not initialized or shader missing
2025-09-29 15:52:11,364 - backend.engine.qualia_particle_engine - WARNING - Cannot compute: buffers not initialized or shader missing
2025-09-29 15:52:11,382 - backend.engine.qualia_particle_engine - WARNING - Cannot compute: buffers not initialized or shader missing
2025-09-29 15:52:11,398 - backend.engine.qualia_particle_engine - WARNING - Cannot compute: buffers not initialized or shader missing
2025-09-29 15:52:11,414 - backend.engine.qualia_particle_engine - WARNING - Cannot compute: buffers not initialized or shader missing
2025-09-29 15:52:11,431 - backend.engine.qualia_particle_engine - WARNING - Cannot compute: buffers not initialized or shader missing
2025-09-29 15:52:11,448 - backend.engine.qualia_particle_engine - WARNING - Cannot compute: buffers not initialized or shader missing
2025-09-29 15:52:11,464 - backend.engine.qualia_particle_engine - WARNING - Cannot compute: buffers not initialized or shader missing
2025-09-29 15:52:11,480 - backend.engine.qualia_particle_engine - WARNING - Cannot compute: buffers not initialized or shader missing
2025-09-29 15:52:11,497 - backend.engine.qualia_particle_engine - WARNING - Cannot compute: buffers not initialized or shader missing
2025-09-29 15:52:11,513 - backend.engine.qualia_particle_engine - WARNING - Cannot compute: buffers not initialized or shader missing
2025-09-29 15:52:11,529 - backend.engine.qualia_particle_engine - WARNING - Cannot compute: buffers not initialized or shader missing
2025-09-29 15:52:11,545 - backend.engine.qualia_particle_engine - WARNING - Cannot compute: buffers not initialized or shader missing
2025-09-29 15:52:11,562 - backend.engine.qualia_particle_engine - WARNING - Cannot compute: buffers not initialized or shader missing
2025-09-29 15:52:11,578 - backend.engine.qualia_particle_engine - WARNING - Cannot compute: buffers not initialized or shader missing
2025-09-29 15:52:11,595 - backend.engine.qualia_particle_engine - WARNING - Cannot compute: buffers not initialized or shader missing
2025-09-29 15:52:11,611 - backend.engine.qualia_particle_engine - WARNING - Cannot compute: buffers not initialized or shader missing
2025-09-29 15:52:11,628 - backend.engine.qualia_particle_engine - WARNING - Cannot compute: buffers not initialized or shader missing
2025-09-29 15:52:11,644 - backend.engine.qualia_particle_engine - WARNING - Cannot compute: buffers not initialized or shader missing
2025-09-29 15:52:11,661 - backend.engine.qualia_particle_engine - WARNING - Cannot compute: buffers not initialized or shader missing
2025-09-29 15:52:11,677 - backend.engine.qualia_particle_engine - WARNING - Cannot compute: buffers not initialized or shader missing
2025-09-29 15:52:11,693 - backend.engine.qualia_particle_engine - WARNING - Cannot compute: buffers not initialized or shader missing
2025-09-29 15:52:11,709 - backend.engine.qualia_particle_engine - WARNING - Cannot compute: buffers not initialized or shader missing
2025-09-29 15:52:11,725 - backend.engine.qualia_particle_engine - WARNING - Cannot compute: buffers not initialized or shader missing
2025-09-29 15:52:11,742 - backend.engine.qualia_particle_engine - WARNING - Cannot compute: buffers not initialized or shader missing
2025-09-29 15:52:11,758 - backend.engine.qualia_particle_engine - WARNING - Cannot compute: buffers not initialized or shader missing
2025-09-29 15:52:11,775 - backend.engine.qualia_particle_engine - WARNING - Cannot compute: buffers not initialized or shader missing
2025-09-29 15:52:11,791 - backend.engine.qualia_particle_engine - WARNING - Cannot compute: buffers not initialized or shader missing
2025-09-29 15:52:11,808 - backend.engine.qualia_particle_engine - WARNING - Cannot compute: buffers not initialized or shader missing
2025-09-29 15:52:11,824 - backend.engine.qualia_particle_engine - WARNING - Cannot compute: buffers not initialized or shader missing
2025-09-29 15:52:11,841 - backend.engine.qualia_particle_engine - WARNING - Cannot compute: buffers not initialized or shader missing
2025-09-29 15:52:11,857 - backend.engine.qualia_particle_engine - WARNING - Cannot compute: buffers not initialized or shader missing
2025-09-29 15:52:11,873 - backend.engine.qualia_particle_engine - WARNING - Cannot compute: buffers not initialized or shader missing
2025-09-29 15:52:11,890 - backend.engine.qualia_particle_engine - WARNING - Cannot compute: buffers not initialized or shader missing
2025-09-29 15:52:11,906 - backend.engine.qualia_particle_engine - WARNING - Cannot compute: buffers not initialized or shader missing
2025-09-29 15:52:11,923 - backend.engine.qualia_particle_engine - WARNING - Cannot compute: buffers not initialized or shader missing
2025-09-29 15:52:11,940 - backend.engine.qualia_particle_engine - WARNING - Cannot compute: buffers not initialized or shader missing
2025-09-29 15:52:11,956 - backend.engine.qualia_particle_engine - WARNING - Cannot compute: buffers not initialized or shader missing
2025-09-29 15:52:11,972 - backend.engine.qualia_particle_engine - WARNING - Cannot compute: buffers not initialized or shader missing
2025-09-29 15:52:11,989 - backend.engine.qualia_particle_engine - WARNING - Cannot compute: buffers not initialized or shader missing
2025-09-29 15:52:12,005 - backend.engine.qualia_particle_engine - WARNING - Cannot compute: buffers not initialized or shader missing
2025-09-29 15:52:12,021 - backend.engine.qualia_particle_engine - WARNING - Cannot compute: buffers not initialized or shader missing
2025-09-29 15:52:12,037 - backend.engine.qualia_particle_engine - WARNING - Cannot compute: buffers not initialized or shader missing
2025-09-29 15:52:12,054 - backend.engine.qualia_particle_engine - WARNING - Cannot compute: buffers not initialized or shader missing
2025-09-29 15:52:12,070 - backend.engine.qualia_particle_engine - WARNING - Cannot compute: buffers not initialized or shader missing
2025-09-29 15:52:12,087 - backend.engine.qualia_particle_engine - WARNING - Cannot compute: buffers not initialized or shader missing
2025-09-29 15:52:12,103 - backend.engine.qualia_particle_engine - WARNING - Cannot compute: buffers not initialized or shader missing
2025-09-29 15:52:12,119 - backend.engine.qualia_particle_engine - WARNING - Cannot compute: buffers not initialized or shader missing
2025-09-29 15:52:12,136 - backend.engine.qualia_particle_engine - WARNING - Cannot compute: buffers not initialized or shader missing
2025-09-29 15:52:12,152 - backend.engine.qualia_particle_engine - WARNING - Cannot compute: buffers not initialized or shader missing
2025-09-29 15:52:12,169 - backend.engine.qualia_particle_engine - WARNING - Cannot compute: buffers not initialized or shader missing
2025-09-29 15:52:12,185 - backend.engine.qualia_particle_engine - WARNING - Cannot compute: buffers not initialized or shader missing
2025-09-29 15:52:12,202 - backend.engine.qualia_particle_engine - WARNING - Cannot compute: buffers not initialized or shader missing
2025-09-29 15:52:12,218 - backend.engine.qualia_particle_engine - WARNING - Cannot compute: buffers not initialized or shader missing
2025-09-29 15:52:12,234 - backend.engine.qualia_particle_engine - WARNING - Cannot compute: buffers not initialized or shader missing
2025-09-29 15:52:12,250 - backend.engine.qualia_particle_engine - WARNING - Cannot compute: buffers not initialized or shader missing
2025-09-29 15:52:12,267 - backend.engine.qualia_particle_engine - WARNING - Cannot compute: buffers not initialized or shader missing
2025-09-29 15:52:12,283 - backend.engine.qualia_particle_engine - WARNING - Cannot compute: buffers not initialized or shader missing
2025-09-29 15:52:12,300 - backend.engine.qualia_particle_engine - WARNING - Cannot compute: buffers not initialized or shader missing
2025-09-29 15:52:12,316 - backend.engine.qualia_particle_engine - WARNING - Cannot compute: buffers not initialized or shader missing
2025-09-29 15:52:12,333 - backend.engine.qualia_particle_engine - WARNING - Cannot compute: buffers not initialized or shader missing
2025-09-29 15:52:12,349 - backend.engine.qualia_particle_engine - WARNING - Cannot compute: buffers not initialized or shader missing
2025-09-29 15:52:12,365 - backend.engine.qualia_particle_engine - WARNING - Cannot compute: buffers not initialized or shader missing
2025-09-29 15:52:12,382 - backend.engine.qualia_particle_engine - WARNING - Cannot compute: buffers not initialized or shader missing
2025-09-29 15:52:12,398 - backend.engine.qualia_particle_engine - WARNING - Cannot compute: buffers not initialized or shader missing
2025-09-29 15:52:12,415 - backend.engine.qualia_particle_engine - WARNING - Cannot compute: buffers not initialized or shader missing
2025-09-29 15:52:12,431 - backend.engine.qualia_particle_engine - WARNING - Cannot compute: buffers not initialized or shader missing
2025-09-29 15:52:12,448 - backend.engine.qualia_particle_engine - WARNING - Cannot compute: buffers not initialized or shader missing
2025-09-29 15:52:12,464 - backend.engine.qualia_particle_engine - WARNING - Cannot compute: buffers not initialized or shader missing
2025-09-29 15:52:12,481 - backend.engine.qualia_particle_engine - WARNING - Cannot compute: buffers not initialized or shader missing
2025-09-29 15:52:12,497 - backend.engine.qualia_particle_engine - WARNING - Cannot compute: buffers not initialized or shader missing
2025-09-29 15:52:12,514 - backend.engine.qualia_particle_engine - WARNING - Cannot compute: buffers not initialized or shader missing
2025-09-29 15:52:12,530 - backend.engine.qualia_particle_engine - WARNING - Cannot compute: buffers not initialized or shader missing
2025-09-29 15:52:12,547 - backend.engine.qualia_particle_engine - WARNING - Cannot compute: buffers not initialized or shader missing
2025-09-29 15:52:12,563 - backend.engine.qualia_particle_engine - WARNING - Cannot compute: buffers not initialized or shader missing
2025-09-29 15:52:12,580 - backend.engine.qualia_particle_engine - WARNING - Cannot compute: buffers not initialized or shader missing
2025-09-29 15:52:12,596 - backend.engine.qualia_particle_engine - WARNING - Cannot compute: buffers not initialized or shader missing
2025-09-29 15:52:12,612 - backend.engine.qualia_particle_engine - WARNING - Cannot compute: buffers not initialized or shader missing
INFO:     Shutting down
2025-09-29 15:52:12,629 - backend.engine.qualia_particle_engine - WARNING - Cannot compute: buffers not initialized or shader missing
2025-09-29 15:52:12,647 - backend.engine.qualia_particle_engine - WARNING - Cannot compute: buffers not initialized or shader missing
2025-09-29 15:52:12,663 - backend.engine.qualia_particle_engine - WARNING - Cannot compute: buffers not initialized or shader missing
2025-09-29 15:52:12,679 - backend.engine.qualia_particle_engine - WARNING - Cannot compute: buffers not initialized or shader missing
2025-09-29 15:52:12,696 - backend.engine.qualia_particle_engine - WARNING - Cannot compute: buffers not initialized or shader missing
2025-09-29 15:52:12,712 - backend.engine.qualia_particle_engine - WARNING - Cannot compute: buffers not initialized or shader missing
INFO:     Waiting for application shutdown.
2025-09-29 15:52:12,720 - backend.api.routes - INFO - 🚨 Shutting down QUALIA.CODE services...
2025-09-29 15:52:12,720 - backend.CompositionRoot - INFO - → ENTER backend.CompositionRoot.CompositionRoot.shutdown
2025-09-29 15:52:12,720 - backend.CompositionRoot - INFO - ← EXIT backend.CompositionRoot.CompositionRoot.shutdown (⏱️ 0.000s)
2025-09-29 15:52:12,720 - backend.CompositionRoot - INFO - 🔌 Gracefully shutting down QUALIA.CODE services...
2025-09-29 15:52:12,720 - backend.CompositionRoot - INFO - 🛑 Shutting down rendering_service...
2025-09-29 15:52:12,720 - backend.services.RenderingService - INFO - → ENTER backend.services.RenderingService.RenderingService.shutdown
2025-09-29 15:52:12,721 - backend.services.RenderingService - INFO - RenderingService shutdown complete
2025-09-29 15:52:12,721 - backend.services.RenderingService - INFO - ← EXIT backend.services.RenderingService.RenderingService.shutdown (⏱️ 0.000s)
2025-09-29 15:52:12,721 - backend.CompositionRoot - CRITICAL - ✅ rendering_service TERMINATED.
2025-09-29 15:52:12,721 - backend.CompositionRoot - INFO - 🛑 Shutting down streaming_web_service...
2025-09-29 15:52:12,721 - backend.services.StreamingWebService - INFO - → ENTER backend.services.StreamingWebService.StreamingWebService.shutdown
2025-09-29 15:52:12,721 - backend.services.StreamingWebService - INFO - ← EXIT backend.services.StreamingWebService.StreamingWebService.shutdown (⏱️ 0.000s)
2025-09-29 15:52:12,721 - backend.services.StreamingWebService - INFO - Shutting down StreamingWebService...
2025-09-29 15:52:12,721 - backend.services.StreamingWebService - INFO - → ENTER backend.services.StreamingWebService.StreamingWebService._stop_streaming
2025-09-29 15:52:12,722 - backend.services.StreamingWebService - INFO - ← EXIT backend.services.StreamingWebService.StreamingWebService._stop_streaming (⏱️ 0.000s)
2025-09-29 15:52:12,722 - backend.services.StreamingWebService - INFO - Streaming is already stopped.
2025-09-29 15:52:12,722 - backend.services.StreamingWebService - INFO - ✅ StreamingWebService shutdown complete.
2025-09-29 15:52:12,722 - backend.CompositionRoot - CRITICAL - ✅ streaming_web_service TERMINATED.
2025-09-29 15:52:12,722 - backend.CompositionRoot - INFO - 🛑 Shutting down qualia_processor...
2025-09-29 15:52:12,722 - backend.services.QualiaProcessor - INFO - 🛑 Shutting down QualiaProcessor...
2025-09-29 15:52:12,722 - backend.CompositionRoot - CRITICAL - ✅ qualia_processor TERMINATED.
2025-09-29 15:52:12,722 - backend.CompositionRoot - INFO - 🛑 Shutting down particle_system...
2025-09-29 15:52:12,722 - backend.engine.qualia_particle_engine - INFO - → ENTER backend.engine.qualia_particle_engine.QualiaParticleEngine.shutdown
2025-09-29 15:52:12,722 - backend.engine.qualia_particle_engine - INFO - ← EXIT backend.engine.qualia_particle_engine.QualiaParticleEngine.shutdown (⏱️ 0.000s)
2025-09-29 15:52:12,722 - backend.engine.qualia_particle_engine - INFO - → ENTER backend.engine.qualia_particle_engine.QualiaParticleEngine._stop_autonomous_simulation
2025-09-29 15:52:12,722 - backend.engine.qualia_particle_engine - INFO - ← EXIT backend.engine.qualia_particle_engine.QualiaParticleEngine._stop_autonomous_simulation (⏱️ 0.000s)
2025-09-29 15:52:12,723 - backend.engine.qualia_particle_engine - INFO - 🛑 Autonomous simulation loop cancelled
2025-09-29 15:52:12,723 - backend.engine.qualia_particle_engine - INFO - 🛑 Autonomous simulation loop terminated
2025-09-29 15:52:12,723 - backend.engine.qualia_particle_engine - INFO - ✅ Autonomous simulation loop cancelled
2025-09-29 15:52:12,723 - backend.engine.qualia_particle_engine - INFO - ✅ QualiaParticleEngine shutdown complete
2025-09-29 15:52:12,723 - backend.CompositionRoot - CRITICAL - ✅ particle_system TERMINATED.
2025-09-29 15:52:12,723 - backend.CompositionRoot - CRITICAL - 💀 ALL SERVICES TERMINATED. CompositionRoot shutdown is complete.
2025-09-29 15:52:12,723 - backend.api.routes - INFO - ✅ All services terminated gracefully.
INFO:     Application shutdown complete.
INFO:     Finished server process [263478]
