INFO:     Started server process [284105]
INFO:     Waiting for application startup.
2025-09-29 16:24:24,186 - backend.CompositionRoot - INFO - → ENTER backend.CompositionRoot.CompositionRoot.initialize
2025-09-29 16:24:24,186 - backend.CompositionRoot - INFO - ← EXIT backend.CompositionRoot.CompositionRoot.initialize (⏱️ 0.000s)
2025-09-29 16:24:24,186 - backend.CompositionRoot - INFO - 🚀 Initializing QUALIA.CODE CompositionRoot...
2025-09-29 16:24:24,480 - backend.CompositionRoot - INFO - ✅ Created shared EGL OpenGL context
2025-09-29 16:24:24,491 - backend.services.SecurityService - INFO - SecurityService initialized with auth_enabled=False
2025-09-29 16:24:24,627 - backend.engine.qualia_particle_engine - INFO - → ENTER backend.engine.qualia_particle_engine.QualiaParticleEngine._initialize_shader
2025-09-29 16:24:24,628 - backend.engine.qualia_particle_engine - INFO - 🔧 Compiling and linking GLSL shaders...
2025-09-29 16:24:24,628 - backend.engine.qualia_particle_engine - INFO - 🔍 Shader introspection complete: 1 uniforms, format: f
2025-09-29 16:24:24,632 - backend.engine.qualia_particle_engine - INFO - ✅ Shaders compiled and linked successfully.
2025-09-29 16:24:24,632 - backend.engine.qualia_particle_engine - INFO - 🔍 Detected uniforms in shader program: []
2025-09-29 16:24:24,632 - backend.engine.qualia_particle_engine - INFO - ← EXIT backend.engine.qualia_particle_engine.QualiaParticleEngine._initialize_shader (⏱️ 0.005s)
2025-09-29 16:24:24,633 - backend.engine.qualia_particle_engine - INFO - QualiaParticleEngine initialized (max_particles=10000)
2025-09-29 16:24:24,633 - backend.engine.qualia_particle_engine - INFO - → ENTER backend.engine.qualia_particle_engine.QualiaParticleEngine.start
2025-09-29 16:24:24,633 - backend.engine.qualia_particle_engine - INFO - → ENTER backend.engine.qualia_particle_engine.QualiaParticleEngine._start_autonomous_simulation
2025-09-29 16:24:24,633 - backend.engine.qualia_particle_engine - INFO - 🎯 Started autonomous simulation loop at 60.0fps
2025-09-29 16:24:24,633 - backend.engine.qualia_particle_engine - INFO - ← EXIT backend.engine.qualia_particle_engine.QualiaParticleEngine._start_autonomous_simulation (⏱️ 0.000s)
2025-09-29 16:24:24,633 - backend.engine.qualia_particle_engine - INFO - 🎆 QualiaParticleEngine started with autonomous simulation loop and subscribed to QualiaState events
2025-09-29 16:24:24,633 - backend.engine.qualia_particle_engine - INFO - ← EXIT backend.engine.qualia_particle_engine.QualiaParticleEngine.start (⏱️ 0.000s)
2025-09-29 16:24:24,651 - backend.services.RenderingService - INFO - RenderingService graphics resources initialized
2025-09-29 16:24:24,652 - backend.CompositionRoot - INFO - ✅ CompositionRoot initialization complete
2025-09-29 16:24:24,652 - backend.api.routes - INFO - ✅ QUALIA.CODE services initialized successfully on startup
2025-09-29 16:24:24,653 - backend.engine.qualia_particle_engine - WARNING - Cannot compute: buffers not initialized or shader missing
INFO:     Application startup complete.
INFO:     Uvicorn running on http://127.0.0.1:8000 (Press CTRL+C to quit)
2025-09-29 16:24:24,670 - backend.engine.qualia_particle_engine - WARNING - Cannot compute: buffers not initialized or shader missing
2025-09-29 16:24:24,688 - backend.engine.qualia_particle_engine - WARNING - Cannot compute: buffers not initialized or shader missing
2025-09-29 16:24:24,705 - backend.engine.qualia_particle_engine - WARNING - Cannot compute: buffers not initialized or shader missing
2025-09-29 16:24:24,722 - backend.engine.qualia_particle_engine - WARNING - Cannot compute: buffers not initialized or shader missing
2025-09-29 16:24:24,739 - backend.engine.qualia_particle_engine - WARNING - Cannot compute: buffers not initialized or shader missing
2025-09-29 16:24:24,756 - backend.engine.qualia_particle_engine - WARNING - Cannot compute: buffers not initialized or shader missing
2025-09-29 16:24:24,772 - backend.engine.qualia_particle_engine - WARNING - Cannot compute: buffers not initialized or shader missing
2025-09-29 16:24:24,789 - backend.engine.qualia_particle_engine - WARNING - Cannot compute: buffers not initialized or shader missing
2025-09-29 16:24:24,805 - backend.engine.qualia_particle_engine - WARNING - Cannot compute: buffers not initialized or shader missing
2025-09-29 16:24:24,822 - backend.engine.qualia_particle_engine - WARNING - Cannot compute: buffers not initialized or shader missing
2025-09-29 16:24:24,838 - backend.engine.qualia_particle_engine - WARNING - Cannot compute: buffers not initialized or shader missing
2025-09-29 16:24:24,854 - backend.engine.qualia_particle_engine - WARNING - Cannot compute: buffers not initialized or shader missing
2025-09-29 16:24:24,871 - backend.engine.qualia_particle_engine - WARNING - Cannot compute: buffers not initialized or shader missing
2025-09-29 16:24:24,888 - backend.engine.qualia_particle_engine - WARNING - Cannot compute: buffers not initialized or shader missing
2025-09-29 16:24:24,905 - backend.engine.qualia_particle_engine - WARNING - Cannot compute: buffers not initialized or shader missing
2025-09-29 16:24:24,921 - backend.engine.qualia_particle_engine - WARNING - Cannot compute: buffers not initialized or shader missing
2025-09-29 16:24:24,937 - backend.engine.qualia_particle_engine - WARNING - Cannot compute: buffers not initialized or shader missing
2025-09-29 16:24:24,954 - backend.engine.qualia_particle_engine - WARNING - Cannot compute: buffers not initialized or shader missing
2025-09-29 16:24:24,970 - backend.engine.qualia_particle_engine - WARNING - Cannot compute: buffers not initialized or shader missing
2025-09-29 16:24:24,987 - backend.engine.qualia_particle_engine - WARNING - Cannot compute: buffers not initialized or shader missing
2025-09-29 16:24:25,003 - backend.engine.qualia_particle_engine - WARNING - Cannot compute: buffers not initialized or shader missing
2025-09-29 16:24:25,019 - backend.engine.qualia_particle_engine - WARNING - Cannot compute: buffers not initialized or shader missing
2025-09-29 16:24:25,036 - backend.engine.qualia_particle_engine - WARNING - Cannot compute: buffers not initialized or shader missing
2025-09-29 16:24:25,052 - backend.engine.qualia_particle_engine - WARNING - Cannot compute: buffers not initialized or shader missing
2025-09-29 16:24:25,068 - backend.engine.qualia_particle_engine - WARNING - Cannot compute: buffers not initialized or shader missing
2025-09-29 16:24:25,084 - backend.engine.qualia_particle_engine - WARNING - Cannot compute: buffers not initialized or shader missing
2025-09-29 16:24:25,101 - backend.engine.qualia_particle_engine - WARNING - Cannot compute: buffers not initialized or shader missing
2025-09-29 16:24:25,117 - backend.engine.qualia_particle_engine - WARNING - Cannot compute: buffers not initialized or shader missing
2025-09-29 16:24:25,134 - backend.engine.qualia_particle_engine - WARNING - Cannot compute: buffers not initialized or shader missing
2025-09-29 16:24:25,150 - backend.engine.qualia_particle_engine - WARNING - Cannot compute: buffers not initialized or shader missing
2025-09-29 16:24:25,167 - backend.engine.qualia_particle_engine - WARNING - Cannot compute: buffers not initialized or shader missing
2025-09-29 16:24:25,183 - backend.engine.qualia_particle_engine - WARNING - Cannot compute: buffers not initialized or shader missing
2025-09-29 16:24:25,200 - backend.engine.qualia_particle_engine - WARNING - Cannot compute: buffers not initialized or shader missing
2025-09-29 16:24:25,216 - backend.engine.qualia_particle_engine - WARNING - Cannot compute: buffers not initialized or shader missing
2025-09-29 16:24:25,232 - backend.engine.qualia_particle_engine - WARNING - Cannot compute: buffers not initialized or shader missing
2025-09-29 16:24:25,249 - backend.engine.qualia_particle_engine - WARNING - Cannot compute: buffers not initialized or shader missing
2025-09-29 16:24:25,266 - backend.engine.qualia_particle_engine - WARNING - Cannot compute: buffers not initialized or shader missing
2025-09-29 16:24:25,282 - backend.engine.qualia_particle_engine - WARNING - Cannot compute: buffers not initialized or shader missing
2025-09-29 16:24:25,298 - backend.engine.qualia_particle_engine - WARNING - Cannot compute: buffers not initialized or shader missing
2025-09-29 16:24:25,315 - backend.engine.qualia_particle_engine - WARNING - Cannot compute: buffers not initialized or shader missing
2025-09-29 16:24:25,331 - backend.engine.qualia_particle_engine - WARNING - Cannot compute: buffers not initialized or shader missing
2025-09-29 16:24:25,348 - backend.engine.qualia_particle_engine - WARNING - Cannot compute: buffers not initialized or shader missing
🎵 Starting Qualia Tempo Visual Engine (QUALIA.CODE v1.0)...
🔥 Backend ready to receive rhythm data from frontend
🌟 Visual effects generated via EventBus architecture

Backend running on: http://127.0.0.1:8000
API Documentation: http://127.0.0.1:8000/docs
Architecture: IoC + EventBus + Dependency Injection

INFO:     127.0.0.1:60956 - "GET /health HTTP/1.1" 200 OK
2025-09-29 16:24:25,364 - backend.engine.qualia_particle_engine - WARNING - Cannot compute: buffers not initialized or shader missing
2025-09-29 16:24:25,380 - backend.engine.qualia_particle_engine - WARNING - Cannot compute: buffers not initialized or shader missing
2025-09-29 16:24:25,397 - backend.engine.qualia_particle_engine - WARNING - Cannot compute: buffers not initialized or shader missing
2025-09-29 16:24:25,413 - backend.engine.qualia_particle_engine - WARNING - Cannot compute: buffers not initialized or shader missing
2025-09-29 16:24:25,429 - backend.engine.qualia_particle_engine - WARNING - Cannot compute: buffers not initialized or shader missing
2025-09-29 16:24:25,446 - backend.engine.qualia_particle_engine - WARNING - Cannot compute: buffers not initialized or shader missing
2025-09-29 16:24:25,462 - backend.engine.qualia_particle_engine - WARNING - Cannot compute: buffers not initialized or shader missing
2025-09-29 16:24:25,480 - backend.engine.qualia_particle_engine - WARNING - Cannot compute: buffers not initialized or shader missing
2025-09-29 16:24:25,497 - backend.engine.qualia_particle_engine - WARNING - Cannot compute: buffers not initialized or shader missing
2025-09-29 16:24:25,513 - backend.engine.qualia_particle_engine - WARNING - Cannot compute: buffers not initialized or shader missing
2025-09-29 16:24:25,530 - backend.engine.qualia_particle_engine - WARNING - Cannot compute: buffers not initialized or shader missing
2025-09-29 16:24:25,546 - backend.engine.qualia_particle_engine - WARNING - Cannot compute: buffers not initialized or shader missing
2025-09-29 16:24:25,563 - backend.engine.qualia_particle_engine - WARNING - Cannot compute: buffers not initialized or shader missing
2025-09-29 16:24:25,579 - backend.engine.qualia_particle_engine - WARNING - Cannot compute: buffers not initialized or shader missing
2025-09-29 16:24:25,595 - backend.engine.qualia_particle_engine - WARNING - Cannot compute: buffers not initialized or shader missing
2025-09-29 16:24:25,612 - backend.engine.qualia_particle_engine - WARNING - Cannot compute: buffers not initialized or shader missing
2025-09-29 16:24:25,628 - backend.engine.qualia_particle_engine - WARNING - Cannot compute: buffers not initialized or shader missing
2025-09-29 16:24:25,645 - backend.engine.qualia_particle_engine - WARNING - Cannot compute: buffers not initialized or shader missing
2025-09-29 16:24:25,661 - backend.engine.qualia_particle_engine - WARNING - Cannot compute: buffers not initialized or shader missing
2025-09-29 16:24:25,678 - backend.engine.qualia_particle_engine - WARNING - Cannot compute: buffers not initialized or shader missing
2025-09-29 16:24:25,694 - backend.engine.qualia_particle_engine - WARNING - Cannot compute: buffers not initialized or shader missing
2025-09-29 16:24:25,710 - backend.engine.qualia_particle_engine - WARNING - Cannot compute: buffers not initialized or shader missing
2025-09-29 16:24:25,727 - backend.engine.qualia_particle_engine - WARNING - Cannot compute: buffers not initialized or shader missing
2025-09-29 16:24:25,743 - backend.engine.qualia_particle_engine - WARNING - Cannot compute: buffers not initialized or shader missing
2025-09-29 16:24:25,760 - backend.engine.qualia_particle_engine - WARNING - Cannot compute: buffers not initialized or shader missing
2025-09-29 16:24:25,776 - backend.engine.qualia_particle_engine - WARNING - Cannot compute: buffers not initialized or shader missing
2025-09-29 16:24:25,792 - backend.engine.qualia_particle_engine - WARNING - Cannot compute: buffers not initialized or shader missing
2025-09-29 16:24:25,809 - backend.engine.qualia_particle_engine - WARNING - Cannot compute: buffers not initialized or shader missing
2025-09-29 16:24:25,825 - backend.engine.qualia_particle_engine - WARNING - Cannot compute: buffers not initialized or shader missing
2025-09-29 16:24:25,842 - backend.engine.qualia_particle_engine - WARNING - Cannot compute: buffers not initialized or shader missing
2025-09-29 16:24:25,858 - backend.engine.qualia_particle_engine - WARNING - Cannot compute: buffers not initialized or shader missing
2025-09-29 16:24:25,875 - backend.engine.qualia_particle_engine - WARNING - Cannot compute: buffers not initialized or shader missing
2025-09-29 16:24:25,891 - backend.engine.qualia_particle_engine - WARNING - Cannot compute: buffers not initialized or shader missing
2025-09-29 16:24:25,907 - backend.engine.qualia_particle_engine - WARNING - Cannot compute: buffers not initialized or shader missing
2025-09-29 16:24:25,923 - backend.engine.qualia_particle_engine - WARNING - Cannot compute: buffers not initialized or shader missing
2025-09-29 16:24:25,939 - backend.engine.qualia_particle_engine - WARNING - Cannot compute: buffers not initialized or shader missing
2025-09-29 16:24:25,955 - backend.engine.qualia_particle_engine - WARNING - Cannot compute: buffers not initialized or shader missing
2025-09-29 16:24:25,972 - backend.engine.qualia_particle_engine - WARNING - Cannot compute: buffers not initialized or shader missing
2025-09-29 16:24:25,988 - backend.engine.qualia_particle_engine - WARNING - Cannot compute: buffers not initialized or shader missing
2025-09-29 16:24:26,005 - backend.engine.qualia_particle_engine - WARNING - Cannot compute: buffers not initialized or shader missing
2025-09-29 16:24:26,021 - backend.engine.qualia_particle_engine - WARNING - Cannot compute: buffers not initialized or shader missing
2025-09-29 16:24:26,038 - backend.engine.qualia_particle_engine - WARNING - Cannot compute: buffers not initialized or shader missing
2025-09-29 16:24:26,054 - backend.engine.qualia_particle_engine - WARNING - Cannot compute: buffers not initialized or shader missing
2025-09-29 16:24:26,071 - backend.engine.qualia_particle_engine - WARNING - Cannot compute: buffers not initialized or shader missing
2025-09-29 16:24:26,087 - backend.engine.qualia_particle_engine - WARNING - Cannot compute: buffers not initialized or shader missing
2025-09-29 16:24:26,103 - backend.engine.qualia_particle_engine - WARNING - Cannot compute: buffers not initialized or shader missing
2025-09-29 16:24:26,120 - backend.engine.qualia_particle_engine - WARNING - Cannot compute: buffers not initialized or shader missing
2025-09-29 16:24:26,136 - backend.engine.qualia_particle_engine - WARNING - Cannot compute: buffers not initialized or shader missing
2025-09-29 16:24:26,152 - backend.engine.qualia_particle_engine - WARNING - Cannot compute: buffers not initialized or shader missing
2025-09-29 16:24:26,169 - backend.engine.qualia_particle_engine - WARNING - Cannot compute: buffers not initialized or shader missing
2025-09-29 16:24:26,185 - backend.engine.qualia_particle_engine - WARNING - Cannot compute: buffers not initialized or shader missing
2025-09-29 16:24:26,202 - backend.engine.qualia_particle_engine - WARNING - Cannot compute: buffers not initialized or shader missing
2025-09-29 16:24:26,218 - backend.engine.qualia_particle_engine - WARNING - Cannot compute: buffers not initialized or shader missing
2025-09-29 16:24:26,234 - backend.engine.qualia_particle_engine - WARNING - Cannot compute: buffers not initialized or shader missing
2025-09-29 16:24:26,251 - backend.engine.qualia_particle_engine - WARNING - Cannot compute: buffers not initialized or shader missing
2025-09-29 16:24:26,267 - backend.engine.qualia_particle_engine - WARNING - Cannot compute: buffers not initialized or shader missing
2025-09-29 16:24:26,284 - backend.engine.qualia_particle_engine - WARNING - Cannot compute: buffers not initialized or shader missing
2025-09-29 16:24:26,300 - backend.engine.qualia_particle_engine - WARNING - Cannot compute: buffers not initialized or shader missing
2025-09-29 16:24:26,316 - backend.engine.qualia_particle_engine - WARNING - Cannot compute: buffers not initialized or shader missing
2025-09-29 16:24:26,332 - backend.engine.qualia_particle_engine - WARNING - Cannot compute: buffers not initialized or shader missing
2025-09-29 16:24:26,348 - backend.engine.qualia_particle_engine - WARNING - Cannot compute: buffers not initialized or shader missing
2025-09-29 16:24:26,365 - backend.engine.qualia_particle_engine - WARNING - Cannot compute: buffers not initialized or shader missing
2025-09-29 16:24:26,382 - backend.engine.qualia_particle_engine - WARNING - Cannot compute: buffers not initialized or shader missing
2025-09-29 16:24:26,399 - backend.engine.qualia_particle_engine - WARNING - Cannot compute: buffers not initialized or shader missing
2025-09-29 16:24:26,416 - backend.engine.qualia_particle_engine - WARNING - Cannot compute: buffers not initialized or shader missing
2025-09-29 16:24:26,432 - backend.engine.qualia_particle_engine - WARNING - Cannot compute: buffers not initialized or shader missing
2025-09-29 16:24:26,448 - backend.engine.qualia_particle_engine - WARNING - Cannot compute: buffers not initialized or shader missing
2025-09-29 16:24:26,465 - backend.engine.qualia_particle_engine - WARNING - Cannot compute: buffers not initialized or shader missing
2025-09-29 16:24:26,481 - backend.engine.qualia_particle_engine - WARNING - Cannot compute: buffers not initialized or shader missing
2025-09-29 16:24:26,498 - backend.engine.qualia_particle_engine - WARNING - Cannot compute: buffers not initialized or shader missing
2025-09-29 16:24:26,514 - backend.engine.qualia_particle_engine - WARNING - Cannot compute: buffers not initialized or shader missing
2025-09-29 16:24:26,531 - backend.engine.qualia_particle_engine - WARNING - Cannot compute: buffers not initialized or shader missing
2025-09-29 16:24:26,547 - backend.engine.qualia_particle_engine - WARNING - Cannot compute: buffers not initialized or shader missing
2025-09-29 16:24:26,564 - backend.engine.qualia_particle_engine - WARNING - Cannot compute: buffers not initialized or shader missing
2025-09-29 16:24:26,580 - backend.engine.qualia_particle_engine - WARNING - Cannot compute: buffers not initialized or shader missing
2025-09-29 16:24:26,596 - backend.engine.qualia_particle_engine - WARNING - Cannot compute: buffers not initialized or shader missing
2025-09-29 16:24:26,613 - backend.engine.qualia_particle_engine - WARNING - Cannot compute: buffers not initialized or shader missing
2025-09-29 16:24:26,629 - backend.engine.qualia_particle_engine - WARNING - Cannot compute: buffers not initialized or shader missing
2025-09-29 16:24:26,646 - backend.engine.qualia_particle_engine - WARNING - Cannot compute: buffers not initialized or shader missing
2025-09-29 16:24:26,662 - backend.engine.qualia_particle_engine - WARNING - Cannot compute: buffers not initialized or shader missing
2025-09-29 16:24:26,679 - backend.engine.qualia_particle_engine - WARNING - Cannot compute: buffers not initialized or shader missing
2025-09-29 16:24:26,695 - backend.engine.qualia_particle_engine - WARNING - Cannot compute: buffers not initialized or shader missing
2025-09-29 16:24:26,711 - backend.engine.qualia_particle_engine - WARNING - Cannot compute: buffers not initialized or shader missing
2025-09-29 16:24:26,728 - backend.engine.qualia_particle_engine - WARNING - Cannot compute: buffers not initialized or shader missing
2025-09-29 16:24:26,744 - backend.engine.qualia_particle_engine - WARNING - Cannot compute: buffers not initialized or shader missing
2025-09-29 16:24:26,760 - backend.engine.qualia_particle_engine - WARNING - Cannot compute: buffers not initialized or shader missing
2025-09-29 16:24:26,776 - backend.engine.qualia_particle_engine - WARNING - Cannot compute: buffers not initialized or shader missing
2025-09-29 16:24:26,793 - backend.engine.qualia_particle_engine - WARNING - Cannot compute: buffers not initialized or shader missing
2025-09-29 16:24:26,810 - backend.engine.qualia_particle_engine - WARNING - Cannot compute: buffers not initialized or shader missing
2025-09-29 16:24:26,826 - backend.engine.qualia_particle_engine - WARNING - Cannot compute: buffers not initialized or shader missing
2025-09-29 16:24:26,843 - backend.engine.qualia_particle_engine - WARNING - Cannot compute: buffers not initialized or shader missing
2025-09-29 16:24:26,859 - backend.engine.qualia_particle_engine - WARNING - Cannot compute: buffers not initialized or shader missing
2025-09-29 16:24:26,876 - backend.engine.qualia_particle_engine - WARNING - Cannot compute: buffers not initialized or shader missing
2025-09-29 16:24:26,892 - backend.engine.qualia_particle_engine - WARNING - Cannot compute: buffers not initialized or shader missing
2025-09-29 16:24:26,908 - backend.engine.qualia_particle_engine - WARNING - Cannot compute: buffers not initialized or shader missing
2025-09-29 16:24:26,925 - backend.engine.qualia_particle_engine - WARNING - Cannot compute: buffers not initialized or shader missing
2025-09-29 16:24:26,941 - backend.engine.qualia_particle_engine - WARNING - Cannot compute: buffers not initialized or shader missing
2025-09-29 16:24:26,957 - backend.engine.qualia_particle_engine - WARNING - Cannot compute: buffers not initialized or shader missing
2025-09-29 16:24:26,974 - backend.engine.qualia_particle_engine - WARNING - Cannot compute: buffers not initialized or shader missing
2025-09-29 16:24:26,990 - backend.engine.qualia_particle_engine - WARNING - Cannot compute: buffers not initialized or shader missing
2025-09-29 16:24:27,007 - backend.engine.qualia_particle_engine - WARNING - Cannot compute: buffers not initialized or shader missing
2025-09-29 16:24:27,023 - backend.engine.qualia_particle_engine - WARNING - Cannot compute: buffers not initialized or shader missing
2025-09-29 16:24:27,039 - backend.engine.qualia_particle_engine - WARNING - Cannot compute: buffers not initialized or shader missing
2025-09-29 16:24:27,056 - backend.engine.qualia_particle_engine - WARNING - Cannot compute: buffers not initialized or shader missing
2025-09-29 16:24:27,072 - backend.engine.qualia_particle_engine - WARNING - Cannot compute: buffers not initialized or shader missing
2025-09-29 16:24:27,089 - backend.engine.qualia_particle_engine - WARNING - Cannot compute: buffers not initialized or shader missing
2025-09-29 16:24:27,105 - backend.engine.qualia_particle_engine - WARNING - Cannot compute: buffers not initialized or shader missing
2025-09-29 16:24:27,121 - backend.engine.qualia_particle_engine - WARNING - Cannot compute: buffers not initialized or shader missing
2025-09-29 16:24:27,138 - backend.engine.qualia_particle_engine - WARNING - Cannot compute: buffers not initialized or shader missing
2025-09-29 16:24:27,154 - backend.engine.qualia_particle_engine - WARNING - Cannot compute: buffers not initialized or shader missing
2025-09-29 16:24:27,171 - backend.engine.qualia_particle_engine - WARNING - Cannot compute: buffers not initialized or shader missing
2025-09-29 16:24:27,187 - backend.engine.qualia_particle_engine - WARNING - Cannot compute: buffers not initialized or shader missing
2025-09-29 16:24:27,204 - backend.engine.qualia_particle_engine - WARNING - Cannot compute: buffers not initialized or shader missing
2025-09-29 16:24:27,220 - backend.engine.qualia_particle_engine - WARNING - Cannot compute: buffers not initialized or shader missing
2025-09-29 16:24:27,236 - backend.engine.qualia_particle_engine - WARNING - Cannot compute: buffers not initialized or shader missing
2025-09-29 16:24:27,253 - backend.engine.qualia_particle_engine - WARNING - Cannot compute: buffers not initialized or shader missing
2025-09-29 16:24:27,269 - backend.engine.qualia_particle_engine - WARNING - Cannot compute: buffers not initialized or shader missing
2025-09-29 16:24:27,285 - backend.engine.qualia_particle_engine - WARNING - Cannot compute: buffers not initialized or shader missing
2025-09-29 16:24:27,302 - backend.engine.qualia_particle_engine - WARNING - Cannot compute: buffers not initialized or shader missing
2025-09-29 16:24:27,318 - backend.engine.qualia_particle_engine - WARNING - Cannot compute: buffers not initialized or shader missing
2025-09-29 16:24:27,335 - backend.engine.qualia_particle_engine - WARNING - Cannot compute: buffers not initialized or shader missing
2025-09-29 16:24:27,351 - backend.engine.qualia_particle_engine - WARNING - Cannot compute: buffers not initialized or shader missing
2025-09-29 16:24:27,367 - backend.engine.qualia_particle_engine - WARNING - Cannot compute: buffers not initialized or shader missing
2025-09-29 16:24:27,383 - backend.engine.qualia_particle_engine - WARNING - Cannot compute: buffers not initialized or shader missing
2025-09-29 16:24:27,399 - backend.engine.qualia_particle_engine - WARNING - Cannot compute: buffers not initialized or shader missing
2025-09-29 16:24:27,416 - backend.engine.qualia_particle_engine - WARNING - Cannot compute: buffers not initialized or shader missing
2025-09-29 16:24:27,433 - backend.engine.qualia_particle_engine - WARNING - Cannot compute: buffers not initialized or shader missing
2025-09-29 16:24:27,449 - backend.engine.qualia_particle_engine - WARNING - Cannot compute: buffers not initialized or shader missing
2025-09-29 16:24:27,466 - backend.engine.qualia_particle_engine - WARNING - Cannot compute: buffers not initialized or shader missing
2025-09-29 16:24:27,482 - backend.engine.qualia_particle_engine - WARNING - Cannot compute: buffers not initialized or shader missing
2025-09-29 16:24:27,498 - backend.engine.qualia_particle_engine - WARNING - Cannot compute: buffers not initialized or shader missing
2025-09-29 16:24:27,515 - backend.engine.qualia_particle_engine - WARNING - Cannot compute: buffers not initialized or shader missing
2025-09-29 16:24:27,531 - backend.engine.qualia_particle_engine - WARNING - Cannot compute: buffers not initialized or shader missing
2025-09-29 16:24:27,548 - backend.engine.qualia_particle_engine - WARNING - Cannot compute: buffers not initialized or shader missing
2025-09-29 16:24:27,564 - backend.engine.qualia_particle_engine - WARNING - Cannot compute: buffers not initialized or shader missing
2025-09-29 16:24:27,581 - backend.engine.qualia_particle_engine - WARNING - Cannot compute: buffers not initialized or shader missing
2025-09-29 16:24:27,597 - backend.engine.qualia_particle_engine - WARNING - Cannot compute: buffers not initialized or shader missing
2025-09-29 16:24:27,614 - backend.engine.qualia_particle_engine - WARNING - Cannot compute: buffers not initialized or shader missing
2025-09-29 16:24:27,630 - backend.engine.qualia_particle_engine - WARNING - Cannot compute: buffers not initialized or shader missing
2025-09-29 16:24:27,646 - backend.engine.qualia_particle_engine - WARNING - Cannot compute: buffers not initialized or shader missing
2025-09-29 16:24:27,662 - backend.engine.qualia_particle_engine - WARNING - Cannot compute: buffers not initialized or shader missing
2025-09-29 16:24:27,678 - backend.engine.qualia_particle_engine - WARNING - Cannot compute: buffers not initialized or shader missing
2025-09-29 16:24:27,695 - backend.engine.qualia_particle_engine - WARNING - Cannot compute: buffers not initialized or shader missing
2025-09-29 16:24:27,711 - backend.engine.qualia_particle_engine - WARNING - Cannot compute: buffers not initialized or shader missing
2025-09-29 16:24:27,727 - backend.engine.qualia_particle_engine - WARNING - Cannot compute: buffers not initialized or shader missing
2025-09-29 16:24:27,744 - backend.engine.qualia_particle_engine - WARNING - Cannot compute: buffers not initialized or shader missing
2025-09-29 16:24:27,760 - backend.engine.qualia_particle_engine - WARNING - Cannot compute: buffers not initialized or shader missing
2025-09-29 16:24:27,777 - backend.engine.qualia_particle_engine - WARNING - Cannot compute: buffers not initialized or shader missing
2025-09-29 16:24:27,793 - backend.engine.qualia_particle_engine - WARNING - Cannot compute: buffers not initialized or shader missing
2025-09-29 16:24:27,810 - backend.engine.qualia_particle_engine - WARNING - Cannot compute: buffers not initialized or shader missing
2025-09-29 16:24:27,826 - backend.engine.qualia_particle_engine - WARNING - Cannot compute: buffers not initialized or shader missing
2025-09-29 16:24:27,843 - backend.engine.qualia_particle_engine - WARNING - Cannot compute: buffers not initialized or shader missing
2025-09-29 16:24:27,859 - backend.engine.qualia_particle_engine - WARNING - Cannot compute: buffers not initialized or shader missing
2025-09-29 16:24:27,875 - backend.engine.qualia_particle_engine - WARNING - Cannot compute: buffers not initialized or shader missing
2025-09-29 16:24:27,892 - backend.engine.qualia_particle_engine - WARNING - Cannot compute: buffers not initialized or shader missing
2025-09-29 16:24:27,908 - backend.engine.qualia_particle_engine - WARNING - Cannot compute: buffers not initialized or shader missing
2025-09-29 16:24:27,925 - backend.engine.qualia_particle_engine - WARNING - Cannot compute: buffers not initialized or shader missing
2025-09-29 16:24:27,941 - backend.engine.qualia_particle_engine - WARNING - Cannot compute: buffers not initialized or shader missing
2025-09-29 16:24:27,957 - backend.engine.qualia_particle_engine - WARNING - Cannot compute: buffers not initialized or shader missing
2025-09-29 16:24:27,974 - backend.engine.qualia_particle_engine - WARNING - Cannot compute: buffers not initialized or shader missing
2025-09-29 16:24:27,991 - backend.engine.qualia_particle_engine - WARNING - Cannot compute: buffers not initialized or shader missing
2025-09-29 16:24:28,007 - backend.engine.qualia_particle_engine - WARNING - Cannot compute: buffers not initialized or shader missing
2025-09-29 16:24:28,023 - backend.engine.qualia_particle_engine - WARNING - Cannot compute: buffers not initialized or shader missing
2025-09-29 16:24:28,040 - backend.engine.qualia_particle_engine - WARNING - Cannot compute: buffers not initialized or shader missing
2025-09-29 16:24:28,056 - backend.engine.qualia_particle_engine - WARNING - Cannot compute: buffers not initialized or shader missing
2025-09-29 16:24:28,072 - backend.engine.qualia_particle_engine - WARNING - Cannot compute: buffers not initialized or shader missing
2025-09-29 16:24:28,088 - backend.engine.qualia_particle_engine - WARNING - Cannot compute: buffers not initialized or shader missing
2025-09-29 16:24:28,105 - backend.engine.qualia_particle_engine - WARNING - Cannot compute: buffers not initialized or shader missing
2025-09-29 16:24:28,121 - backend.engine.qualia_particle_engine - WARNING - Cannot compute: buffers not initialized or shader missing
2025-09-29 16:24:28,137 - backend.engine.qualia_particle_engine - WARNING - Cannot compute: buffers not initialized or shader missing
2025-09-29 16:24:28,154 - backend.engine.qualia_particle_engine - WARNING - Cannot compute: buffers not initialized or shader missing
2025-09-29 16:24:28,170 - backend.engine.qualia_particle_engine - WARNING - Cannot compute: buffers not initialized or shader missing
2025-09-29 16:24:28,187 - backend.engine.qualia_particle_engine - WARNING - Cannot compute: buffers not initialized or shader missing
2025-09-29 16:24:28,203 - backend.engine.qualia_particle_engine - WARNING - Cannot compute: buffers not initialized or shader missing
2025-09-29 16:24:28,220 - backend.engine.qualia_particle_engine - WARNING - Cannot compute: buffers not initialized or shader missing
2025-09-29 16:24:28,236 - backend.engine.qualia_particle_engine - WARNING - Cannot compute: buffers not initialized or shader missing
2025-09-29 16:24:28,253 - backend.engine.qualia_particle_engine - WARNING - Cannot compute: buffers not initialized or shader missing
2025-09-29 16:24:28,269 - backend.engine.qualia_particle_engine - WARNING - Cannot compute: buffers not initialized or shader missing
2025-09-29 16:24:28,286 - backend.engine.qualia_particle_engine - WARNING - Cannot compute: buffers not initialized or shader missing
2025-09-29 16:24:28,302 - backend.engine.qualia_particle_engine - WARNING - Cannot compute: buffers not initialized or shader missing
2025-09-29 16:24:28,318 - backend.engine.qualia_particle_engine - WARNING - Cannot compute: buffers not initialized or shader missing
2025-09-29 16:24:28,335 - backend.engine.qualia_particle_engine - WARNING - Cannot compute: buffers not initialized or shader missing
2025-09-29 16:24:28,351 - backend.engine.qualia_particle_engine - WARNING - Cannot compute: buffers not initialized or shader missing
2025-09-29 16:24:28,367 - backend.engine.qualia_particle_engine - WARNING - Cannot compute: buffers not initialized or shader missing
2025-09-29 16:24:28,383 - backend.engine.qualia_particle_engine - WARNING - Cannot compute: buffers not initialized or shader missing
2025-09-29 16:24:28,400 - backend.engine.qualia_particle_engine - WARNING - Cannot compute: buffers not initialized or shader missing
2025-09-29 16:24:28,416 - backend.engine.qualia_particle_engine - WARNING - Cannot compute: buffers not initialized or shader missing
2025-09-29 16:24:28,433 - backend.engine.qualia_particle_engine - WARNING - Cannot compute: buffers not initialized or shader missing
2025-09-29 16:24:28,449 - backend.engine.qualia_particle_engine - WARNING - Cannot compute: buffers not initialized or shader missing
2025-09-29 16:24:28,466 - backend.engine.qualia_particle_engine - WARNING - Cannot compute: buffers not initialized or shader missing
2025-09-29 16:24:28,482 - backend.engine.qualia_particle_engine - WARNING - Cannot compute: buffers not initialized or shader missing
2025-09-29 16:24:28,498 - backend.engine.qualia_particle_engine - WARNING - Cannot compute: buffers not initialized or shader missing
2025-09-29 16:24:28,515 - backend.engine.qualia_particle_engine - WARNING - Cannot compute: buffers not initialized or shader missing
2025-09-29 16:24:28,531 - backend.engine.qualia_particle_engine - WARNING - Cannot compute: buffers not initialized or shader missing
2025-09-29 16:24:28,548 - backend.engine.qualia_particle_engine - WARNING - Cannot compute: buffers not initialized or shader missing
2025-09-29 16:24:28,564 - backend.engine.qualia_particle_engine - WARNING - Cannot compute: buffers not initialized or shader missing
2025-09-29 16:24:28,580 - backend.engine.qualia_particle_engine - WARNING - Cannot compute: buffers not initialized or shader missing
2025-09-29 16:24:28,597 - backend.engine.qualia_particle_engine - WARNING - Cannot compute: buffers not initialized or shader missing
2025-09-29 16:24:28,613 - backend.engine.qualia_particle_engine - WARNING - Cannot compute: buffers not initialized or shader missing
2025-09-29 16:24:28,630 - backend.engine.qualia_particle_engine - WARNING - Cannot compute: buffers not initialized or shader missing
2025-09-29 16:24:28,646 - backend.engine.qualia_particle_engine - WARNING - Cannot compute: buffers not initialized or shader missing
2025-09-29 16:24:28,662 - backend.engine.qualia_particle_engine - WARNING - Cannot compute: buffers not initialized or shader missing
2025-09-29 16:24:28,678 - backend.engine.qualia_particle_engine - WARNING - Cannot compute: buffers not initialized or shader missing
2025-09-29 16:24:28,695 - backend.engine.qualia_particle_engine - WARNING - Cannot compute: buffers not initialized or shader missing
2025-09-29 16:24:28,711 - backend.engine.qualia_particle_engine - WARNING - Cannot compute: buffers not initialized or shader missing
2025-09-29 16:24:28,727 - backend.engine.qualia_particle_engine - WARNING - Cannot compute: buffers not initialized or shader missing
2025-09-29 16:24:28,744 - backend.engine.qualia_particle_engine - WARNING - Cannot compute: buffers not initialized or shader missing
2025-09-29 16:24:28,760 - backend.engine.qualia_particle_engine - WARNING - Cannot compute: buffers not initialized or shader missing
2025-09-29 16:24:28,776 - backend.engine.qualia_particle_engine - WARNING - Cannot compute: buffers not initialized or shader missing
2025-09-29 16:24:28,792 - backend.engine.qualia_particle_engine - WARNING - Cannot compute: buffers not initialized or shader missing
2025-09-29 16:24:28,809 - backend.engine.qualia_particle_engine - WARNING - Cannot compute: buffers not initialized or shader missing
2025-09-29 16:24:28,825 - backend.engine.qualia_particle_engine - WARNING - Cannot compute: buffers not initialized or shader missing
2025-09-29 16:24:28,841 - backend.engine.qualia_particle_engine - WARNING - Cannot compute: buffers not initialized or shader missing
2025-09-29 16:24:28,858 - backend.engine.qualia_particle_engine - WARNING - Cannot compute: buffers not initialized or shader missing
2025-09-29 16:24:28,875 - backend.engine.qualia_particle_engine - WARNING - Cannot compute: buffers not initialized or shader missing
2025-09-29 16:24:28,891 - backend.engine.qualia_particle_engine - WARNING - Cannot compute: buffers not initialized or shader missing
2025-09-29 16:24:28,907 - backend.engine.qualia_particle_engine - WARNING - Cannot compute: buffers not initialized or shader missing
2025-09-29 16:24:28,924 - backend.engine.qualia_particle_engine - WARNING - Cannot compute: buffers not initialized or shader missing
2025-09-29 16:24:28,940 - backend.engine.qualia_particle_engine - WARNING - Cannot compute: buffers not initialized or shader missing
2025-09-29 16:24:28,957 - backend.engine.qualia_particle_engine - WARNING - Cannot compute: buffers not initialized or shader missing
2025-09-29 16:24:28,973 - backend.engine.qualia_particle_engine - WARNING - Cannot compute: buffers not initialized or shader missing
2025-09-29 16:24:28,990 - backend.engine.qualia_particle_engine - WARNING - Cannot compute: buffers not initialized or shader missing
2025-09-29 16:24:29,006 - backend.engine.qualia_particle_engine - WARNING - Cannot compute: buffers not initialized or shader missing
2025-09-29 16:24:29,023 - backend.engine.qualia_particle_engine - WARNING - Cannot compute: buffers not initialized or shader missing
2025-09-29 16:24:29,039 - backend.engine.qualia_particle_engine - WARNING - Cannot compute: buffers not initialized or shader missing
2025-09-29 16:24:29,055 - backend.engine.qualia_particle_engine - WARNING - Cannot compute: buffers not initialized or shader missing
2025-09-29 16:24:29,072 - backend.engine.qualia_particle_engine - WARNING - Cannot compute: buffers not initialized or shader missing
2025-09-29 16:24:29,088 - backend.engine.qualia_particle_engine - WARNING - Cannot compute: buffers not initialized or shader missing
2025-09-29 16:24:29,105 - backend.engine.qualia_particle_engine - WARNING - Cannot compute: buffers not initialized or shader missing
2025-09-29 16:24:29,121 - backend.engine.qualia_particle_engine - WARNING - Cannot compute: buffers not initialized or shader missing
2025-09-29 16:24:29,139 - backend.engine.qualia_particle_engine - WARNING - Cannot compute: buffers not initialized or shader missing
2025-09-29 16:24:29,155 - backend.engine.qualia_particle_engine - WARNING - Cannot compute: buffers not initialized or shader missing
2025-09-29 16:24:29,171 - backend.engine.qualia_particle_engine - WARNING - Cannot compute: buffers not initialized or shader missing
2025-09-29 16:24:29,187 - backend.engine.qualia_particle_engine - WARNING - Cannot compute: buffers not initialized or shader missing
2025-09-29 16:24:29,204 - backend.engine.qualia_particle_engine - WARNING - Cannot compute: buffers not initialized or shader missing
2025-09-29 16:24:29,220 - backend.engine.qualia_particle_engine - WARNING - Cannot compute: buffers not initialized or shader missing
2025-09-29 16:24:29,236 - backend.engine.qualia_particle_engine - WARNING - Cannot compute: buffers not initialized or shader missing
2025-09-29 16:24:29,253 - backend.engine.qualia_particle_engine - WARNING - Cannot compute: buffers not initialized or shader missing
2025-09-29 16:24:29,269 - backend.engine.qualia_particle_engine - WARNING - Cannot compute: buffers not initialized or shader missing
2025-09-29 16:24:29,286 - backend.engine.qualia_particle_engine - WARNING - Cannot compute: buffers not initialized or shader missing
2025-09-29 16:24:29,302 - backend.engine.qualia_particle_engine - WARNING - Cannot compute: buffers not initialized or shader missing
2025-09-29 16:24:29,319 - backend.engine.qualia_particle_engine - WARNING - Cannot compute: buffers not initialized or shader missing
2025-09-29 16:24:29,335 - backend.engine.qualia_particle_engine - WARNING - Cannot compute: buffers not initialized or shader missing
2025-09-29 16:24:29,352 - backend.engine.qualia_particle_engine - WARNING - Cannot compute: buffers not initialized or shader missing
2025-09-29 16:24:29,368 - backend.engine.qualia_particle_engine - WARNING - Cannot compute: buffers not initialized or shader missing
2025-09-29 16:24:29,385 - backend.engine.qualia_particle_engine - WARNING - Cannot compute: buffers not initialized or shader missing
2025-09-29 16:24:29,401 - backend.engine.qualia_particle_engine - WARNING - Cannot compute: buffers not initialized or shader missing
2025-09-29 16:24:29,417 - backend.engine.qualia_particle_engine - WARNING - Cannot compute: buffers not initialized or shader missing
2025-09-29 16:24:29,434 - backend.engine.qualia_particle_engine - WARNING - Cannot compute: buffers not initialized or shader missing
2025-09-29 16:24:29,450 - backend.engine.qualia_particle_engine - WARNING - Cannot compute: buffers not initialized or shader missing
2025-09-29 16:24:29,466 - backend.engine.qualia_particle_engine - WARNING - Cannot compute: buffers not initialized or shader missing
2025-09-29 16:24:29,482 - backend.engine.qualia_particle_engine - WARNING - Cannot compute: buffers not initialized or shader missing
2025-09-29 16:24:29,499 - backend.engine.qualia_particle_engine - WARNING - Cannot compute: buffers not initialized or shader missing
2025-09-29 16:24:29,515 - backend.engine.qualia_particle_engine - WARNING - Cannot compute: buffers not initialized or shader missing
2025-09-29 16:24:29,531 - backend.engine.qualia_particle_engine - WARNING - Cannot compute: buffers not initialized or shader missing
2025-09-29 16:24:29,547 - backend.engine.qualia_particle_engine - WARNING - Cannot compute: buffers not initialized or shader missing
2025-09-29 16:24:29,563 - backend.engine.qualia_particle_engine - WARNING - Cannot compute: buffers not initialized or shader missing
2025-09-29 16:24:29,579 - backend.engine.qualia_particle_engine - WARNING - Cannot compute: buffers not initialized or shader missing
2025-09-29 16:24:29,595 - backend.engine.qualia_particle_engine - WARNING - Cannot compute: buffers not initialized or shader missing
2025-09-29 16:24:29,612 - backend.engine.qualia_particle_engine - WARNING - Cannot compute: buffers not initialized or shader missing
2025-09-29 16:24:29,628 - backend.engine.qualia_particle_engine - WARNING - Cannot compute: buffers not initialized or shader missing
2025-09-29 16:24:29,644 - backend.engine.qualia_particle_engine - WARNING - Cannot compute: buffers not initialized or shader missing
2025-09-29 16:24:29,661 - backend.engine.qualia_particle_engine - WARNING - Cannot compute: buffers not initialized or shader missing
2025-09-29 16:24:29,678 - backend.engine.qualia_particle_engine - WARNING - Cannot compute: buffers not initialized or shader missing
2025-09-29 16:24:29,694 - backend.engine.qualia_particle_engine - WARNING - Cannot compute: buffers not initialized or shader missing
2025-09-29 16:24:29,710 - backend.engine.qualia_particle_engine - WARNING - Cannot compute: buffers not initialized or shader missing
2025-09-29 16:24:29,726 - backend.engine.qualia_particle_engine - WARNING - Cannot compute: buffers not initialized or shader missing
2025-09-29 16:24:29,742 - backend.engine.qualia_particle_engine - WARNING - Cannot compute: buffers not initialized or shader missing
2025-09-29 16:24:29,758 - backend.engine.qualia_particle_engine - WARNING - Cannot compute: buffers not initialized or shader missing
2025-09-29 16:24:29,775 - backend.engine.qualia_particle_engine - WARNING - Cannot compute: buffers not initialized or shader missing
2025-09-29 16:24:29,791 - backend.engine.qualia_particle_engine - WARNING - Cannot compute: buffers not initialized or shader missing
2025-09-29 16:24:29,808 - backend.engine.qualia_particle_engine - WARNING - Cannot compute: buffers not initialized or shader missing
2025-09-29 16:24:29,824 - backend.engine.qualia_particle_engine - WARNING - Cannot compute: buffers not initialized or shader missing
2025-09-29 16:24:29,841 - backend.engine.qualia_particle_engine - WARNING - Cannot compute: buffers not initialized or shader missing
2025-09-29 16:24:29,857 - backend.engine.qualia_particle_engine - WARNING - Cannot compute: buffers not initialized or shader missing
2025-09-29 16:24:29,873 - backend.engine.qualia_particle_engine - WARNING - Cannot compute: buffers not initialized or shader missing
2025-09-29 16:24:29,890 - backend.engine.qualia_particle_engine - WARNING - Cannot compute: buffers not initialized or shader missing
2025-09-29 16:24:29,906 - backend.engine.qualia_particle_engine - WARNING - Cannot compute: buffers not initialized or shader missing
2025-09-29 16:24:29,923 - backend.engine.qualia_particle_engine - WARNING - Cannot compute: buffers not initialized or shader missing
2025-09-29 16:24:29,939 - backend.engine.qualia_particle_engine - WARNING - Cannot compute: buffers not initialized or shader missing
2025-09-29 16:24:29,955 - backend.engine.qualia_particle_engine - WARNING - Cannot compute: buffers not initialized or shader missing
2025-09-29 16:24:29,971 - backend.engine.qualia_particle_engine - WARNING - Cannot compute: buffers not initialized or shader missing
2025-09-29 16:24:29,987 - backend.engine.qualia_particle_engine - WARNING - Cannot compute: buffers not initialized or shader missing
2025-09-29 16:24:30,004 - backend.engine.qualia_particle_engine - WARNING - Cannot compute: buffers not initialized or shader missing
2025-09-29 16:24:30,020 - backend.engine.qualia_particle_engine - WARNING - Cannot compute: buffers not initialized or shader missing
2025-09-29 16:24:30,036 - backend.engine.qualia_particle_engine - WARNING - Cannot compute: buffers not initialized or shader missing
2025-09-29 16:24:30,053 - backend.engine.qualia_particle_engine - WARNING - Cannot compute: buffers not initialized or shader missing
2025-09-29 16:24:30,069 - backend.engine.qualia_particle_engine - WARNING - Cannot compute: buffers not initialized or shader missing
2025-09-29 16:24:30,086 - backend.engine.qualia_particle_engine - WARNING - Cannot compute: buffers not initialized or shader missing
2025-09-29 16:24:30,102 - backend.engine.qualia_particle_engine - WARNING - Cannot compute: buffers not initialized or shader missing
2025-09-29 16:24:30,118 - backend.engine.qualia_particle_engine - WARNING - Cannot compute: buffers not initialized or shader missing
2025-09-29 16:24:30,135 - backend.engine.qualia_particle_engine - WARNING - Cannot compute: buffers not initialized or shader missing
2025-09-29 16:24:30,151 - backend.engine.qualia_particle_engine - WARNING - Cannot compute: buffers not initialized or shader missing
2025-09-29 16:24:30,168 - backend.engine.qualia_particle_engine - WARNING - Cannot compute: buffers not initialized or shader missing
2025-09-29 16:24:30,184 - backend.engine.qualia_particle_engine - WARNING - Cannot compute: buffers not initialized or shader missing
2025-09-29 16:24:30,200 - backend.engine.qualia_particle_engine - WARNING - Cannot compute: buffers not initialized or shader missing
2025-09-29 16:24:30,217 - backend.engine.qualia_particle_engine - WARNING - Cannot compute: buffers not initialized or shader missing
2025-09-29 16:24:30,233 - backend.engine.qualia_particle_engine - WARNING - Cannot compute: buffers not initialized or shader missing
2025-09-29 16:24:30,250 - backend.engine.qualia_particle_engine - WARNING - Cannot compute: buffers not initialized or shader missing
2025-09-29 16:24:30,266 - backend.engine.qualia_particle_engine - WARNING - Cannot compute: buffers not initialized or shader missing
2025-09-29 16:24:30,283 - backend.engine.qualia_particle_engine - WARNING - Cannot compute: buffers not initialized or shader missing
2025-09-29 16:24:30,299 - backend.engine.qualia_particle_engine - WARNING - Cannot compute: buffers not initialized or shader missing
2025-09-29 16:24:30,315 - backend.engine.qualia_particle_engine - WARNING - Cannot compute: buffers not initialized or shader missing
2025-09-29 16:24:30,332 - backend.engine.qualia_particle_engine - WARNING - Cannot compute: buffers not initialized or shader missing
2025-09-29 16:24:30,348 - backend.engine.qualia_particle_engine - WARNING - Cannot compute: buffers not initialized or shader missing
2025-09-29 16:24:30,365 - backend.engine.qualia_particle_engine - WARNING - Cannot compute: buffers not initialized or shader missing
2025-09-29 16:24:30,381 - backend.engine.qualia_particle_engine - WARNING - Cannot compute: buffers not initialized or shader missing
2025-09-29 16:24:30,398 - backend.engine.qualia_particle_engine - WARNING - Cannot compute: buffers not initialized or shader missing
2025-09-29 16:24:30,414 - backend.engine.qualia_particle_engine - WARNING - Cannot compute: buffers not initialized or shader missing
2025-09-29 16:24:30,431 - backend.engine.qualia_particle_engine - WARNING - Cannot compute: buffers not initialized or shader missing
2025-09-29 16:24:30,447 - backend.engine.qualia_particle_engine - WARNING - Cannot compute: buffers not initialized or shader missing
2025-09-29 16:24:30,463 - backend.engine.qualia_particle_engine - WARNING - Cannot compute: buffers not initialized or shader missing
2025-09-29 16:24:30,480 - backend.engine.qualia_particle_engine - WARNING - Cannot compute: buffers not initialized or shader missing
2025-09-29 16:24:30,496 - backend.engine.qualia_particle_engine - WARNING - Cannot compute: buffers not initialized or shader missing
2025-09-29 16:24:30,513 - backend.engine.qualia_particle_engine - WARNING - Cannot compute: buffers not initialized or shader missing
2025-09-29 16:24:30,529 - backend.engine.qualia_particle_engine - WARNING - Cannot compute: buffers not initialized or shader missing
2025-09-29 16:24:30,546 - backend.engine.qualia_particle_engine - WARNING - Cannot compute: buffers not initialized or shader missing
2025-09-29 16:24:30,562 - backend.engine.qualia_particle_engine - WARNING - Cannot compute: buffers not initialized or shader missing
2025-09-29 16:24:30,579 - backend.engine.qualia_particle_engine - WARNING - Cannot compute: buffers not initialized or shader missing
2025-09-29 16:24:30,595 - backend.engine.qualia_particle_engine - WARNING - Cannot compute: buffers not initialized or shader missing
2025-09-29 16:24:30,611 - backend.engine.qualia_particle_engine - WARNING - Cannot compute: buffers not initialized or shader missing
2025-09-29 16:24:30,628 - backend.engine.qualia_particle_engine - WARNING - Cannot compute: buffers not initialized or shader missing
2025-09-29 16:24:30,644 - backend.engine.qualia_particle_engine - WARNING - Cannot compute: buffers not initialized or shader missing
2025-09-29 16:24:30,661 - backend.engine.qualia_particle_engine - WARNING - Cannot compute: buffers not initialized or shader missing
2025-09-29 16:24:30,677 - backend.engine.qualia_particle_engine - WARNING - Cannot compute: buffers not initialized or shader missing
2025-09-29 16:24:30,694 - backend.engine.qualia_particle_engine - WARNING - Cannot compute: buffers not initialized or shader missing
2025-09-29 16:24:30,710 - backend.engine.qualia_particle_engine - WARNING - Cannot compute: buffers not initialized or shader missing
2025-09-29 16:24:30,726 - backend.engine.qualia_particle_engine - WARNING - Cannot compute: buffers not initialized or shader missing
2025-09-29 16:24:30,743 - backend.engine.qualia_particle_engine - WARNING - Cannot compute: buffers not initialized or shader missing
2025-09-29 16:24:30,759 - backend.engine.qualia_particle_engine - WARNING - Cannot compute: buffers not initialized or shader missing
2025-09-29 16:24:30,775 - backend.engine.qualia_particle_engine - WARNING - Cannot compute: buffers not initialized or shader missing
2025-09-29 16:24:30,791 - backend.engine.qualia_particle_engine - WARNING - Cannot compute: buffers not initialized or shader missing
2025-09-29 16:24:30,808 - backend.engine.qualia_particle_engine - WARNING - Cannot compute: buffers not initialized or shader missing
2025-09-29 16:24:30,824 - backend.engine.qualia_particle_engine - WARNING - Cannot compute: buffers not initialized or shader missing
2025-09-29 16:24:30,840 - backend.engine.qualia_particle_engine - WARNING - Cannot compute: buffers not initialized or shader missing
2025-09-29 16:24:30,857 - backend.engine.qualia_particle_engine - WARNING - Cannot compute: buffers not initialized or shader missing
2025-09-29 16:24:30,874 - backend.engine.qualia_particle_engine - WARNING - Cannot compute: buffers not initialized or shader missing
2025-09-29 16:24:30,890 - backend.engine.qualia_particle_engine - WARNING - Cannot compute: buffers not initialized or shader missing
2025-09-29 16:24:30,906 - backend.engine.qualia_particle_engine - WARNING - Cannot compute: buffers not initialized or shader missing
2025-09-29 16:24:30,923 - backend.engine.qualia_particle_engine - WARNING - Cannot compute: buffers not initialized or shader missing
2025-09-29 16:24:30,939 - backend.engine.qualia_particle_engine - WARNING - Cannot compute: buffers not initialized or shader missing
2025-09-29 16:24:30,956 - backend.engine.qualia_particle_engine - WARNING - Cannot compute: buffers not initialized or shader missing
2025-09-29 16:24:30,972 - backend.engine.qualia_particle_engine - WARNING - Cannot compute: buffers not initialized or shader missing
2025-09-29 16:24:30,988 - backend.engine.qualia_particle_engine - WARNING - Cannot compute: buffers not initialized or shader missing
2025-09-29 16:24:31,005 - backend.engine.qualia_particle_engine - WARNING - Cannot compute: buffers not initialized or shader missing
2025-09-29 16:24:31,021 - backend.engine.qualia_particle_engine - WARNING - Cannot compute: buffers not initialized or shader missing
2025-09-29 16:24:31,038 - backend.engine.qualia_particle_engine - WARNING - Cannot compute: buffers not initialized or shader missing
2025-09-29 16:24:31,054 - backend.engine.qualia_particle_engine - WARNING - Cannot compute: buffers not initialized or shader missing
2025-09-29 16:24:31,071 - backend.engine.qualia_particle_engine - WARNING - Cannot compute: buffers not initialized or shader missing
2025-09-29 16:24:31,087 - backend.engine.qualia_particle_engine - WARNING - Cannot compute: buffers not initialized or shader missing
2025-09-29 16:24:31,104 - backend.engine.qualia_particle_engine - WARNING - Cannot compute: buffers not initialized or shader missing
2025-09-29 16:24:31,120 - backend.engine.qualia_particle_engine - WARNING - Cannot compute: buffers not initialized or shader missing
2025-09-29 16:24:31,136 - backend.engine.qualia_particle_engine - WARNING - Cannot compute: buffers not initialized or shader missing
2025-09-29 16:24:31,153 - backend.engine.qualia_particle_engine - WARNING - Cannot compute: buffers not initialized or shader missing
2025-09-29 16:24:31,169 - backend.engine.qualia_particle_engine - WARNING - Cannot compute: buffers not initialized or shader missing
2025-09-29 16:24:31,186 - backend.engine.qualia_particle_engine - WARNING - Cannot compute: buffers not initialized or shader missing
2025-09-29 16:24:31,202 - backend.engine.qualia_particle_engine - WARNING - Cannot compute: buffers not initialized or shader missing
2025-09-29 16:24:31,218 - backend.engine.qualia_particle_engine - WARNING - Cannot compute: buffers not initialized or shader missing
2025-09-29 16:24:31,235 - backend.engine.qualia_particle_engine - WARNING - Cannot compute: buffers not initialized or shader missing
2025-09-29 16:24:31,251 - backend.engine.qualia_particle_engine - WARNING - Cannot compute: buffers not initialized or shader missing
2025-09-29 16:24:31,268 - backend.engine.qualia_particle_engine - WARNING - Cannot compute: buffers not initialized or shader missing
2025-09-29 16:24:31,284 - backend.engine.qualia_particle_engine - WARNING - Cannot compute: buffers not initialized or shader missing
2025-09-29 16:24:31,301 - backend.engine.qualia_particle_engine - WARNING - Cannot compute: buffers not initialized or shader missing
2025-09-29 16:24:31,317 - backend.engine.qualia_particle_engine - WARNING - Cannot compute: buffers not initialized or shader missing
2025-09-29 16:24:31,333 - backend.engine.qualia_particle_engine - WARNING - Cannot compute: buffers not initialized or shader missing
2025-09-29 16:24:31,350 - backend.engine.qualia_particle_engine - WARNING - Cannot compute: buffers not initialized or shader missing
2025-09-29 16:24:31,366 - backend.engine.qualia_particle_engine - WARNING - Cannot compute: buffers not initialized or shader missing
2025-09-29 16:24:31,382 - backend.engine.qualia_particle_engine - WARNING - Cannot compute: buffers not initialized or shader missing
2025-09-29 16:24:31,398 - backend.engine.qualia_particle_engine - WARNING - Cannot compute: buffers not initialized or shader missing
2025-09-29 16:24:31,415 - backend.engine.qualia_particle_engine - WARNING - Cannot compute: buffers not initialized or shader missing
2025-09-29 16:24:31,431 - backend.engine.qualia_particle_engine - WARNING - Cannot compute: buffers not initialized or shader missing
2025-09-29 16:24:31,448 - backend.engine.qualia_particle_engine - WARNING - Cannot compute: buffers not initialized or shader missing
2025-09-29 16:24:31,464 - backend.engine.qualia_particle_engine - WARNING - Cannot compute: buffers not initialized or shader missing
2025-09-29 16:24:31,481 - backend.engine.qualia_particle_engine - WARNING - Cannot compute: buffers not initialized or shader missing
2025-09-29 16:24:31,497 - backend.engine.qualia_particle_engine - WARNING - Cannot compute: buffers not initialized or shader missing
2025-09-29 16:24:31,513 - backend.engine.qualia_particle_engine - WARNING - Cannot compute: buffers not initialized or shader missing
2025-09-29 16:24:31,530 - backend.engine.qualia_particle_engine - WARNING - Cannot compute: buffers not initialized or shader missing
2025-09-29 16:24:31,547 - backend.engine.qualia_particle_engine - WARNING - Cannot compute: buffers not initialized or shader missing
2025-09-29 16:24:31,564 - backend.engine.qualia_particle_engine - WARNING - Cannot compute: buffers not initialized or shader missing
2025-09-29 16:24:31,580 - backend.engine.qualia_particle_engine - WARNING - Cannot compute: buffers not initialized or shader missing
2025-09-29 16:24:31,597 - backend.engine.qualia_particle_engine - WARNING - Cannot compute: buffers not initialized or shader missing
2025-09-29 16:24:31,614 - backend.engine.qualia_particle_engine - WARNING - Cannot compute: buffers not initialized or shader missing
2025-09-29 16:24:31,631 - backend.engine.qualia_particle_engine - WARNING - Cannot compute: buffers not initialized or shader missing
2025-09-29 16:24:31,649 - backend.engine.qualia_particle_engine - WARNING - Cannot compute: buffers not initialized or shader missing
2025-09-29 16:24:31,666 - backend.engine.qualia_particle_engine - WARNING - Cannot compute: buffers not initialized or shader missing
2025-09-29 16:24:31,682 - backend.engine.qualia_particle_engine - WARNING - Cannot compute: buffers not initialized or shader missing
2025-09-29 16:24:31,700 - backend.engine.qualia_particle_engine - WARNING - Cannot compute: buffers not initialized or shader missing
2025-09-29 16:24:31,717 - backend.engine.qualia_particle_engine - WARNING - Cannot compute: buffers not initialized or shader missing
2025-09-29 16:24:31,733 - backend.engine.qualia_particle_engine - WARNING - Cannot compute: buffers not initialized or shader missing
2025-09-29 16:24:31,750 - backend.engine.qualia_particle_engine - WARNING - Cannot compute: buffers not initialized or shader missing
2025-09-29 16:24:31,766 - backend.engine.qualia_particle_engine - WARNING - Cannot compute: buffers not initialized or shader missing
2025-09-29 16:24:31,783 - backend.engine.qualia_particle_engine - WARNING - Cannot compute: buffers not initialized or shader missing
2025-09-29 16:24:31,799 - backend.engine.qualia_particle_engine - WARNING - Cannot compute: buffers not initialized or shader missing
2025-09-29 16:24:31,815 - backend.engine.qualia_particle_engine - WARNING - Cannot compute: buffers not initialized or shader missing
2025-09-29 16:24:31,832 - backend.engine.qualia_particle_engine - WARNING - Cannot compute: buffers not initialized or shader missing
2025-09-29 16:24:31,848 - backend.engine.qualia_particle_engine - WARNING - Cannot compute: buffers not initialized or shader missing
2025-09-29 16:24:31,864 - backend.engine.qualia_particle_engine - WARNING - Cannot compute: buffers not initialized or shader missing
2025-09-29 16:24:31,881 - backend.engine.qualia_particle_engine - WARNING - Cannot compute: buffers not initialized or shader missing
2025-09-29 16:24:31,897 - backend.engine.qualia_particle_engine - WARNING - Cannot compute: buffers not initialized or shader missing
2025-09-29 16:24:31,914 - backend.engine.qualia_particle_engine - WARNING - Cannot compute: buffers not initialized or shader missing
2025-09-29 16:24:31,930 - backend.engine.qualia_particle_engine - WARNING - Cannot compute: buffers not initialized or shader missing
2025-09-29 16:24:31,947 - backend.engine.qualia_particle_engine - WARNING - Cannot compute: buffers not initialized or shader missing
2025-09-29 16:24:31,963 - backend.engine.qualia_particle_engine - WARNING - Cannot compute: buffers not initialized or shader missing
2025-09-29 16:24:31,980 - backend.engine.qualia_particle_engine - WARNING - Cannot compute: buffers not initialized or shader missing
2025-09-29 16:24:31,997 - backend.engine.qualia_particle_engine - WARNING - Cannot compute: buffers not initialized or shader missing
2025-09-29 16:24:32,013 - backend.engine.qualia_particle_engine - WARNING - Cannot compute: buffers not initialized or shader missing
2025-09-29 16:24:32,030 - backend.engine.qualia_particle_engine - WARNING - Cannot compute: buffers not initialized or shader missing
2025-09-29 16:24:32,048 - backend.engine.qualia_particle_engine - WARNING - Cannot compute: buffers not initialized or shader missing
2025-09-29 16:24:32,065 - backend.engine.qualia_particle_engine - WARNING - Cannot compute: buffers not initialized or shader missing
2025-09-29 16:24:32,082 - backend.engine.qualia_particle_engine - WARNING - Cannot compute: buffers not initialized or shader missing
2025-09-29 16:24:32,098 - backend.engine.qualia_particle_engine - WARNING - Cannot compute: buffers not initialized or shader missing
2025-09-29 16:24:32,114 - backend.engine.qualia_particle_engine - WARNING - Cannot compute: buffers not initialized or shader missing
2025-09-29 16:24:32,131 - backend.engine.qualia_particle_engine - WARNING - Cannot compute: buffers not initialized or shader missing
2025-09-29 16:24:32,147 - backend.engine.qualia_particle_engine - WARNING - Cannot compute: buffers not initialized or shader missing
2025-09-29 16:24:32,164 - backend.engine.qualia_particle_engine - WARNING - Cannot compute: buffers not initialized or shader missing
2025-09-29 16:24:32,181 - backend.engine.qualia_particle_engine - WARNING - Cannot compute: buffers not initialized or shader missing
2025-09-29 16:24:32,198 - backend.engine.qualia_particle_engine - WARNING - Cannot compute: buffers not initialized or shader missing
2025-09-29 16:24:32,214 - backend.engine.qualia_particle_engine - WARNING - Cannot compute: buffers not initialized or shader missing
2025-09-29 16:24:32,230 - backend.engine.qualia_particle_engine - WARNING - Cannot compute: buffers not initialized or shader missing
2025-09-29 16:24:32,247 - backend.engine.qualia_particle_engine - WARNING - Cannot compute: buffers not initialized or shader missing
2025-09-29 16:24:32,263 - backend.engine.qualia_particle_engine - WARNING - Cannot compute: buffers not initialized or shader missing
2025-09-29 16:24:32,279 - backend.engine.qualia_particle_engine - WARNING - Cannot compute: buffers not initialized or shader missing
2025-09-29 16:24:32,295 - backend.engine.qualia_particle_engine - WARNING - Cannot compute: buffers not initialized or shader missing
2025-09-29 16:24:32,312 - backend.engine.qualia_particle_engine - WARNING - Cannot compute: buffers not initialized or shader missing
2025-09-29 16:24:32,328 - backend.engine.qualia_particle_engine - WARNING - Cannot compute: buffers not initialized or shader missing
2025-09-29 16:24:32,344 - backend.engine.qualia_particle_engine - WARNING - Cannot compute: buffers not initialized or shader missing
2025-09-29 16:24:32,361 - backend.engine.qualia_particle_engine - WARNING - Cannot compute: buffers not initialized or shader missing
2025-09-29 16:24:32,377 - backend.engine.qualia_particle_engine - WARNING - Cannot compute: buffers not initialized or shader missing
2025-09-29 16:24:32,393 - backend.engine.qualia_particle_engine - WARNING - Cannot compute: buffers not initialized or shader missing
2025-09-29 16:24:32,410 - backend.engine.qualia_particle_engine - WARNING - Cannot compute: buffers not initialized or shader missing
2025-09-29 16:24:32,426 - backend.engine.qualia_particle_engine - WARNING - Cannot compute: buffers not initialized or shader missing
2025-09-29 16:24:32,443 - backend.engine.qualia_particle_engine - WARNING - Cannot compute: buffers not initialized or shader missing
2025-09-29 16:24:32,459 - backend.engine.qualia_particle_engine - WARNING - Cannot compute: buffers not initialized or shader missing
2025-09-29 16:24:32,476 - backend.engine.qualia_particle_engine - WARNING - Cannot compute: buffers not initialized or shader missing
2025-09-29 16:24:32,492 - backend.engine.qualia_particle_engine - WARNING - Cannot compute: buffers not initialized or shader missing
2025-09-29 16:24:32,508 - backend.engine.qualia_particle_engine - WARNING - Cannot compute: buffers not initialized or shader missing
2025-09-29 16:24:32,525 - backend.engine.qualia_particle_engine - WARNING - Cannot compute: buffers not initialized or shader missing
2025-09-29 16:24:32,542 - backend.engine.qualia_particle_engine - WARNING - Cannot compute: buffers not initialized or shader missing
2025-09-29 16:24:32,558 - backend.engine.qualia_particle_engine - WARNING - Cannot compute: buffers not initialized or shader missing
2025-09-29 16:24:32,575 - backend.engine.qualia_particle_engine - WARNING - Cannot compute: buffers not initialized or shader missing
2025-09-29 16:24:32,591 - backend.engine.qualia_particle_engine - WARNING - Cannot compute: buffers not initialized or shader missing
2025-09-29 16:24:32,608 - backend.engine.qualia_particle_engine - WARNING - Cannot compute: buffers not initialized or shader missing
2025-09-29 16:24:32,624 - backend.engine.qualia_particle_engine - WARNING - Cannot compute: buffers not initialized or shader missing
2025-09-29 16:24:32,641 - backend.engine.qualia_particle_engine - WARNING - Cannot compute: buffers not initialized or shader missing
2025-09-29 16:24:32,657 - backend.engine.qualia_particle_engine - WARNING - Cannot compute: buffers not initialized or shader missing
2025-09-29 16:24:32,674 - backend.engine.qualia_particle_engine - WARNING - Cannot compute: buffers not initialized or shader missing
2025-09-29 16:24:32,690 - backend.engine.qualia_particle_engine - WARNING - Cannot compute: buffers not initialized or shader missing
2025-09-29 16:24:32,707 - backend.engine.qualia_particle_engine - WARNING - Cannot compute: buffers not initialized or shader missing
2025-09-29 16:24:32,724 - backend.engine.qualia_particle_engine - WARNING - Cannot compute: buffers not initialized or shader missing
2025-09-29 16:24:32,742 - backend.engine.qualia_particle_engine - WARNING - Cannot compute: buffers not initialized or shader missing
2025-09-29 16:24:32,758 - backend.engine.qualia_particle_engine - WARNING - Cannot compute: buffers not initialized or shader missing
2025-09-29 16:24:32,774 - backend.engine.qualia_particle_engine - WARNING - Cannot compute: buffers not initialized or shader missing
2025-09-29 16:24:32,790 - backend.engine.qualia_particle_engine - WARNING - Cannot compute: buffers not initialized or shader missing
2025-09-29 16:24:32,807 - backend.engine.qualia_particle_engine - WARNING - Cannot compute: buffers not initialized or shader missing
2025-09-29 16:24:32,823 - backend.engine.qualia_particle_engine - WARNING - Cannot compute: buffers not initialized or shader missing
2025-09-29 16:24:32,839 - backend.engine.qualia_particle_engine - WARNING - Cannot compute: buffers not initialized or shader missing
2025-09-29 16:24:32,856 - backend.engine.qualia_particle_engine - WARNING - Cannot compute: buffers not initialized or shader missing
2025-09-29 16:24:32,872 - backend.engine.qualia_particle_engine - WARNING - Cannot compute: buffers not initialized or shader missing
2025-09-29 16:24:32,889 - backend.engine.qualia_particle_engine - WARNING - Cannot compute: buffers not initialized or shader missing
2025-09-29 16:24:32,905 - backend.engine.qualia_particle_engine - WARNING - Cannot compute: buffers not initialized or shader missing
2025-09-29 16:24:32,921 - backend.engine.qualia_particle_engine - WARNING - Cannot compute: buffers not initialized or shader missing
2025-09-29 16:24:32,939 - backend.engine.qualia_particle_engine - WARNING - Cannot compute: buffers not initialized or shader missing
2025-09-29 16:24:32,955 - backend.engine.qualia_particle_engine - WARNING - Cannot compute: buffers not initialized or shader missing
2025-09-29 16:24:32,971 - backend.engine.qualia_particle_engine - WARNING - Cannot compute: buffers not initialized or shader missing
2025-09-29 16:24:32,988 - backend.engine.qualia_particle_engine - WARNING - Cannot compute: buffers not initialized or shader missing
2025-09-29 16:24:33,005 - backend.engine.qualia_particle_engine - WARNING - Cannot compute: buffers not initialized or shader missing
2025-09-29 16:24:33,021 - backend.engine.qualia_particle_engine - WARNING - Cannot compute: buffers not initialized or shader missing
2025-09-29 16:24:33,038 - backend.engine.qualia_particle_engine - WARNING - Cannot compute: buffers not initialized or shader missing
2025-09-29 16:24:33,054 - backend.engine.qualia_particle_engine - WARNING - Cannot compute: buffers not initialized or shader missing
2025-09-29 16:24:33,071 - backend.engine.qualia_particle_engine - WARNING - Cannot compute: buffers not initialized or shader missing
2025-09-29 16:24:33,087 - backend.engine.qualia_particle_engine - WARNING - Cannot compute: buffers not initialized or shader missing
2025-09-29 16:24:33,103 - backend.engine.qualia_particle_engine - WARNING - Cannot compute: buffers not initialized or shader missing
2025-09-29 16:24:33,120 - backend.engine.qualia_particle_engine - WARNING - Cannot compute: buffers not initialized or shader missing
2025-09-29 16:24:33,136 - backend.engine.qualia_particle_engine - WARNING - Cannot compute: buffers not initialized or shader missing
2025-09-29 16:24:33,152 - backend.engine.qualia_particle_engine - WARNING - Cannot compute: buffers not initialized or shader missing
2025-09-29 16:24:33,169 - backend.engine.qualia_particle_engine - WARNING - Cannot compute: buffers not initialized or shader missing
2025-09-29 16:24:33,185 - backend.engine.qualia_particle_engine - WARNING - Cannot compute: buffers not initialized or shader missing
2025-09-29 16:24:33,202 - backend.engine.qualia_particle_engine - WARNING - Cannot compute: buffers not initialized or shader missing
2025-09-29 16:24:33,218 - backend.engine.qualia_particle_engine - WARNING - Cannot compute: buffers not initialized or shader missing
2025-09-29 16:24:33,234 - backend.engine.qualia_particle_engine - WARNING - Cannot compute: buffers not initialized or shader missing
2025-09-29 16:24:33,251 - backend.engine.qualia_particle_engine - WARNING - Cannot compute: buffers not initialized or shader missing
2025-09-29 16:24:33,267 - backend.engine.qualia_particle_engine - WARNING - Cannot compute: buffers not initialized or shader missing
2025-09-29 16:24:33,283 - backend.engine.qualia_particle_engine - WARNING - Cannot compute: buffers not initialized or shader missing
2025-09-29 16:24:33,299 - backend.engine.qualia_particle_engine - WARNING - Cannot compute: buffers not initialized or shader missing
2025-09-29 16:24:33,316 - backend.engine.qualia_particle_engine - WARNING - Cannot compute: buffers not initialized or shader missing
2025-09-29 16:24:33,332 - backend.engine.qualia_particle_engine - WARNING - Cannot compute: buffers not initialized or shader missing
2025-09-29 16:24:33,349 - backend.engine.qualia_particle_engine - WARNING - Cannot compute: buffers not initialized or shader missing
2025-09-29 16:24:33,365 - backend.engine.qualia_particle_engine - WARNING - Cannot compute: buffers not initialized or shader missing
2025-09-29 16:24:33,382 - backend.engine.qualia_particle_engine - WARNING - Cannot compute: buffers not initialized or shader missing
2025-09-29 16:24:33,398 - backend.engine.qualia_particle_engine - WARNING - Cannot compute: buffers not initialized or shader missing
2025-09-29 16:24:33,415 - backend.engine.qualia_particle_engine - WARNING - Cannot compute: buffers not initialized or shader missing
2025-09-29 16:24:33,431 - backend.engine.qualia_particle_engine - WARNING - Cannot compute: buffers not initialized or shader missing
2025-09-29 16:24:33,447 - backend.engine.qualia_particle_engine - WARNING - Cannot compute: buffers not initialized or shader missing
2025-09-29 16:24:33,464 - backend.engine.qualia_particle_engine - WARNING - Cannot compute: buffers not initialized or shader missing
2025-09-29 16:24:33,481 - backend.engine.qualia_particle_engine - WARNING - Cannot compute: buffers not initialized or shader missing
2025-09-29 16:24:33,497 - backend.engine.qualia_particle_engine - WARNING - Cannot compute: buffers not initialized or shader missing
2025-09-29 16:24:33,514 - backend.engine.qualia_particle_engine - WARNING - Cannot compute: buffers not initialized or shader missing
2025-09-29 16:24:33,530 - backend.engine.qualia_particle_engine - WARNING - Cannot compute: buffers not initialized or shader missing
2025-09-29 16:24:33,547 - backend.engine.qualia_particle_engine - WARNING - Cannot compute: buffers not initialized or shader missing
2025-09-29 16:24:33,563 - backend.engine.qualia_particle_engine - WARNING - Cannot compute: buffers not initialized or shader missing
2025-09-29 16:24:33,580 - backend.engine.qualia_particle_engine - WARNING - Cannot compute: buffers not initialized or shader missing
2025-09-29 16:24:33,597 - backend.engine.qualia_particle_engine - WARNING - Cannot compute: buffers not initialized or shader missing
2025-09-29 16:24:33,614 - backend.engine.qualia_particle_engine - WARNING - Cannot compute: buffers not initialized or shader missing
2025-09-29 16:24:33,630 - backend.engine.qualia_particle_engine - WARNING - Cannot compute: buffers not initialized or shader missing
2025-09-29 16:24:33,646 - backend.engine.qualia_particle_engine - WARNING - Cannot compute: buffers not initialized or shader missing
2025-09-29 16:24:33,663 - backend.engine.qualia_particle_engine - WARNING - Cannot compute: buffers not initialized or shader missing
2025-09-29 16:24:33,679 - backend.engine.qualia_particle_engine - WARNING - Cannot compute: buffers not initialized or shader missing
2025-09-29 16:24:33,696 - backend.engine.qualia_particle_engine - WARNING - Cannot compute: buffers not initialized or shader missing
2025-09-29 16:24:33,712 - backend.engine.qualia_particle_engine - WARNING - Cannot compute: buffers not initialized or shader missing
2025-09-29 16:24:33,729 - backend.engine.qualia_particle_engine - WARNING - Cannot compute: buffers not initialized or shader missing
2025-09-29 16:24:33,745 - backend.engine.qualia_particle_engine - WARNING - Cannot compute: buffers not initialized or shader missing
2025-09-29 16:24:33,761 - backend.engine.qualia_particle_engine - WARNING - Cannot compute: buffers not initialized or shader missing
2025-09-29 16:24:33,778 - backend.engine.qualia_particle_engine - WARNING - Cannot compute: buffers not initialized or shader missing
2025-09-29 16:24:33,794 - backend.engine.qualia_particle_engine - WARNING - Cannot compute: buffers not initialized or shader missing
2025-09-29 16:24:33,811 - backend.engine.qualia_particle_engine - WARNING - Cannot compute: buffers not initialized or shader missing
2025-09-29 16:24:33,827 - backend.engine.qualia_particle_engine - WARNING - Cannot compute: buffers not initialized or shader missing
2025-09-29 16:24:33,845 - backend.engine.qualia_particle_engine - WARNING - Cannot compute: buffers not initialized or shader missing
2025-09-29 16:24:33,861 - backend.engine.qualia_particle_engine - WARNING - Cannot compute: buffers not initialized or shader missing
2025-09-29 16:24:33,878 - backend.engine.qualia_particle_engine - WARNING - Cannot compute: buffers not initialized or shader missing
2025-09-29 16:24:33,894 - backend.engine.qualia_particle_engine - WARNING - Cannot compute: buffers not initialized or shader missing
2025-09-29 16:24:33,910 - backend.engine.qualia_particle_engine - WARNING - Cannot compute: buffers not initialized or shader missing
2025-09-29 16:24:33,927 - backend.engine.qualia_particle_engine - WARNING - Cannot compute: buffers not initialized or shader missing
2025-09-29 16:24:33,943 - backend.engine.qualia_particle_engine - WARNING - Cannot compute: buffers not initialized or shader missing
2025-09-29 16:24:33,960 - backend.engine.qualia_particle_engine - WARNING - Cannot compute: buffers not initialized or shader missing
2025-09-29 16:24:33,976 - backend.engine.qualia_particle_engine - WARNING - Cannot compute: buffers not initialized or shader missing
2025-09-29 16:24:33,993 - backend.engine.qualia_particle_engine - WARNING - Cannot compute: buffers not initialized or shader missing
2025-09-29 16:24:34,009 - backend.engine.qualia_particle_engine - WARNING - Cannot compute: buffers not initialized or shader missing
2025-09-29 16:24:34,025 - backend.engine.qualia_particle_engine - WARNING - Cannot compute: buffers not initialized or shader missing
2025-09-29 16:24:34,042 - backend.engine.qualia_particle_engine - WARNING - Cannot compute: buffers not initialized or shader missing
2025-09-29 16:24:34,058 - backend.engine.qualia_particle_engine - WARNING - Cannot compute: buffers not initialized or shader missing
2025-09-29 16:24:34,075 - backend.engine.qualia_particle_engine - WARNING - Cannot compute: buffers not initialized or shader missing
2025-09-29 16:24:34,091 - backend.engine.qualia_particle_engine - WARNING - Cannot compute: buffers not initialized or shader missing
2025-09-29 16:24:34,108 - backend.engine.qualia_particle_engine - WARNING - Cannot compute: buffers not initialized or shader missing
2025-09-29 16:24:34,124 - backend.engine.qualia_particle_engine - WARNING - Cannot compute: buffers not initialized or shader missing
2025-09-29 16:24:34,140 - backend.engine.qualia_particle_engine - WARNING - Cannot compute: buffers not initialized or shader missing
2025-09-29 16:24:34,157 - backend.engine.qualia_particle_engine - WARNING - Cannot compute: buffers not initialized or shader missing
2025-09-29 16:24:34,173 - backend.engine.qualia_particle_engine - WARNING - Cannot compute: buffers not initialized or shader missing
2025-09-29 16:24:34,189 - backend.engine.qualia_particle_engine - WARNING - Cannot compute: buffers not initialized or shader missing
2025-09-29 16:24:34,205 - backend.engine.qualia_particle_engine - WARNING - Cannot compute: buffers not initialized or shader missing
2025-09-29 16:24:34,222 - backend.engine.qualia_particle_engine - WARNING - Cannot compute: buffers not initialized or shader missing
2025-09-29 16:24:34,238 - backend.engine.qualia_particle_engine - WARNING - Cannot compute: buffers not initialized or shader missing
2025-09-29 16:24:34,254 - backend.engine.qualia_particle_engine - WARNING - Cannot compute: buffers not initialized or shader missing
2025-09-29 16:24:34,271 - backend.engine.qualia_particle_engine - WARNING - Cannot compute: buffers not initialized or shader missing
2025-09-29 16:24:34,288 - backend.engine.qualia_particle_engine - WARNING - Cannot compute: buffers not initialized or shader missing
2025-09-29 16:24:34,304 - backend.engine.qualia_particle_engine - WARNING - Cannot compute: buffers not initialized or shader missing
2025-09-29 16:24:34,320 - backend.engine.qualia_particle_engine - WARNING - Cannot compute: buffers not initialized or shader missing
2025-09-29 16:24:34,336 - backend.engine.qualia_particle_engine - WARNING - Cannot compute: buffers not initialized or shader missing
2025-09-29 16:24:34,352 - backend.engine.qualia_particle_engine - WARNING - Cannot compute: buffers not initialized or shader missing
2025-09-29 16:24:34,369 - backend.engine.qualia_particle_engine - WARNING - Cannot compute: buffers not initialized or shader missing
2025-09-29 16:24:34,385 - backend.engine.qualia_particle_engine - WARNING - Cannot compute: buffers not initialized or shader missing
2025-09-29 16:24:34,402 - backend.engine.qualia_particle_engine - WARNING - Cannot compute: buffers not initialized or shader missing
2025-09-29 16:24:34,418 - backend.engine.qualia_particle_engine - WARNING - Cannot compute: buffers not initialized or shader missing
2025-09-29 16:24:34,435 - backend.engine.qualia_particle_engine - WARNING - Cannot compute: buffers not initialized or shader missing
2025-09-29 16:24:34,451 - backend.engine.qualia_particle_engine - WARNING - Cannot compute: buffers not initialized or shader missing
2025-09-29 16:24:34,467 - backend.engine.qualia_particle_engine - WARNING - Cannot compute: buffers not initialized or shader missing
2025-09-29 16:24:34,484 - backend.engine.qualia_particle_engine - WARNING - Cannot compute: buffers not initialized or shader missing
2025-09-29 16:24:34,500 - backend.engine.qualia_particle_engine - WARNING - Cannot compute: buffers not initialized or shader missing
2025-09-29 16:24:34,517 - backend.engine.qualia_particle_engine - WARNING - Cannot compute: buffers not initialized or shader missing
2025-09-29 16:24:34,533 - backend.engine.qualia_particle_engine - WARNING - Cannot compute: buffers not initialized or shader missing
2025-09-29 16:24:34,550 - backend.engine.qualia_particle_engine - WARNING - Cannot compute: buffers not initialized or shader missing
2025-09-29 16:24:34,566 - backend.engine.qualia_particle_engine - WARNING - Cannot compute: buffers not initialized or shader missing
2025-09-29 16:24:34,582 - backend.engine.qualia_particle_engine - WARNING - Cannot compute: buffers not initialized or shader missing
2025-09-29 16:24:34,598 - backend.engine.qualia_particle_engine - WARNING - Cannot compute: buffers not initialized or shader missing
2025-09-29 16:24:34,614 - backend.engine.qualia_particle_engine - WARNING - Cannot compute: buffers not initialized or shader missing
2025-09-29 16:24:34,631 - backend.engine.qualia_particle_engine - WARNING - Cannot compute: buffers not initialized or shader missing
2025-09-29 16:24:34,647 - backend.engine.qualia_particle_engine - WARNING - Cannot compute: buffers not initialized or shader missing
2025-09-29 16:24:34,664 - backend.engine.qualia_particle_engine - WARNING - Cannot compute: buffers not initialized or shader missing
2025-09-29 16:24:34,680 - backend.engine.qualia_particle_engine - WARNING - Cannot compute: buffers not initialized or shader missing
2025-09-29 16:24:34,697 - backend.engine.qualia_particle_engine - WARNING - Cannot compute: buffers not initialized or shader missing
2025-09-29 16:24:34,713 - backend.engine.qualia_particle_engine - WARNING - Cannot compute: buffers not initialized or shader missing
2025-09-29 16:24:34,730 - backend.engine.qualia_particle_engine - WARNING - Cannot compute: buffers not initialized or shader missing
2025-09-29 16:24:34,746 - backend.engine.qualia_particle_engine - WARNING - Cannot compute: buffers not initialized or shader missing
2025-09-29 16:24:34,762 - backend.engine.qualia_particle_engine - WARNING - Cannot compute: buffers not initialized or shader missing
2025-09-29 16:24:34,779 - backend.engine.qualia_particle_engine - WARNING - Cannot compute: buffers not initialized or shader missing
2025-09-29 16:24:34,796 - backend.engine.qualia_particle_engine - WARNING - Cannot compute: buffers not initialized or shader missing
2025-09-29 16:24:34,812 - backend.engine.qualia_particle_engine - WARNING - Cannot compute: buffers not initialized or shader missing
2025-09-29 16:24:34,828 - backend.engine.qualia_particle_engine - WARNING - Cannot compute: buffers not initialized or shader missing
2025-09-29 16:24:34,844 - backend.engine.qualia_particle_engine - WARNING - Cannot compute: buffers not initialized or shader missing
2025-09-29 16:24:34,860 - backend.engine.qualia_particle_engine - WARNING - Cannot compute: buffers not initialized or shader missing
2025-09-29 16:24:34,877 - backend.engine.qualia_particle_engine - WARNING - Cannot compute: buffers not initialized or shader missing
2025-09-29 16:24:34,893 - backend.engine.qualia_particle_engine - WARNING - Cannot compute: buffers not initialized or shader missing
2025-09-29 16:24:34,909 - backend.engine.qualia_particle_engine - WARNING - Cannot compute: buffers not initialized or shader missing
2025-09-29 16:24:34,926 - backend.engine.qualia_particle_engine - WARNING - Cannot compute: buffers not initialized or shader missing
2025-09-29 16:24:34,942 - backend.engine.qualia_particle_engine - WARNING - Cannot compute: buffers not initialized or shader missing
2025-09-29 16:24:34,959 - backend.engine.qualia_particle_engine - WARNING - Cannot compute: buffers not initialized or shader missing
2025-09-29 16:24:34,975 - backend.engine.qualia_particle_engine - WARNING - Cannot compute: buffers not initialized or shader missing
2025-09-29 16:24:34,992 - backend.engine.qualia_particle_engine - WARNING - Cannot compute: buffers not initialized or shader missing
2025-09-29 16:24:35,008 - backend.engine.qualia_particle_engine - WARNING - Cannot compute: buffers not initialized or shader missing
2025-09-29 16:24:35,025 - backend.engine.qualia_particle_engine - WARNING - Cannot compute: buffers not initialized or shader missing
2025-09-29 16:24:35,041 - backend.engine.qualia_particle_engine - WARNING - Cannot compute: buffers not initialized or shader missing
2025-09-29 16:24:35,057 - backend.engine.qualia_particle_engine - WARNING - Cannot compute: buffers not initialized or shader missing
2025-09-29 16:24:35,074 - backend.engine.qualia_particle_engine - WARNING - Cannot compute: buffers not initialized or shader missing
2025-09-29 16:24:35,090 - backend.engine.qualia_particle_engine - WARNING - Cannot compute: buffers not initialized or shader missing
2025-09-29 16:24:35,107 - backend.engine.qualia_particle_engine - WARNING - Cannot compute: buffers not initialized or shader missing
2025-09-29 16:24:35,123 - backend.engine.qualia_particle_engine - WARNING - Cannot compute: buffers not initialized or shader missing
2025-09-29 16:24:35,140 - backend.engine.qualia_particle_engine - WARNING - Cannot compute: buffers not initialized or shader missing
2025-09-29 16:24:35,156 - backend.engine.qualia_particle_engine - WARNING - Cannot compute: buffers not initialized or shader missing
2025-09-29 16:24:35,173 - backend.engine.qualia_particle_engine - WARNING - Cannot compute: buffers not initialized or shader missing
2025-09-29 16:24:35,189 - backend.engine.qualia_particle_engine - WARNING - Cannot compute: buffers not initialized or shader missing
2025-09-29 16:24:35,206 - backend.engine.qualia_particle_engine - WARNING - Cannot compute: buffers not initialized or shader missing
2025-09-29 16:24:35,222 - backend.engine.qualia_particle_engine - WARNING - Cannot compute: buffers not initialized or shader missing
2025-09-29 16:24:35,238 - backend.engine.qualia_particle_engine - WARNING - Cannot compute: buffers not initialized or shader missing
2025-09-29 16:24:35,255 - backend.engine.qualia_particle_engine - WARNING - Cannot compute: buffers not initialized or shader missing
2025-09-29 16:24:35,271 - backend.engine.qualia_particle_engine - WARNING - Cannot compute: buffers not initialized or shader missing
2025-09-29 16:24:35,287 - backend.engine.qualia_particle_engine - WARNING - Cannot compute: buffers not initialized or shader missing
2025-09-29 16:24:35,303 - backend.engine.qualia_particle_engine - WARNING - Cannot compute: buffers not initialized or shader missing
2025-09-29 16:24:35,320 - backend.engine.qualia_particle_engine - WARNING - Cannot compute: buffers not initialized or shader missing
2025-09-29 16:24:35,336 - backend.engine.qualia_particle_engine - WARNING - Cannot compute: buffers not initialized or shader missing
2025-09-29 16:24:35,353 - backend.engine.qualia_particle_engine - WARNING - Cannot compute: buffers not initialized or shader missing
2025-09-29 16:24:35,369 - backend.engine.qualia_particle_engine - WARNING - Cannot compute: buffers not initialized or shader missing
2025-09-29 16:24:35,386 - backend.engine.qualia_particle_engine - WARNING - Cannot compute: buffers not initialized or shader missing
2025-09-29 16:24:35,402 - backend.engine.qualia_particle_engine - WARNING - Cannot compute: buffers not initialized or shader missing
2025-09-29 16:24:35,418 - backend.engine.qualia_particle_engine - WARNING - Cannot compute: buffers not initialized or shader missing
2025-09-29 16:24:35,435 - backend.engine.qualia_particle_engine - WARNING - Cannot compute: buffers not initialized or shader missing
2025-09-29 16:24:35,451 - backend.engine.qualia_particle_engine - WARNING - Cannot compute: buffers not initialized or shader missing
2025-09-29 16:24:35,468 - backend.engine.qualia_particle_engine - WARNING - Cannot compute: buffers not initialized or shader missing
2025-09-29 16:24:35,485 - backend.engine.qualia_particle_engine - WARNING - Cannot compute: buffers not initialized or shader missing
2025-09-29 16:24:35,501 - backend.engine.qualia_particle_engine - WARNING - Cannot compute: buffers not initialized or shader missing
2025-09-29 16:24:35,517 - backend.engine.qualia_particle_engine - WARNING - Cannot compute: buffers not initialized or shader missing
2025-09-29 16:24:35,534 - backend.engine.qualia_particle_engine - WARNING - Cannot compute: buffers not initialized or shader missing
2025-09-29 16:24:35,550 - backend.engine.qualia_particle_engine - WARNING - Cannot compute: buffers not initialized or shader missing
2025-09-29 16:24:35,567 - backend.engine.qualia_particle_engine - WARNING - Cannot compute: buffers not initialized or shader missing
2025-09-29 16:24:35,583 - backend.engine.qualia_particle_engine - WARNING - Cannot compute: buffers not initialized or shader missing
2025-09-29 16:24:35,600 - backend.engine.qualia_particle_engine - WARNING - Cannot compute: buffers not initialized or shader missing
2025-09-29 16:24:35,616 - backend.engine.qualia_particle_engine - WARNING - Cannot compute: buffers not initialized or shader missing
2025-09-29 16:24:35,633 - backend.engine.qualia_particle_engine - WARNING - Cannot compute: buffers not initialized or shader missing
2025-09-29 16:24:35,649 - backend.engine.qualia_particle_engine - WARNING - Cannot compute: buffers not initialized or shader missing
2025-09-29 16:24:35,665 - backend.engine.qualia_particle_engine - WARNING - Cannot compute: buffers not initialized or shader missing
2025-09-29 16:24:35,681 - backend.engine.qualia_particle_engine - WARNING - Cannot compute: buffers not initialized or shader missing
2025-09-29 16:24:35,697 - backend.engine.qualia_particle_engine - WARNING - Cannot compute: buffers not initialized or shader missing
2025-09-29 16:24:35,714 - backend.engine.qualia_particle_engine - WARNING - Cannot compute: buffers not initialized or shader missing
2025-09-29 16:24:35,730 - backend.engine.qualia_particle_engine - WARNING - Cannot compute: buffers not initialized or shader missing
2025-09-29 16:24:35,747 - backend.engine.qualia_particle_engine - WARNING - Cannot compute: buffers not initialized or shader missing
2025-09-29 16:24:35,763 - backend.engine.qualia_particle_engine - WARNING - Cannot compute: buffers not initialized or shader missing
2025-09-29 16:24:35,780 - backend.engine.qualia_particle_engine - WARNING - Cannot compute: buffers not initialized or shader missing
2025-09-29 16:24:35,796 - backend.engine.qualia_particle_engine - WARNING - Cannot compute: buffers not initialized or shader missing
2025-09-29 16:24:35,813 - backend.engine.qualia_particle_engine - WARNING - Cannot compute: buffers not initialized or shader missing
2025-09-29 16:24:35,829 - backend.engine.qualia_particle_engine - WARNING - Cannot compute: buffers not initialized or shader missing
2025-09-29 16:24:35,845 - backend.engine.qualia_particle_engine - WARNING - Cannot compute: buffers not initialized or shader missing
2025-09-29 16:24:35,862 - backend.engine.qualia_particle_engine - WARNING - Cannot compute: buffers not initialized or shader missing
2025-09-29 16:24:35,878 - backend.engine.qualia_particle_engine - WARNING - Cannot compute: buffers not initialized or shader missing
2025-09-29 16:24:35,895 - backend.engine.qualia_particle_engine - WARNING - Cannot compute: buffers not initialized or shader missing
2025-09-29 16:24:35,911 - backend.engine.qualia_particle_engine - WARNING - Cannot compute: buffers not initialized or shader missing
2025-09-29 16:24:35,927 - backend.engine.qualia_particle_engine - WARNING - Cannot compute: buffers not initialized or shader missing
2025-09-29 16:24:35,944 - backend.engine.qualia_particle_engine - WARNING - Cannot compute: buffers not initialized or shader missing
2025-09-29 16:24:35,960 - backend.engine.qualia_particle_engine - WARNING - Cannot compute: buffers not initialized or shader missing
2025-09-29 16:24:35,977 - backend.engine.qualia_particle_engine - WARNING - Cannot compute: buffers not initialized or shader missing
2025-09-29 16:24:35,993 - backend.engine.qualia_particle_engine - WARNING - Cannot compute: buffers not initialized or shader missing
2025-09-29 16:24:36,010 - backend.engine.qualia_particle_engine - WARNING - Cannot compute: buffers not initialized or shader missing
2025-09-29 16:24:36,026 - backend.engine.qualia_particle_engine - WARNING - Cannot compute: buffers not initialized or shader missing
2025-09-29 16:24:36,042 - backend.engine.qualia_particle_engine - WARNING - Cannot compute: buffers not initialized or shader missing
2025-09-29 16:24:36,059 - backend.engine.qualia_particle_engine - WARNING - Cannot compute: buffers not initialized or shader missing
2025-09-29 16:24:36,075 - backend.engine.qualia_particle_engine - WARNING - Cannot compute: buffers not initialized or shader missing
2025-09-29 16:24:36,091 - backend.engine.qualia_particle_engine - WARNING - Cannot compute: buffers not initialized or shader missing
2025-09-29 16:24:36,107 - backend.engine.qualia_particle_engine - WARNING - Cannot compute: buffers not initialized or shader missing
2025-09-29 16:24:36,124 - backend.engine.qualia_particle_engine - WARNING - Cannot compute: buffers not initialized or shader missing
2025-09-29 16:24:36,140 - backend.engine.qualia_particle_engine - WARNING - Cannot compute: buffers not initialized or shader missing
2025-09-29 16:24:36,157 - backend.engine.qualia_particle_engine - WARNING - Cannot compute: buffers not initialized or shader missing
2025-09-29 16:24:36,173 - backend.engine.qualia_particle_engine - WARNING - Cannot compute: buffers not initialized or shader missing
2025-09-29 16:24:36,190 - backend.engine.qualia_particle_engine - WARNING - Cannot compute: buffers not initialized or shader missing
2025-09-29 16:24:36,206 - backend.engine.qualia_particle_engine - WARNING - Cannot compute: buffers not initialized or shader missing
2025-09-29 16:24:36,222 - backend.engine.qualia_particle_engine - WARNING - Cannot compute: buffers not initialized or shader missing
2025-09-29 16:24:36,239 - backend.engine.qualia_particle_engine - WARNING - Cannot compute: buffers not initialized or shader missing
2025-09-29 16:24:36,255 - backend.engine.qualia_particle_engine - WARNING - Cannot compute: buffers not initialized or shader missing
2025-09-29 16:24:36,272 - backend.engine.qualia_particle_engine - WARNING - Cannot compute: buffers not initialized or shader missing
2025-09-29 16:24:36,288 - backend.engine.qualia_particle_engine - WARNING - Cannot compute: buffers not initialized or shader missing
2025-09-29 16:24:36,305 - backend.engine.qualia_particle_engine - WARNING - Cannot compute: buffers not initialized or shader missing
2025-09-29 16:24:36,321 - backend.engine.qualia_particle_engine - WARNING - Cannot compute: buffers not initialized or shader missing
2025-09-29 16:24:36,339 - backend.engine.qualia_particle_engine - WARNING - Cannot compute: buffers not initialized or shader missing
2025-09-29 16:24:36,355 - backend.engine.qualia_particle_engine - WARNING - Cannot compute: buffers not initialized or shader missing
2025-09-29 16:24:36,371 - backend.engine.qualia_particle_engine - WARNING - Cannot compute: buffers not initialized or shader missing
2025-09-29 16:24:36,388 - backend.engine.qualia_particle_engine - WARNING - Cannot compute: buffers not initialized or shader missing
2025-09-29 16:24:36,405 - backend.engine.qualia_particle_engine - WARNING - Cannot compute: buffers not initialized or shader missing
2025-09-29 16:24:36,421 - backend.engine.qualia_particle_engine - WARNING - Cannot compute: buffers not initialized or shader missing
2025-09-29 16:24:36,437 - backend.engine.qualia_particle_engine - WARNING - Cannot compute: buffers not initialized or shader missing
2025-09-29 16:24:36,454 - backend.engine.qualia_particle_engine - WARNING - Cannot compute: buffers not initialized or shader missing
2025-09-29 16:24:36,470 - backend.engine.qualia_particle_engine - WARNING - Cannot compute: buffers not initialized or shader missing
2025-09-29 16:24:36,486 - backend.engine.qualia_particle_engine - WARNING - Cannot compute: buffers not initialized or shader missing
2025-09-29 16:24:36,502 - backend.engine.qualia_particle_engine - WARNING - Cannot compute: buffers not initialized or shader missing
2025-09-29 16:24:36,519 - backend.engine.qualia_particle_engine - WARNING - Cannot compute: buffers not initialized or shader missing
2025-09-29 16:24:36,535 - backend.engine.qualia_particle_engine - WARNING - Cannot compute: buffers not initialized or shader missing
2025-09-29 16:24:36,552 - backend.engine.qualia_particle_engine - WARNING - Cannot compute: buffers not initialized or shader missing
2025-09-29 16:24:36,568 - backend.engine.qualia_particle_engine - WARNING - Cannot compute: buffers not initialized or shader missing
2025-09-29 16:24:36,584 - backend.engine.qualia_particle_engine - WARNING - Cannot compute: buffers not initialized or shader missing
2025-09-29 16:24:36,600 - backend.engine.qualia_particle_engine - WARNING - Cannot compute: buffers not initialized or shader missing
2025-09-29 16:24:36,617 - backend.engine.qualia_particle_engine - WARNING - Cannot compute: buffers not initialized or shader missing
2025-09-29 16:24:36,633 - backend.engine.qualia_particle_engine - WARNING - Cannot compute: buffers not initialized or shader missing
2025-09-29 16:24:36,650 - backend.engine.qualia_particle_engine - WARNING - Cannot compute: buffers not initialized or shader missing
2025-09-29 16:24:36,666 - backend.engine.qualia_particle_engine - WARNING - Cannot compute: buffers not initialized or shader missing
2025-09-29 16:24:36,683 - backend.engine.qualia_particle_engine - WARNING - Cannot compute: buffers not initialized or shader missing
2025-09-29 16:24:36,699 - backend.engine.qualia_particle_engine - WARNING - Cannot compute: buffers not initialized or shader missing
2025-09-29 16:24:36,715 - backend.engine.qualia_particle_engine - WARNING - Cannot compute: buffers not initialized or shader missing
2025-09-29 16:24:36,732 - backend.engine.qualia_particle_engine - WARNING - Cannot compute: buffers not initialized or shader missing
2025-09-29 16:24:36,748 - backend.engine.qualia_particle_engine - WARNING - Cannot compute: buffers not initialized or shader missing
2025-09-29 16:24:36,765 - backend.engine.qualia_particle_engine - WARNING - Cannot compute: buffers not initialized or shader missing
2025-09-29 16:24:36,781 - backend.engine.qualia_particle_engine - WARNING - Cannot compute: buffers not initialized or shader missing
2025-09-29 16:24:36,799 - backend.engine.qualia_particle_engine - WARNING - Cannot compute: buffers not initialized or shader missing
2025-09-29 16:24:36,815 - backend.engine.qualia_particle_engine - WARNING - Cannot compute: buffers not initialized or shader missing
2025-09-29 16:24:36,832 - backend.engine.qualia_particle_engine - WARNING - Cannot compute: buffers not initialized or shader missing
2025-09-29 16:24:36,848 - backend.engine.qualia_particle_engine - WARNING - Cannot compute: buffers not initialized or shader missing
2025-09-29 16:24:36,864 - backend.engine.qualia_particle_engine - WARNING - Cannot compute: buffers not initialized or shader missing
2025-09-29 16:24:36,881 - backend.engine.qualia_particle_engine - WARNING - Cannot compute: buffers not initialized or shader missing
2025-09-29 16:24:36,897 - backend.engine.qualia_particle_engine - WARNING - Cannot compute: buffers not initialized or shader missing
2025-09-29 16:24:36,914 - backend.engine.qualia_particle_engine - WARNING - Cannot compute: buffers not initialized or shader missing
2025-09-29 16:24:36,930 - backend.engine.qualia_particle_engine - WARNING - Cannot compute: buffers not initialized or shader missing
2025-09-29 16:24:36,947 - backend.engine.qualia_particle_engine - WARNING - Cannot compute: buffers not initialized or shader missing
2025-09-29 16:24:36,963 - backend.engine.qualia_particle_engine - WARNING - Cannot compute: buffers not initialized or shader missing
2025-09-29 16:24:36,981 - backend.engine.qualia_particle_engine - WARNING - Cannot compute: buffers not initialized or shader missing
2025-09-29 16:24:36,997 - backend.engine.qualia_particle_engine - WARNING - Cannot compute: buffers not initialized or shader missing
2025-09-29 16:24:37,014 - backend.engine.qualia_particle_engine - WARNING - Cannot compute: buffers not initialized or shader missing
2025-09-29 16:24:37,030 - backend.engine.qualia_particle_engine - WARNING - Cannot compute: buffers not initialized or shader missing
2025-09-29 16:24:37,046 - backend.engine.qualia_particle_engine - WARNING - Cannot compute: buffers not initialized or shader missing
2025-09-29 16:24:37,063 - backend.engine.qualia_particle_engine - WARNING - Cannot compute: buffers not initialized or shader missing
2025-09-29 16:24:37,079 - backend.engine.qualia_particle_engine - WARNING - Cannot compute: buffers not initialized or shader missing
2025-09-29 16:24:37,095 - backend.engine.qualia_particle_engine - WARNING - Cannot compute: buffers not initialized or shader missing
2025-09-29 16:24:37,111 - backend.engine.qualia_particle_engine - WARNING - Cannot compute: buffers not initialized or shader missing
2025-09-29 16:24:37,128 - backend.engine.qualia_particle_engine - WARNING - Cannot compute: buffers not initialized or shader missing
2025-09-29 16:24:37,144 - backend.engine.qualia_particle_engine - WARNING - Cannot compute: buffers not initialized or shader missing
2025-09-29 16:24:37,161 - backend.engine.qualia_particle_engine - WARNING - Cannot compute: buffers not initialized or shader missing
2025-09-29 16:24:37,177 - backend.engine.qualia_particle_engine - WARNING - Cannot compute: buffers not initialized or shader missing
2025-09-29 16:24:37,194 - backend.engine.qualia_particle_engine - WARNING - Cannot compute: buffers not initialized or shader missing
2025-09-29 16:24:37,210 - backend.engine.qualia_particle_engine - WARNING - Cannot compute: buffers not initialized or shader missing
2025-09-29 16:24:37,227 - backend.engine.qualia_particle_engine - WARNING - Cannot compute: buffers not initialized or shader missing
2025-09-29 16:24:37,243 - backend.engine.qualia_particle_engine - WARNING - Cannot compute: buffers not initialized or shader missing
2025-09-29 16:24:37,259 - backend.engine.qualia_particle_engine - WARNING - Cannot compute: buffers not initialized or shader missing
2025-09-29 16:24:37,276 - backend.engine.qualia_particle_engine - WARNING - Cannot compute: buffers not initialized or shader missing
2025-09-29 16:24:37,293 - backend.engine.qualia_particle_engine - WARNING - Cannot compute: buffers not initialized or shader missing
2025-09-29 16:24:37,309 - backend.engine.qualia_particle_engine - WARNING - Cannot compute: buffers not initialized or shader missing
2025-09-29 16:24:37,325 - backend.engine.qualia_particle_engine - WARNING - Cannot compute: buffers not initialized or shader missing
2025-09-29 16:24:37,342 - backend.engine.qualia_particle_engine - WARNING - Cannot compute: buffers not initialized or shader missing
2025-09-29 16:24:37,358 - backend.engine.qualia_particle_engine - WARNING - Cannot compute: buffers not initialized or shader missing
2025-09-29 16:24:37,375 - backend.engine.qualia_particle_engine - WARNING - Cannot compute: buffers not initialized or shader missing
2025-09-29 16:24:37,391 - backend.engine.qualia_particle_engine - WARNING - Cannot compute: buffers not initialized or shader missing
2025-09-29 16:24:37,408 - backend.engine.qualia_particle_engine - WARNING - Cannot compute: buffers not initialized or shader missing
2025-09-29 16:24:37,424 - backend.engine.qualia_particle_engine - WARNING - Cannot compute: buffers not initialized or shader missing
2025-09-29 16:24:37,440 - backend.engine.qualia_particle_engine - WARNING - Cannot compute: buffers not initialized or shader missing
2025-09-29 16:24:37,457 - backend.engine.qualia_particle_engine - WARNING - Cannot compute: buffers not initialized or shader missing
2025-09-29 16:24:37,473 - backend.engine.qualia_particle_engine - WARNING - Cannot compute: buffers not initialized or shader missing
2025-09-29 16:24:37,489 - backend.engine.qualia_particle_engine - WARNING - Cannot compute: buffers not initialized or shader missing
2025-09-29 16:24:37,505 - backend.engine.qualia_particle_engine - WARNING - Cannot compute: buffers not initialized or shader missing
2025-09-29 16:24:37,522 - backend.engine.qualia_particle_engine - WARNING - Cannot compute: buffers not initialized or shader missing
2025-09-29 16:24:37,538 - backend.engine.qualia_particle_engine - WARNING - Cannot compute: buffers not initialized or shader missing
2025-09-29 16:24:37,554 - backend.engine.qualia_particle_engine - WARNING - Cannot compute: buffers not initialized or shader missing
2025-09-29 16:24:37,570 - backend.engine.qualia_particle_engine - WARNING - Cannot compute: buffers not initialized or shader missing
2025-09-29 16:24:37,586 - backend.engine.qualia_particle_engine - WARNING - Cannot compute: buffers not initialized or shader missing
2025-09-29 16:24:37,603 - backend.engine.qualia_particle_engine - WARNING - Cannot compute: buffers not initialized or shader missing
2025-09-29 16:24:37,619 - backend.engine.qualia_particle_engine - WARNING - Cannot compute: buffers not initialized or shader missing
2025-09-29 16:24:37,636 - backend.engine.qualia_particle_engine - WARNING - Cannot compute: buffers not initialized or shader missing
2025-09-29 16:24:37,652 - backend.engine.qualia_particle_engine - WARNING - Cannot compute: buffers not initialized or shader missing
2025-09-29 16:24:37,668 - backend.engine.qualia_particle_engine - WARNING - Cannot compute: buffers not initialized or shader missing
2025-09-29 16:24:37,685 - backend.engine.qualia_particle_engine - WARNING - Cannot compute: buffers not initialized or shader missing
2025-09-29 16:24:37,702 - backend.engine.qualia_particle_engine - WARNING - Cannot compute: buffers not initialized or shader missing
2025-09-29 16:24:37,718 - backend.engine.qualia_particle_engine - WARNING - Cannot compute: buffers not initialized or shader missing
2025-09-29 16:24:37,734 - backend.engine.qualia_particle_engine - WARNING - Cannot compute: buffers not initialized or shader missing
2025-09-29 16:24:37,751 - backend.engine.qualia_particle_engine - WARNING - Cannot compute: buffers not initialized or shader missing
2025-09-29 16:24:37,767 - backend.engine.qualia_particle_engine - WARNING - Cannot compute: buffers not initialized or shader missing
2025-09-29 16:24:37,784 - backend.engine.qualia_particle_engine - WARNING - Cannot compute: buffers not initialized or shader missing
2025-09-29 16:24:37,800 - backend.engine.qualia_particle_engine - WARNING - Cannot compute: buffers not initialized or shader missing
2025-09-29 16:24:37,817 - backend.engine.qualia_particle_engine - WARNING - Cannot compute: buffers not initialized or shader missing
2025-09-29 16:24:37,833 - backend.engine.qualia_particle_engine - WARNING - Cannot compute: buffers not initialized or shader missing
2025-09-29 16:24:37,851 - backend.engine.qualia_particle_engine - WARNING - Cannot compute: buffers not initialized or shader missing
2025-09-29 16:24:37,867 - backend.engine.qualia_particle_engine - WARNING - Cannot compute: buffers not initialized or shader missing
2025-09-29 16:24:37,883 - backend.engine.qualia_particle_engine - WARNING - Cannot compute: buffers not initialized or shader missing
2025-09-29 16:24:37,900 - backend.engine.qualia_particle_engine - WARNING - Cannot compute: buffers not initialized or shader missing
2025-09-29 16:24:37,916 - backend.engine.qualia_particle_engine - WARNING - Cannot compute: buffers not initialized or shader missing
2025-09-29 16:24:37,933 - backend.engine.qualia_particle_engine - WARNING - Cannot compute: buffers not initialized or shader missing
2025-09-29 16:24:37,949 - backend.engine.qualia_particle_engine - WARNING - Cannot compute: buffers not initialized or shader missing
2025-09-29 16:24:37,966 - backend.engine.qualia_particle_engine - WARNING - Cannot compute: buffers not initialized or shader missing
2025-09-29 16:24:37,982 - backend.engine.qualia_particle_engine - WARNING - Cannot compute: buffers not initialized or shader missing
2025-09-29 16:24:37,999 - backend.engine.qualia_particle_engine - WARNING - Cannot compute: buffers not initialized or shader missing
2025-09-29 16:24:38,015 - backend.engine.qualia_particle_engine - WARNING - Cannot compute: buffers not initialized or shader missing
2025-09-29 16:24:38,031 - backend.engine.qualia_particle_engine - WARNING - Cannot compute: buffers not initialized or shader missing
2025-09-29 16:24:38,048 - backend.engine.qualia_particle_engine - WARNING - Cannot compute: buffers not initialized or shader missing
2025-09-29 16:24:38,064 - backend.engine.qualia_particle_engine - WARNING - Cannot compute: buffers not initialized or shader missing
2025-09-29 16:24:38,081 - backend.engine.qualia_particle_engine - WARNING - Cannot compute: buffers not initialized or shader missing
2025-09-29 16:24:38,096 - backend.engine.qualia_particle_engine - WARNING - Cannot compute: buffers not initialized or shader missing
2025-09-29 16:24:38,113 - backend.engine.qualia_particle_engine - WARNING - Cannot compute: buffers not initialized or shader missing
2025-09-29 16:24:38,129 - backend.engine.qualia_particle_engine - WARNING - Cannot compute: buffers not initialized or shader missing
2025-09-29 16:24:38,146 - backend.engine.qualia_particle_engine - WARNING - Cannot compute: buffers not initialized or shader missing
2025-09-29 16:24:38,162 - backend.engine.qualia_particle_engine - WARNING - Cannot compute: buffers not initialized or shader missing
2025-09-29 16:24:38,179 - backend.engine.qualia_particle_engine - WARNING - Cannot compute: buffers not initialized or shader missing
2025-09-29 16:24:38,195 - backend.engine.qualia_particle_engine - WARNING - Cannot compute: buffers not initialized or shader missing
2025-09-29 16:24:38,212 - backend.engine.qualia_particle_engine - WARNING - Cannot compute: buffers not initialized or shader missing
2025-09-29 16:24:38,228 - backend.engine.qualia_particle_engine - WARNING - Cannot compute: buffers not initialized or shader missing
2025-09-29 16:24:38,244 - backend.engine.qualia_particle_engine - WARNING - Cannot compute: buffers not initialized or shader missing
2025-09-29 16:24:38,261 - backend.engine.qualia_particle_engine - WARNING - Cannot compute: buffers not initialized or shader missing
2025-09-29 16:24:38,277 - backend.engine.qualia_particle_engine - WARNING - Cannot compute: buffers not initialized or shader missing
2025-09-29 16:24:38,294 - backend.engine.qualia_particle_engine - WARNING - Cannot compute: buffers not initialized or shader missing
2025-09-29 16:24:38,310 - backend.engine.qualia_particle_engine - WARNING - Cannot compute: buffers not initialized or shader missing
2025-09-29 16:24:38,327 - backend.engine.qualia_particle_engine - WARNING - Cannot compute: buffers not initialized or shader missing
2025-09-29 16:24:38,343 - backend.engine.qualia_particle_engine - WARNING - Cannot compute: buffers not initialized or shader missing
2025-09-29 16:24:38,360 - backend.engine.qualia_particle_engine - WARNING - Cannot compute: buffers not initialized or shader missing
2025-09-29 16:24:38,376 - backend.engine.qualia_particle_engine - WARNING - Cannot compute: buffers not initialized or shader missing
2025-09-29 16:24:38,393 - backend.engine.qualia_particle_engine - WARNING - Cannot compute: buffers not initialized or shader missing
2025-09-29 16:24:38,409 - backend.engine.qualia_particle_engine - WARNING - Cannot compute: buffers not initialized or shader missing
2025-09-29 16:24:38,425 - backend.engine.qualia_particle_engine - WARNING - Cannot compute: buffers not initialized or shader missing
2025-09-29 16:24:38,442 - backend.engine.qualia_particle_engine - WARNING - Cannot compute: buffers not initialized or shader missing
2025-09-29 16:24:38,458 - backend.engine.qualia_particle_engine - WARNING - Cannot compute: buffers not initialized or shader missing
2025-09-29 16:24:38,475 - backend.engine.qualia_particle_engine - WARNING - Cannot compute: buffers not initialized or shader missing
2025-09-29 16:24:38,491 - backend.engine.qualia_particle_engine - WARNING - Cannot compute: buffers not initialized or shader missing
2025-09-29 16:24:38,508 - backend.engine.qualia_particle_engine - WARNING - Cannot compute: buffers not initialized or shader missing
2025-09-29 16:24:38,524 - backend.engine.qualia_particle_engine - WARNING - Cannot compute: buffers not initialized or shader missing
2025-09-29 16:24:38,541 - backend.engine.qualia_particle_engine - WARNING - Cannot compute: buffers not initialized or shader missing
2025-09-29 16:24:38,557 - backend.engine.qualia_particle_engine - WARNING - Cannot compute: buffers not initialized or shader missing
2025-09-29 16:24:38,573 - backend.engine.qualia_particle_engine - WARNING - Cannot compute: buffers not initialized or shader missing
2025-09-29 16:24:38,589 - backend.engine.qualia_particle_engine - WARNING - Cannot compute: buffers not initialized or shader missing
2025-09-29 16:24:38,605 - backend.engine.qualia_particle_engine - WARNING - Cannot compute: buffers not initialized or shader missing
2025-09-29 16:24:38,622 - backend.engine.qualia_particle_engine - WARNING - Cannot compute: buffers not initialized or shader missing
2025-09-29 16:24:38,638 - backend.engine.qualia_particle_engine - WARNING - Cannot compute: buffers not initialized or shader missing
2025-09-29 16:24:38,654 - backend.engine.qualia_particle_engine - WARNING - Cannot compute: buffers not initialized or shader missing
2025-09-29 16:24:38,671 - backend.engine.qualia_particle_engine - WARNING - Cannot compute: buffers not initialized or shader missing
2025-09-29 16:24:38,687 - backend.engine.qualia_particle_engine - WARNING - Cannot compute: buffers not initialized or shader missing
2025-09-29 16:24:38,704 - backend.engine.qualia_particle_engine - WARNING - Cannot compute: buffers not initialized or shader missing
2025-09-29 16:24:38,720 - backend.engine.qualia_particle_engine - WARNING - Cannot compute: buffers not initialized or shader missing
2025-09-29 16:24:38,737 - backend.engine.qualia_particle_engine - WARNING - Cannot compute: buffers not initialized or shader missing
2025-09-29 16:24:38,753 - backend.engine.qualia_particle_engine - WARNING - Cannot compute: buffers not initialized or shader missing
2025-09-29 16:24:38,770 - backend.engine.qualia_particle_engine - WARNING - Cannot compute: buffers not initialized or shader missing
2025-09-29 16:24:38,786 - backend.engine.qualia_particle_engine - WARNING - Cannot compute: buffers not initialized or shader missing
2025-09-29 16:24:38,802 - backend.engine.qualia_particle_engine - WARNING - Cannot compute: buffers not initialized or shader missing
2025-09-29 16:24:38,819 - backend.engine.qualia_particle_engine - WARNING - Cannot compute: buffers not initialized or shader missing
2025-09-29 16:24:38,835 - backend.engine.qualia_particle_engine - WARNING - Cannot compute: buffers not initialized or shader missing
2025-09-29 16:24:38,852 - backend.engine.qualia_particle_engine - WARNING - Cannot compute: buffers not initialized or shader missing
2025-09-29 16:24:38,868 - backend.engine.qualia_particle_engine - WARNING - Cannot compute: buffers not initialized or shader missing
2025-09-29 16:24:38,885 - backend.engine.qualia_particle_engine - WARNING - Cannot compute: buffers not initialized or shader missing
2025-09-29 16:24:38,901 - backend.engine.qualia_particle_engine - WARNING - Cannot compute: buffers not initialized or shader missing
2025-09-29 16:24:38,918 - backend.engine.qualia_particle_engine - WARNING - Cannot compute: buffers not initialized or shader missing
2025-09-29 16:24:38,934 - backend.engine.qualia_particle_engine - WARNING - Cannot compute: buffers not initialized or shader missing
2025-09-29 16:24:38,951 - backend.engine.qualia_particle_engine - WARNING - Cannot compute: buffers not initialized or shader missing
2025-09-29 16:24:38,967 - backend.engine.qualia_particle_engine - WARNING - Cannot compute: buffers not initialized or shader missing
2025-09-29 16:24:38,983 - backend.engine.qualia_particle_engine - WARNING - Cannot compute: buffers not initialized or shader missing
2025-09-29 16:24:39,000 - backend.engine.qualia_particle_engine - WARNING - Cannot compute: buffers not initialized or shader missing
2025-09-29 16:24:39,017 - backend.engine.qualia_particle_engine - WARNING - Cannot compute: buffers not initialized or shader missing
2025-09-29 16:24:39,033 - backend.engine.qualia_particle_engine - WARNING - Cannot compute: buffers not initialized or shader missing
2025-09-29 16:24:39,050 - backend.engine.qualia_particle_engine - WARNING - Cannot compute: buffers not initialized or shader missing
2025-09-29 16:24:39,066 - backend.engine.qualia_particle_engine - WARNING - Cannot compute: buffers not initialized or shader missing
2025-09-29 16:24:39,083 - backend.engine.qualia_particle_engine - WARNING - Cannot compute: buffers not initialized or shader missing
2025-09-29 16:24:39,099 - backend.engine.qualia_particle_engine - WARNING - Cannot compute: buffers not initialized or shader missing
2025-09-29 16:24:39,116 - backend.engine.qualia_particle_engine - WARNING - Cannot compute: buffers not initialized or shader missing
2025-09-29 16:24:39,132 - backend.engine.qualia_particle_engine - WARNING - Cannot compute: buffers not initialized or shader missing
2025-09-29 16:24:39,149 - backend.engine.qualia_particle_engine - WARNING - Cannot compute: buffers not initialized or shader missing
2025-09-29 16:24:39,165 - backend.engine.qualia_particle_engine - WARNING - Cannot compute: buffers not initialized or shader missing
2025-09-29 16:24:39,182 - backend.engine.qualia_particle_engine - WARNING - Cannot compute: buffers not initialized or shader missing
2025-09-29 16:24:39,198 - backend.engine.qualia_particle_engine - WARNING - Cannot compute: buffers not initialized or shader missing
2025-09-29 16:24:39,215 - backend.engine.qualia_particle_engine - WARNING - Cannot compute: buffers not initialized or shader missing
2025-09-29 16:24:39,231 - backend.engine.qualia_particle_engine - WARNING - Cannot compute: buffers not initialized or shader missing
2025-09-29 16:24:39,248 - backend.engine.qualia_particle_engine - WARNING - Cannot compute: buffers not initialized or shader missing
2025-09-29 16:24:39,264 - backend.engine.qualia_particle_engine - WARNING - Cannot compute: buffers not initialized or shader missing
2025-09-29 16:24:39,281 - backend.engine.qualia_particle_engine - WARNING - Cannot compute: buffers not initialized or shader missing
2025-09-29 16:24:39,297 - backend.engine.qualia_particle_engine - WARNING - Cannot compute: buffers not initialized or shader missing
2025-09-29 16:24:39,314 - backend.engine.qualia_particle_engine - WARNING - Cannot compute: buffers not initialized or shader missing
2025-09-29 16:24:39,330 - backend.engine.qualia_particle_engine - WARNING - Cannot compute: buffers not initialized or shader missing
2025-09-29 16:24:39,347 - backend.engine.qualia_particle_engine - WARNING - Cannot compute: buffers not initialized or shader missing
2025-09-29 16:24:39,363 - backend.engine.qualia_particle_engine - WARNING - Cannot compute: buffers not initialized or shader missing
2025-09-29 16:24:39,379 - backend.engine.qualia_particle_engine - WARNING - Cannot compute: buffers not initialized or shader missing
2025-09-29 16:24:39,396 - backend.engine.qualia_particle_engine - WARNING - Cannot compute: buffers not initialized or shader missing
2025-09-29 16:24:39,412 - backend.engine.qualia_particle_engine - WARNING - Cannot compute: buffers not initialized or shader missing
2025-09-29 16:24:39,429 - backend.engine.qualia_particle_engine - WARNING - Cannot compute: buffers not initialized or shader missing
2025-09-29 16:24:39,445 - backend.engine.qualia_particle_engine - WARNING - Cannot compute: buffers not initialized or shader missing
2025-09-29 16:24:39,462 - backend.engine.qualia_particle_engine - WARNING - Cannot compute: buffers not initialized or shader missing
2025-09-29 16:24:39,479 - backend.engine.qualia_particle_engine - WARNING - Cannot compute: buffers not initialized or shader missing
2025-09-29 16:24:39,496 - backend.engine.qualia_particle_engine - WARNING - Cannot compute: buffers not initialized or shader missing
2025-09-29 16:24:39,513 - backend.engine.qualia_particle_engine - WARNING - Cannot compute: buffers not initialized or shader missing
2025-09-29 16:24:39,529 - backend.engine.qualia_particle_engine - WARNING - Cannot compute: buffers not initialized or shader missing
2025-09-29 16:24:39,546 - backend.engine.qualia_particle_engine - WARNING - Cannot compute: buffers not initialized or shader missing
2025-09-29 16:24:39,562 - backend.engine.qualia_particle_engine - WARNING - Cannot compute: buffers not initialized or shader missing
2025-09-29 16:24:39,578 - backend.engine.qualia_particle_engine - WARNING - Cannot compute: buffers not initialized or shader missing
2025-09-29 16:24:39,595 - backend.engine.qualia_particle_engine - WARNING - Cannot compute: buffers not initialized or shader missing
2025-09-29 16:24:39,612 - backend.engine.qualia_particle_engine - WARNING - Cannot compute: buffers not initialized or shader missing
2025-09-29 16:24:39,628 - backend.engine.qualia_particle_engine - WARNING - Cannot compute: buffers not initialized or shader missing
2025-09-29 16:24:39,644 - backend.engine.qualia_particle_engine - WARNING - Cannot compute: buffers not initialized or shader missing
2025-09-29 16:24:39,661 - backend.engine.qualia_particle_engine - WARNING - Cannot compute: buffers not initialized or shader missing
2025-09-29 16:24:39,677 - backend.engine.qualia_particle_engine - WARNING - Cannot compute: buffers not initialized or shader missing
2025-09-29 16:24:39,693 - backend.engine.qualia_particle_engine - WARNING - Cannot compute: buffers not initialized or shader missing
2025-09-29 16:24:39,709 - backend.engine.qualia_particle_engine - WARNING - Cannot compute: buffers not initialized or shader missing
2025-09-29 16:24:39,725 - backend.engine.qualia_particle_engine - WARNING - Cannot compute: buffers not initialized or shader missing
2025-09-29 16:24:39,741 - backend.engine.qualia_particle_engine - WARNING - Cannot compute: buffers not initialized or shader missing
2025-09-29 16:24:39,758 - backend.engine.qualia_particle_engine - WARNING - Cannot compute: buffers not initialized or shader missing
2025-09-29 16:24:39,774 - backend.engine.qualia_particle_engine - WARNING - Cannot compute: buffers not initialized or shader missing
2025-09-29 16:24:39,790 - backend.engine.qualia_particle_engine - WARNING - Cannot compute: buffers not initialized or shader missing
2025-09-29 16:24:39,806 - backend.engine.qualia_particle_engine - WARNING - Cannot compute: buffers not initialized or shader missing
2025-09-29 16:24:39,822 - backend.engine.qualia_particle_engine - WARNING - Cannot compute: buffers not initialized or shader missing
2025-09-29 16:24:39,839 - backend.engine.qualia_particle_engine - WARNING - Cannot compute: buffers not initialized or shader missing
2025-09-29 16:24:39,855 - backend.engine.qualia_particle_engine - WARNING - Cannot compute: buffers not initialized or shader missing
2025-09-29 16:24:39,872 - backend.engine.qualia_particle_engine - WARNING - Cannot compute: buffers not initialized or shader missing
2025-09-29 16:24:39,888 - backend.engine.qualia_particle_engine - WARNING - Cannot compute: buffers not initialized or shader missing
2025-09-29 16:24:39,905 - backend.engine.qualia_particle_engine - WARNING - Cannot compute: buffers not initialized or shader missing
2025-09-29 16:24:39,921 - backend.engine.qualia_particle_engine - WARNING - Cannot compute: buffers not initialized or shader missing
2025-09-29 16:24:39,937 - backend.engine.qualia_particle_engine - WARNING - Cannot compute: buffers not initialized or shader missing
2025-09-29 16:24:39,954 - backend.engine.qualia_particle_engine - WARNING - Cannot compute: buffers not initialized or shader missing
2025-09-29 16:24:39,970 - backend.engine.qualia_particle_engine - WARNING - Cannot compute: buffers not initialized or shader missing
2025-09-29 16:24:39,987 - backend.engine.qualia_particle_engine - WARNING - Cannot compute: buffers not initialized or shader missing
2025-09-29 16:24:40,003 - backend.engine.qualia_particle_engine - WARNING - Cannot compute: buffers not initialized or shader missing
2025-09-29 16:24:40,020 - backend.engine.qualia_particle_engine - WARNING - Cannot compute: buffers not initialized or shader missing
2025-09-29 16:24:40,036 - backend.engine.qualia_particle_engine - WARNING - Cannot compute: buffers not initialized or shader missing
2025-09-29 16:24:40,052 - backend.engine.qualia_particle_engine - WARNING - Cannot compute: buffers not initialized or shader missing
2025-09-29 16:24:40,069 - backend.engine.qualia_particle_engine - WARNING - Cannot compute: buffers not initialized or shader missing
2025-09-29 16:24:40,085 - backend.engine.qualia_particle_engine - WARNING - Cannot compute: buffers not initialized or shader missing
2025-09-29 16:24:40,101 - backend.engine.qualia_particle_engine - WARNING - Cannot compute: buffers not initialized or shader missing
2025-09-29 16:24:40,117 - backend.engine.qualia_particle_engine - WARNING - Cannot compute: buffers not initialized or shader missing
2025-09-29 16:24:40,134 - backend.engine.qualia_particle_engine - WARNING - Cannot compute: buffers not initialized or shader missing
2025-09-29 16:24:40,150 - backend.engine.qualia_particle_engine - WARNING - Cannot compute: buffers not initialized or shader missing
2025-09-29 16:24:40,167 - backend.engine.qualia_particle_engine - WARNING - Cannot compute: buffers not initialized or shader missing
2025-09-29 16:24:40,183 - backend.engine.qualia_particle_engine - WARNING - Cannot compute: buffers not initialized or shader missing
2025-09-29 16:24:40,200 - backend.engine.qualia_particle_engine - WARNING - Cannot compute: buffers not initialized or shader missing
2025-09-29 16:24:40,216 - backend.engine.qualia_particle_engine - WARNING - Cannot compute: buffers not initialized or shader missing
2025-09-29 16:24:40,233 - backend.engine.qualia_particle_engine - WARNING - Cannot compute: buffers not initialized or shader missing
2025-09-29 16:24:40,249 - backend.engine.qualia_particle_engine - WARNING - Cannot compute: buffers not initialized or shader missing
2025-09-29 16:24:40,265 - backend.engine.qualia_particle_engine - WARNING - Cannot compute: buffers not initialized or shader missing
2025-09-29 16:24:40,282 - backend.engine.qualia_particle_engine - WARNING - Cannot compute: buffers not initialized or shader missing
2025-09-29 16:24:40,298 - backend.engine.qualia_particle_engine - WARNING - Cannot compute: buffers not initialized or shader missing
2025-09-29 16:24:40,315 - backend.engine.qualia_particle_engine - WARNING - Cannot compute: buffers not initialized or shader missing
2025-09-29 16:24:40,331 - backend.engine.qualia_particle_engine - WARNING - Cannot compute: buffers not initialized or shader missing
2025-09-29 16:24:40,348 - backend.engine.qualia_particle_engine - WARNING - Cannot compute: buffers not initialized or shader missing
2025-09-29 16:24:40,364 - backend.engine.qualia_particle_engine - WARNING - Cannot compute: buffers not initialized or shader missing
2025-09-29 16:24:40,381 - backend.engine.qualia_particle_engine - WARNING - Cannot compute: buffers not initialized or shader missing
2025-09-29 16:24:40,397 - backend.engine.qualia_particle_engine - WARNING - Cannot compute: buffers not initialized or shader missing
2025-09-29 16:24:40,415 - backend.engine.qualia_particle_engine - WARNING - Cannot compute: buffers not initialized or shader missing
2025-09-29 16:24:40,431 - backend.engine.qualia_particle_engine - WARNING - Cannot compute: buffers not initialized or shader missing
2025-09-29 16:24:40,449 - backend.engine.qualia_particle_engine - WARNING - Cannot compute: buffers not initialized or shader missing
2025-09-29 16:24:40,465 - backend.engine.qualia_particle_engine - WARNING - Cannot compute: buffers not initialized or shader missing
2025-09-29 16:24:40,481 - backend.engine.qualia_particle_engine - WARNING - Cannot compute: buffers not initialized or shader missing
2025-09-29 16:24:40,498 - backend.engine.qualia_particle_engine - WARNING - Cannot compute: buffers not initialized or shader missing
2025-09-29 16:24:40,514 - backend.engine.qualia_particle_engine - WARNING - Cannot compute: buffers not initialized or shader missing
2025-09-29 16:24:40,531 - backend.engine.qualia_particle_engine - WARNING - Cannot compute: buffers not initialized or shader missing
2025-09-29 16:24:40,547 - backend.engine.qualia_particle_engine - WARNING - Cannot compute: buffers not initialized or shader missing
2025-09-29 16:24:40,564 - backend.engine.qualia_particle_engine - WARNING - Cannot compute: buffers not initialized or shader missing
2025-09-29 16:24:40,580 - backend.engine.qualia_particle_engine - WARNING - Cannot compute: buffers not initialized or shader missing
2025-09-29 16:24:40,597 - backend.engine.qualia_particle_engine - WARNING - Cannot compute: buffers not initialized or shader missing
2025-09-29 16:24:40,613 - backend.engine.qualia_particle_engine - WARNING - Cannot compute: buffers not initialized or shader missing
2025-09-29 16:24:40,629 - backend.engine.qualia_particle_engine - WARNING - Cannot compute: buffers not initialized or shader missing
2025-09-29 16:24:40,646 - backend.engine.qualia_particle_engine - WARNING - Cannot compute: buffers not initialized or shader missing
2025-09-29 16:24:40,662 - backend.engine.qualia_particle_engine - WARNING - Cannot compute: buffers not initialized or shader missing
2025-09-29 16:24:40,679 - backend.engine.qualia_particle_engine - WARNING - Cannot compute: buffers not initialized or shader missing
2025-09-29 16:24:40,695 - backend.engine.qualia_particle_engine - WARNING - Cannot compute: buffers not initialized or shader missing
2025-09-29 16:24:40,712 - backend.engine.qualia_particle_engine - WARNING - Cannot compute: buffers not initialized or shader missing
2025-09-29 16:24:40,728 - backend.engine.qualia_particle_engine - WARNING - Cannot compute: buffers not initialized or shader missing
2025-09-29 16:24:40,745 - backend.engine.qualia_particle_engine - WARNING - Cannot compute: buffers not initialized or shader missing
2025-09-29 16:24:40,761 - backend.engine.qualia_particle_engine - WARNING - Cannot compute: buffers not initialized or shader missing
2025-09-29 16:24:40,777 - backend.engine.qualia_particle_engine - WARNING - Cannot compute: buffers not initialized or shader missing
2025-09-29 16:24:40,794 - backend.engine.qualia_particle_engine - WARNING - Cannot compute: buffers not initialized or shader missing
2025-09-29 16:24:40,811 - backend.engine.qualia_particle_engine - WARNING - Cannot compute: buffers not initialized or shader missing
2025-09-29 16:24:40,827 - backend.engine.qualia_particle_engine - WARNING - Cannot compute: buffers not initialized or shader missing
2025-09-29 16:24:40,845 - backend.engine.qualia_particle_engine - WARNING - Cannot compute: buffers not initialized or shader missing
2025-09-29 16:24:40,861 - backend.engine.qualia_particle_engine - WARNING - Cannot compute: buffers not initialized or shader missing
2025-09-29 16:24:40,877 - backend.engine.qualia_particle_engine - WARNING - Cannot compute: buffers not initialized or shader missing
2025-09-29 16:24:40,894 - backend.engine.qualia_particle_engine - WARNING - Cannot compute: buffers not initialized or shader missing
2025-09-29 16:24:40,910 - backend.engine.qualia_particle_engine - WARNING - Cannot compute: buffers not initialized or shader missing
2025-09-29 16:24:40,927 - backend.engine.qualia_particle_engine - WARNING - Cannot compute: buffers not initialized or shader missing
2025-09-29 16:24:40,943 - backend.engine.qualia_particle_engine - WARNING - Cannot compute: buffers not initialized or shader missing
2025-09-29 16:24:40,960 - backend.engine.qualia_particle_engine - WARNING - Cannot compute: buffers not initialized or shader missing
2025-09-29 16:24:40,976 - backend.engine.qualia_particle_engine - WARNING - Cannot compute: buffers not initialized or shader missing
2025-09-29 16:24:40,993 - backend.engine.qualia_particle_engine - WARNING - Cannot compute: buffers not initialized or shader missing
2025-09-29 16:24:41,009 - backend.engine.qualia_particle_engine - WARNING - Cannot compute: buffers not initialized or shader missing
2025-09-29 16:24:41,026 - backend.engine.qualia_particle_engine - WARNING - Cannot compute: buffers not initialized or shader missing
2025-09-29 16:24:41,042 - backend.engine.qualia_particle_engine - WARNING - Cannot compute: buffers not initialized or shader missing
2025-09-29 16:24:41,058 - backend.engine.qualia_particle_engine - WARNING - Cannot compute: buffers not initialized or shader missing
2025-09-29 16:24:41,074 - backend.engine.qualia_particle_engine - WARNING - Cannot compute: buffers not initialized or shader missing
2025-09-29 16:24:41,090 - backend.engine.qualia_particle_engine - WARNING - Cannot compute: buffers not initialized or shader missing
2025-09-29 16:24:41,107 - backend.engine.qualia_particle_engine - WARNING - Cannot compute: buffers not initialized or shader missing
2025-09-29 16:24:41,123 - backend.engine.qualia_particle_engine - WARNING - Cannot compute: buffers not initialized or shader missing
2025-09-29 16:24:41,139 - backend.engine.qualia_particle_engine - WARNING - Cannot compute: buffers not initialized or shader missing
2025-09-29 16:24:41,156 - backend.engine.qualia_particle_engine - WARNING - Cannot compute: buffers not initialized or shader missing
2025-09-29 16:24:41,172 - backend.engine.qualia_particle_engine - WARNING - Cannot compute: buffers not initialized or shader missing
2025-09-29 16:24:41,189 - backend.engine.qualia_particle_engine - WARNING - Cannot compute: buffers not initialized or shader missing
2025-09-29 16:24:41,205 - backend.engine.qualia_particle_engine - WARNING - Cannot compute: buffers not initialized or shader missing
2025-09-29 16:24:41,222 - backend.engine.qualia_particle_engine - WARNING - Cannot compute: buffers not initialized or shader missing
2025-09-29 16:24:41,238 - backend.engine.qualia_particle_engine - WARNING - Cannot compute: buffers not initialized or shader missing
2025-09-29 16:24:41,254 - backend.engine.qualia_particle_engine - WARNING - Cannot compute: buffers not initialized or shader missing
2025-09-29 16:24:41,271 - backend.engine.qualia_particle_engine - WARNING - Cannot compute: buffers not initialized or shader missing
2025-09-29 16:24:41,287 - backend.engine.qualia_particle_engine - WARNING - Cannot compute: buffers not initialized or shader missing
2025-09-29 16:24:41,303 - backend.engine.qualia_particle_engine - WARNING - Cannot compute: buffers not initialized or shader missing
2025-09-29 16:24:41,319 - backend.engine.qualia_particle_engine - WARNING - Cannot compute: buffers not initialized or shader missing
2025-09-29 16:24:41,336 - backend.engine.qualia_particle_engine - WARNING - Cannot compute: buffers not initialized or shader missing
2025-09-29 16:24:41,352 - backend.engine.qualia_particle_engine - WARNING - Cannot compute: buffers not initialized or shader missing
2025-09-29 16:24:41,369 - backend.engine.qualia_particle_engine - WARNING - Cannot compute: buffers not initialized or shader missing
2025-09-29 16:24:41,385 - backend.engine.qualia_particle_engine - WARNING - Cannot compute: buffers not initialized or shader missing
2025-09-29 16:24:41,402 - backend.engine.qualia_particle_engine - WARNING - Cannot compute: buffers not initialized or shader missing
2025-09-29 16:24:41,418 - backend.engine.qualia_particle_engine - WARNING - Cannot compute: buffers not initialized or shader missing
2025-09-29 16:24:41,435 - backend.engine.qualia_particle_engine - WARNING - Cannot compute: buffers not initialized or shader missing
2025-09-29 16:24:41,451 - backend.engine.qualia_particle_engine - WARNING - Cannot compute: buffers not initialized or shader missing
2025-09-29 16:24:41,469 - backend.engine.qualia_particle_engine - WARNING - Cannot compute: buffers not initialized or shader missing
2025-09-29 16:24:41,485 - backend.engine.qualia_particle_engine - WARNING - Cannot compute: buffers not initialized or shader missing
2025-09-29 16:24:41,502 - backend.engine.qualia_particle_engine - WARNING - Cannot compute: buffers not initialized or shader missing
2025-09-29 16:24:41,518 - backend.engine.qualia_particle_engine - WARNING - Cannot compute: buffers not initialized or shader missing
2025-09-29 16:24:41,535 - backend.engine.qualia_particle_engine - WARNING - Cannot compute: buffers not initialized or shader missing
2025-09-29 16:24:41,551 - backend.engine.qualia_particle_engine - WARNING - Cannot compute: buffers not initialized or shader missing
2025-09-29 16:24:41,567 - backend.engine.qualia_particle_engine - WARNING - Cannot compute: buffers not initialized or shader missing
2025-09-29 16:24:41,584 - backend.engine.qualia_particle_engine - WARNING - Cannot compute: buffers not initialized or shader missing
2025-09-29 16:24:41,600 - backend.engine.qualia_particle_engine - WARNING - Cannot compute: buffers not initialized or shader missing
2025-09-29 16:24:41,617 - backend.engine.qualia_particle_engine - WARNING - Cannot compute: buffers not initialized or shader missing
2025-09-29 16:24:41,633 - backend.engine.qualia_particle_engine - WARNING - Cannot compute: buffers not initialized or shader missing
2025-09-29 16:24:41,650 - backend.engine.qualia_particle_engine - WARNING - Cannot compute: buffers not initialized or shader missing
2025-09-29 16:24:41,666 - backend.engine.qualia_particle_engine - WARNING - Cannot compute: buffers not initialized or shader missing
2025-09-29 16:24:41,682 - backend.engine.qualia_particle_engine - WARNING - Cannot compute: buffers not initialized or shader missing
2025-09-29 16:24:41,699 - backend.engine.qualia_particle_engine - WARNING - Cannot compute: buffers not initialized or shader missing
2025-09-29 16:24:41,716 - backend.engine.qualia_particle_engine - WARNING - Cannot compute: buffers not initialized or shader missing
2025-09-29 16:24:41,732 - backend.engine.qualia_particle_engine - WARNING - Cannot compute: buffers not initialized or shader missing
2025-09-29 16:24:41,748 - backend.engine.qualia_particle_engine - WARNING - Cannot compute: buffers not initialized or shader missing
2025-09-29 16:24:41,765 - backend.engine.qualia_particle_engine - WARNING - Cannot compute: buffers not initialized or shader missing
2025-09-29 16:24:41,781 - backend.engine.qualia_particle_engine - WARNING - Cannot compute: buffers not initialized or shader missing
2025-09-29 16:24:41,798 - backend.engine.qualia_particle_engine - WARNING - Cannot compute: buffers not initialized or shader missing
2025-09-29 16:24:41,814 - backend.engine.qualia_particle_engine - WARNING - Cannot compute: buffers not initialized or shader missing
2025-09-29 16:24:41,831 - backend.engine.qualia_particle_engine - WARNING - Cannot compute: buffers not initialized or shader missing
2025-09-29 16:24:41,847 - backend.engine.qualia_particle_engine - WARNING - Cannot compute: buffers not initialized or shader missing
2025-09-29 16:24:41,865 - backend.engine.qualia_particle_engine - WARNING - Cannot compute: buffers not initialized or shader missing
2025-09-29 16:24:41,881 - backend.engine.qualia_particle_engine - WARNING - Cannot compute: buffers not initialized or shader missing
2025-09-29 16:24:41,898 - backend.engine.qualia_particle_engine - WARNING - Cannot compute: buffers not initialized or shader missing
2025-09-29 16:24:41,914 - backend.engine.qualia_particle_engine - WARNING - Cannot compute: buffers not initialized or shader missing
2025-09-29 16:24:41,931 - backend.engine.qualia_particle_engine - WARNING - Cannot compute: buffers not initialized or shader missing
2025-09-29 16:24:41,947 - backend.engine.qualia_particle_engine - WARNING - Cannot compute: buffers not initialized or shader missing
2025-09-29 16:24:41,965 - backend.engine.qualia_particle_engine - WARNING - Cannot compute: buffers not initialized or shader missing
2025-09-29 16:24:41,981 - backend.engine.qualia_particle_engine - WARNING - Cannot compute: buffers not initialized or shader missing
2025-09-29 16:24:41,998 - backend.engine.qualia_particle_engine - WARNING - Cannot compute: buffers not initialized or shader missing
2025-09-29 16:24:42,014 - backend.engine.qualia_particle_engine - WARNING - Cannot compute: buffers not initialized or shader missing
2025-09-29 16:24:42,030 - backend.engine.qualia_particle_engine - WARNING - Cannot compute: buffers not initialized or shader missing
2025-09-29 16:24:42,047 - backend.engine.qualia_particle_engine - WARNING - Cannot compute: buffers not initialized or shader missing
2025-09-29 16:24:42,063 - backend.engine.qualia_particle_engine - WARNING - Cannot compute: buffers not initialized or shader missing
2025-09-29 16:24:42,080 - backend.engine.qualia_particle_engine - WARNING - Cannot compute: buffers not initialized or shader missing
2025-09-29 16:24:42,096 - backend.engine.qualia_particle_engine - WARNING - Cannot compute: buffers not initialized or shader missing
2025-09-29 16:24:42,113 - backend.engine.qualia_particle_engine - WARNING - Cannot compute: buffers not initialized or shader missing
2025-09-29 16:24:42,129 - backend.engine.qualia_particle_engine - WARNING - Cannot compute: buffers not initialized or shader missing
2025-09-29 16:24:42,146 - backend.engine.qualia_particle_engine - WARNING - Cannot compute: buffers not initialized or shader missing
2025-09-29 16:24:42,162 - backend.engine.qualia_particle_engine - WARNING - Cannot compute: buffers not initialized or shader missing
2025-09-29 16:24:42,178 - backend.engine.qualia_particle_engine - WARNING - Cannot compute: buffers not initialized or shader missing
2025-09-29 16:24:42,195 - backend.engine.qualia_particle_engine - WARNING - Cannot compute: buffers not initialized or shader missing
2025-09-29 16:24:42,211 - backend.engine.qualia_particle_engine - WARNING - Cannot compute: buffers not initialized or shader missing
2025-09-29 16:24:42,228 - backend.engine.qualia_particle_engine - WARNING - Cannot compute: buffers not initialized or shader missing
2025-09-29 16:24:42,244 - backend.engine.qualia_particle_engine - WARNING - Cannot compute: buffers not initialized or shader missing
2025-09-29 16:24:42,261 - backend.engine.qualia_particle_engine - WARNING - Cannot compute: buffers not initialized or shader missing
2025-09-29 16:24:42,277 - backend.engine.qualia_particle_engine - WARNING - Cannot compute: buffers not initialized or shader missing
2025-09-29 16:24:42,294 - backend.engine.qualia_particle_engine - WARNING - Cannot compute: buffers not initialized or shader missing
2025-09-29 16:24:42,310 - backend.engine.qualia_particle_engine - WARNING - Cannot compute: buffers not initialized or shader missing
2025-09-29 16:24:42,326 - backend.engine.qualia_particle_engine - WARNING - Cannot compute: buffers not initialized or shader missing
2025-09-29 16:24:42,343 - backend.engine.qualia_particle_engine - WARNING - Cannot compute: buffers not initialized or shader missing
2025-09-29 16:24:42,359 - backend.engine.qualia_particle_engine - WARNING - Cannot compute: buffers not initialized or shader missing
2025-09-29 16:24:42,376 - backend.engine.qualia_particle_engine - WARNING - Cannot compute: buffers not initialized or shader missing
2025-09-29 16:24:42,392 - backend.engine.qualia_particle_engine - WARNING - Cannot compute: buffers not initialized or shader missing
2025-09-29 16:24:42,409 - backend.engine.qualia_particle_engine - WARNING - Cannot compute: buffers not initialized or shader missing
2025-09-29 16:24:42,425 - backend.engine.qualia_particle_engine - WARNING - Cannot compute: buffers not initialized or shader missing
2025-09-29 16:24:42,442 - backend.engine.qualia_particle_engine - WARNING - Cannot compute: buffers not initialized or shader missing
2025-09-29 16:24:42,458 - backend.engine.qualia_particle_engine - WARNING - Cannot compute: buffers not initialized or shader missing
2025-09-29 16:24:42,474 - backend.engine.qualia_particle_engine - WARNING - Cannot compute: buffers not initialized or shader missing
2025-09-29 16:24:42,491 - backend.engine.qualia_particle_engine - WARNING - Cannot compute: buffers not initialized or shader missing
2025-09-29 16:24:42,507 - backend.engine.qualia_particle_engine - WARNING - Cannot compute: buffers not initialized or shader missing
2025-09-29 16:24:42,524 - backend.engine.qualia_particle_engine - WARNING - Cannot compute: buffers not initialized or shader missing
2025-09-29 16:24:42,540 - backend.engine.qualia_particle_engine - WARNING - Cannot compute: buffers not initialized or shader missing
2025-09-29 16:24:42,557 - backend.engine.qualia_particle_engine - WARNING - Cannot compute: buffers not initialized or shader missing
2025-09-29 16:24:42,573 - backend.engine.qualia_particle_engine - WARNING - Cannot compute: buffers not initialized or shader missing
2025-09-29 16:24:42,589 - backend.engine.qualia_particle_engine - WARNING - Cannot compute: buffers not initialized or shader missing
2025-09-29 16:24:42,605 - backend.engine.qualia_particle_engine - WARNING - Cannot compute: buffers not initialized or shader missing
2025-09-29 16:24:42,623 - backend.engine.qualia_particle_engine - WARNING - Cannot compute: buffers not initialized or shader missing
2025-09-29 16:24:42,639 - backend.engine.qualia_particle_engine - WARNING - Cannot compute: buffers not initialized or shader missing
2025-09-29 16:24:42,657 - backend.engine.qualia_particle_engine - WARNING - Cannot compute: buffers not initialized or shader missing
2025-09-29 16:24:42,673 - backend.engine.qualia_particle_engine - WARNING - Cannot compute: buffers not initialized or shader missing
2025-09-29 16:24:42,689 - backend.engine.qualia_particle_engine - WARNING - Cannot compute: buffers not initialized or shader missing
2025-09-29 16:24:42,706 - backend.engine.qualia_particle_engine - WARNING - Cannot compute: buffers not initialized or shader missing
2025-09-29 16:24:42,723 - backend.engine.qualia_particle_engine - WARNING - Cannot compute: buffers not initialized or shader missing
2025-09-29 16:24:42,739 - backend.engine.qualia_particle_engine - WARNING - Cannot compute: buffers not initialized or shader missing
2025-09-29 16:24:42,757 - backend.engine.qualia_particle_engine - WARNING - Cannot compute: buffers not initialized or shader missing
2025-09-29 16:24:42,773 - backend.engine.qualia_particle_engine - WARNING - Cannot compute: buffers not initialized or shader missing
2025-09-29 16:24:42,789 - backend.engine.qualia_particle_engine - WARNING - Cannot compute: buffers not initialized or shader missing
2025-09-29 16:24:42,805 - backend.engine.qualia_particle_engine - WARNING - Cannot compute: buffers not initialized or shader missing
2025-09-29 16:24:42,822 - backend.engine.qualia_particle_engine - WARNING - Cannot compute: buffers not initialized or shader missing
2025-09-29 16:24:42,839 - backend.engine.qualia_particle_engine - WARNING - Cannot compute: buffers not initialized or shader missing
2025-09-29 16:24:42,856 - backend.engine.qualia_particle_engine - WARNING - Cannot compute: buffers not initialized or shader missing
2025-09-29 16:24:42,873 - backend.engine.qualia_particle_engine - WARNING - Cannot compute: buffers not initialized or shader missing
2025-09-29 16:24:42,889 - backend.engine.qualia_particle_engine - WARNING - Cannot compute: buffers not initialized or shader missing
2025-09-29 16:24:42,905 - backend.engine.qualia_particle_engine - WARNING - Cannot compute: buffers not initialized or shader missing
2025-09-29 16:24:42,921 - backend.engine.qualia_particle_engine - WARNING - Cannot compute: buffers not initialized or shader missing
2025-09-29 16:24:42,938 - backend.engine.qualia_particle_engine - WARNING - Cannot compute: buffers not initialized or shader missing
2025-09-29 16:24:42,954 - backend.engine.qualia_particle_engine - WARNING - Cannot compute: buffers not initialized or shader missing
2025-09-29 16:24:42,971 - backend.engine.qualia_particle_engine - WARNING - Cannot compute: buffers not initialized or shader missing
2025-09-29 16:24:42,987 - backend.engine.qualia_particle_engine - WARNING - Cannot compute: buffers not initialized or shader missing
2025-09-29 16:24:43,004 - backend.engine.qualia_particle_engine - WARNING - Cannot compute: buffers not initialized or shader missing
2025-09-29 16:24:43,020 - backend.engine.qualia_particle_engine - WARNING - Cannot compute: buffers not initialized or shader missing
2025-09-29 16:24:43,036 - backend.engine.qualia_particle_engine - WARNING - Cannot compute: buffers not initialized or shader missing
2025-09-29 16:24:43,053 - backend.engine.qualia_particle_engine - WARNING - Cannot compute: buffers not initialized or shader missing
2025-09-29 16:24:43,069 - backend.engine.qualia_particle_engine - WARNING - Cannot compute: buffers not initialized or shader missing
2025-09-29 16:24:43,087 - backend.engine.qualia_particle_engine - WARNING - Cannot compute: buffers not initialized or shader missing
INFO:     Shutting down
2025-09-29 16:24:43,104 - backend.engine.qualia_particle_engine - WARNING - Cannot compute: buffers not initialized or shader missing
2025-09-29 16:24:43,120 - backend.engine.qualia_particle_engine - WARNING - Cannot compute: buffers not initialized or shader missing
2025-09-29 16:24:43,137 - backend.engine.qualia_particle_engine - WARNING - Cannot compute: buffers not initialized or shader missing
2025-09-29 16:24:43,153 - backend.engine.qualia_particle_engine - WARNING - Cannot compute: buffers not initialized or shader missing
2025-09-29 16:24:43,169 - backend.engine.qualia_particle_engine - WARNING - Cannot compute: buffers not initialized or shader missing
2025-09-29 16:24:43,186 - backend.engine.qualia_particle_engine - WARNING - Cannot compute: buffers not initialized or shader missing
INFO:     Waiting for application shutdown.
2025-09-29 16:24:43,195 - backend.api.routes - INFO - 🚨 Shutting down QUALIA.CODE services...
2025-09-29 16:24:43,196 - backend.CompositionRoot - INFO - → ENTER backend.CompositionRoot.CompositionRoot.shutdown
2025-09-29 16:24:43,196 - backend.CompositionRoot - INFO - ← EXIT backend.CompositionRoot.CompositionRoot.shutdown (⏱️ 0.000s)
2025-09-29 16:24:43,196 - backend.CompositionRoot - INFO - 🔌 Gracefully shutting down QUALIA.CODE services...
2025-09-29 16:24:43,196 - backend.CompositionRoot - INFO - 🛑 Shutting down rendering_service...
2025-09-29 16:24:43,196 - backend.services.RenderingService - INFO - → ENTER backend.services.RenderingService.RenderingService.shutdown
2025-09-29 16:24:43,196 - backend.services.RenderingService - INFO - RenderingService shutdown complete
2025-09-29 16:24:43,196 - backend.services.RenderingService - INFO - ← EXIT backend.services.RenderingService.RenderingService.shutdown (⏱️ 0.000s)
2025-09-29 16:24:43,196 - backend.CompositionRoot - CRITICAL - ✅ rendering_service TERMINATED.
2025-09-29 16:24:43,197 - backend.CompositionRoot - INFO - 🛑 Shutting down streaming_web_service...
2025-09-29 16:24:43,197 - backend.services.StreamingWebService - INFO - → ENTER backend.services.StreamingWebService.StreamingWebService.shutdown
2025-09-29 16:24:43,197 - backend.services.StreamingWebService - INFO - ← EXIT backend.services.StreamingWebService.StreamingWebService.shutdown (⏱️ 0.000s)
2025-09-29 16:24:43,197 - backend.services.StreamingWebService - INFO - Shutting down StreamingWebService...
2025-09-29 16:24:43,197 - backend.services.StreamingWebService - INFO - → ENTER backend.services.StreamingWebService.StreamingWebService._stop_streaming
2025-09-29 16:24:43,197 - backend.services.StreamingWebService - INFO - ← EXIT backend.services.StreamingWebService.StreamingWebService._stop_streaming (⏱️ 0.000s)
2025-09-29 16:24:43,197 - backend.services.StreamingWebService - INFO - Streaming is already stopped.
2025-09-29 16:24:43,197 - backend.services.StreamingWebService - INFO - ✅ StreamingWebService shutdown complete.
2025-09-29 16:24:43,197 - backend.CompositionRoot - CRITICAL - ✅ streaming_web_service TERMINATED.
2025-09-29 16:24:43,197 - backend.CompositionRoot - INFO - 🛑 Shutting down qualia_processor...
2025-09-29 16:24:43,198 - backend.services.QualiaProcessor - INFO - 🛑 Shutting down QualiaProcessor...
2025-09-29 16:24:43,198 - backend.CompositionRoot - CRITICAL - ✅ qualia_processor TERMINATED.
2025-09-29 16:24:43,198 - backend.CompositionRoot - INFO - 🛑 Shutting down particle_system...
2025-09-29 16:24:43,198 - backend.engine.qualia_particle_engine - INFO - → ENTER backend.engine.qualia_particle_engine.QualiaParticleEngine.shutdown
2025-09-29 16:24:43,198 - backend.engine.qualia_particle_engine - INFO - ← EXIT backend.engine.qualia_particle_engine.QualiaParticleEngine.shutdown (⏱️ 0.000s)
2025-09-29 16:24:43,198 - backend.engine.qualia_particle_engine - INFO - → ENTER backend.engine.qualia_particle_engine.QualiaParticleEngine._stop_autonomous_simulation
2025-09-29 16:24:43,199 - backend.engine.qualia_particle_engine - INFO - ← EXIT backend.engine.qualia_particle_engine.QualiaParticleEngine._stop_autonomous_simulation (⏱️ 0.000s)
2025-09-29 16:24:43,199 - backend.engine.qualia_particle_engine - INFO - 🛑 Autonomous simulation loop cancelled
2025-09-29 16:24:43,199 - backend.engine.qualia_particle_engine - INFO - 🛑 Autonomous simulation loop terminated
2025-09-29 16:24:43,199 - backend.engine.qualia_particle_engine - INFO - ✅ Autonomous simulation loop cancelled
2025-09-29 16:24:43,199 - backend.engine.qualia_particle_engine - INFO - ✅ QualiaParticleEngine shutdown complete
2025-09-29 16:24:43,199 - backend.CompositionRoot - CRITICAL - ✅ particle_system TERMINATED.
2025-09-29 16:24:43,199 - backend.CompositionRoot - CRITICAL - 💀 ALL SERVICES TERMINATED. CompositionRoot shutdown is complete.
2025-09-29 16:24:43,200 - backend.api.routes - INFO - ✅ All services terminated gracefully.
INFO:     Application shutdown complete.
INFO:     Finished server process [284105]
